datetime,open,high,low,close,volume
2026-03-12T02:30:00+00:00,1.35488,1.3555800000000002,1.3545300000000002,1.3551900000000001,4018
2026-03-12T03:00:00+00:00,1.3551900000000001,1.35552,1.35508,1.35515,2804
2026-03-12T03:30:00+00:00,1.35515,1.35532,1.3550700000000002,1.35528,1888
2026-03-12T04:00:00+00:00,1.35528,1.3554700000000002,1.3550200000000001,1.35512,2172
2026-03-12T04:30:00+00:00,1.35512,1.3556800000000002,1.35512,1.35556,2003
2026-03-12T05:00:00+00:00,1.35556,1.3557100000000002,1.35508,1.3551000000000002,4150
2026-03-12T05:30:00+00:00,1.3551000000000002,1.3557800000000002,1.3549900000000001,1.35569,2481
2026-03-12T06:00:00+00:00,1.35569,1.3557100000000002,1.35478,1.3550300000000002,3621
2026-03-12T06:30:00+00:00,1.3550300000000002,1.35521,1.3547000000000002,1.3550400000000002,2281
2026-03-12T07:00:00+00:00,1.3550400000000002,1.35512,1.35454,1.3548600000000002,3168
2026-03-12T07:30:00+00:00,1.3548600000000002,1.3555100000000002,1.3548200000000001,1.3550200000000001,3755
2026-03-12T08:00:00+00:00,1.3550200000000001,1.3550400000000002,1.35403,1.35464,5247
2026-03-12T08:30:00+00:00,1.35464,1.3553300000000001,1.35447,1.35511,3836
2026-03-12T09:00:00+00:00,1.35511,1.3553600000000001,1.35491,1.3550200000000001,4876
2026-03-12T09:30:00+00:00,1.3550200000000001,1.3551700000000002,1.3547300000000002,1.35495,4054
2026-03-12T10:00:00+00:00,1.35495,1.3556100000000002,1.3549200000000001,1.3554400000000002,3223
2026-03-12T10:30:00+00:00,1.3554400000000002,1.3557000000000001,1.35515,1.3555400000000002,3769
2026-03-12T11:00:00+00:00,1.3555400000000002,1.35559,1.3551400000000002,1.3553100000000002,3611
2026-03-12T11:30:00+00:00,1.3553100000000002,1.35589,1.3550200000000001,1.3555700000000002,3942
2026-03-12T12:00:00+00:00,1.3555700000000002,1.3568000000000002,1.3555000000000001,1.3563600000000002,5383
2026-03-12T12:30:00+00:00,1.3563600000000002,1.35674,1.3562200000000002,1.35644,4343
2026-03-12T13:00:00+00:00,1.35644,1.35712,1.3558100000000002,1.3568200000000001,7365
2026-03-12T13:30:00+00:00,1.3568200000000001,1.3575000000000002,1.3565900000000002,1.35718,10894
2026-03-12T14:00:00+00:00,1.35718,1.3575300000000001,1.3566500000000001,1.3570300000000002,9389
2026-03-12T14:30:00+00:00,1.3570300000000002,1.3578400000000002,1.35613,1.35759,10638
2026-03-12T15:00:00+00:00,1.35759,1.3597500000000002,1.3574100000000002,1.3583600000000002,10409
2026-03-12T15:30:00+00:00,1.3583600000000002,1.3589300000000002,1.35769,1.3582900000000002,13395
2026-03-12T16:00:00+00:00,1.3582900000000002,1.35932,1.35749,1.3585500000000001,9935
2026-03-12T16:30:00+00:00,1.3585500000000001,1.3594800000000002,1.3581900000000002,1.3591700000000002,8119
2026-03-12T17:00:00+00:00,1.3591700000000002,1.3593100000000002,1.3583,1.35921,7639
2026-03-12T17:30:00+00:00,1.35921,1.3595800000000002,1.3587900000000002,1.3589300000000002,6413
2026-03-12T18:00:00+00:00,1.3589300000000002,1.35918,1.35857,1.3588000000000002,5806
2026-03-12T18:30:00+00:00,1.3588000000000002,1.3588700000000002,1.3582500000000002,1.3586200000000002,4343
2026-03-12T19:00:00+00:00,1.3586200000000002,1.3589600000000002,1.35844,1.35867,4644
2026-03-12T19:30:00+00:00,1.35867,1.3593300000000001,1.3584900000000002,1.35928,3734
2026-03-12T20:00:00+00:00,1.35928,1.3602200000000002,1.3589700000000002,1.3601100000000002,3178
2026-03-12T20:30:00+00:00,1.3601100000000002,1.36061,1.3596000000000001,1.36013,3025
2026-03-12T21:00:00+00:00,1.36013,1.36076,1.3594900000000003,1.3594900000000003,226.92974593007298
2026-03-12T21:30:00+00:00,1.3594900000000003,1.3595700000000006,1.3588900000000004,1.3594300000000004,548.6065351467807
2026-03-12T22:00:00+00:00,1.3594300000000004,1.3604700000000003,1.3594200000000003,1.3600900000000005,750
2026-03-12T22:30:00+00:00,1.3600900000000005,1.3600900000000005,1.3594000000000004,1.3594700000000004,628
2026-03-12T23:00:00+00:00,1.3594700000000004,1.3595900000000003,1.3591700000000004,1.3594200000000003,1292
2026-03-12T23:30:00+00:00,1.3594200000000003,1.3595200000000003,1.3588600000000004,1.3591800000000003,1726
2026-03-13T00:00:00+00:00,1.3591800000000003,1.3591800000000003,1.3581600000000005,1.3582400000000003,4268
2026-03-13T00:30:00+00:00,1.3582400000000003,1.3586200000000004,1.3581600000000005,1.3585000000000005,2966
2026-03-13T01:00:00+00:00,1.3585000000000005,1.3585700000000003,1.3579900000000005,1.3583900000000004,3667
2026-03-13T01:30:00+00:00,1.3583900000000004,1.3592100000000005,1.3583300000000005,1.3590200000000003,3934
2026-03-13T02:00:00+00:00,1.3590200000000003,1.3591500000000003,1.3585000000000005,1.3591000000000004,5020
2026-03-13T02:30:00+00:00,1.3591000000000004,1.3598000000000003,1.3589300000000004,1.3595800000000005,2856
2026-03-13T03:00:00+00:00,1.3595800000000005,1.3598500000000004,1.3594200000000003,1.3597600000000003,3125
2026-03-13T03:30:00+00:00,1.3597600000000003,1.3601300000000003,1.3594700000000004,1.3597200000000005,2447
2026-03-13T04:00:00+00:00,1.3597200000000005,1.3603500000000004,1.3596800000000004,1.3603300000000005,1941
2026-03-13T04:30:00+00:00,1.3603300000000005,1.3605800000000003,1.3602600000000005,1.3603600000000005,1599
2026-03-13T05:00:00+00:00,1.3603600000000005,1.3605300000000005,1.3602600000000005,1.3604300000000005,2591
2026-03-13T05:30:00+00:00,1.3604300000000005,1.3606500000000004,1.3601900000000005,1.3605200000000004,1664
2026-03-13T06:00:00+00:00,1.3605200000000004,1.3609200000000004,1.3602400000000003,1.3608400000000005,2848
2026-03-13T06:30:00+00:00,1.3608400000000005,1.3613700000000004,1.3608300000000004,1.3611400000000005,2909
2026-03-13T07:00:00+00:00,1.3611400000000005,1.3624400000000003,1.3610100000000003,1.3617200000000005,5058
2026-03-13T07:30:00+00:00,1.3617200000000005,1.3624500000000004,1.3615300000000004,1.3619500000000004,4038
2026-03-13T08:00:00+00:00,1.3619500000000004,1.3626600000000004,1.3618800000000004,1.3625500000000004,6027
2026-03-13T08:30:00+00:00,1.3625500000000004,1.3630700000000004,1.3621000000000003,1.3622300000000005,4826
2026-03-13T09:00:00+00:00,1.3622300000000005,1.3627500000000003,1.3618900000000005,1.3622400000000003,4908
2026-03-13T09:30:00+00:00,1.3622400000000003,1.3629800000000003,1.3619500000000004,1.3628700000000005,4455
2026-03-13T10:00:00+00:00,1.3628700000000005,1.3637000000000004,1.3623300000000005,1.3634100000000005,5114
2026-03-13T10:30:00+00:00,1.3634100000000005,1.3638500000000005,1.3630300000000004,1.3636900000000003,6756
2026-03-13T11:00:00+00:00,1.3636900000000003,1.3642400000000003,1.3629400000000005,1.3630300000000004,5616
2026-03-13T11:30:00+00:00,1.3630300000000004,1.3635100000000004,1.3624300000000005,1.3624900000000004,4340
2026-03-13T12:00:00+00:00,1.3624900000000004,1.3629500000000003,1.3613100000000005,1.3613100000000005,5766
2026-03-13T12:30:00+00:00,1.3613100000000005,1.3662400000000003,1.3612100000000005,1.3661000000000003,11755
2026-03-13T13:00:00+00:00,1.3661000000000003,1.3674000000000004,1.3656300000000003,1.3657800000000004,10719
2026-03-13T13:30:00+00:00,1.3657800000000004,1.3661500000000004,1.3639500000000004,1.3644300000000005,8410
2026-03-13T14:00:00+00:00,1.3644300000000005,1.3654400000000004,1.3642000000000003,1.3652500000000003,8822
2026-03-13T14:30:00+00:00,1.3652500000000003,1.3673400000000004,1.3647800000000003,1.3672200000000003,9817
2026-03-13T15:00:00+00:00,1.3672200000000003,1.3694700000000004,1.3671100000000005,1.3687500000000004,10417
2026-03-13T15:30:00+00:00,1.3687500000000004,1.3695800000000005,1.3684100000000003,1.3695500000000005,10148
2026-03-13T16:00:00+00:00,1.3695500000000005,1.3700400000000004,1.3690600000000004,1.3699000000000003,7493
2026-03-13T16:30:00+00:00,1.3699000000000003,1.3699800000000004,1.3688300000000004,1.3692500000000003,7502
2026-03-13T17:00:00+00:00,1.3692500000000003,1.3697500000000005,1.3686300000000005,1.3687600000000004,6093
2026-03-13T17:30:00+00:00,1.3687600000000004,1.3697500000000005,1.3687500000000004,1.3691200000000003,6208
2026-03-13T18:00:00+00:00,1.3691200000000003,1.3693800000000005,1.3684000000000003,1.3684500000000004,5646
2026-03-13T18:30:00+00:00,1.3684500000000004,1.3684600000000005,1.3677300000000003,1.3681300000000003,5164
2026-03-13T19:00:00+00:00,1.3681300000000003,1.3692000000000004,1.3680400000000004,1.3691600000000004,3082
2026-03-13T19:30:00+00:00,1.3691600000000004,1.3691700000000004,1.3686400000000003,1.3687500000000004,2991
2026-03-13T20:00:00+00:00,1.3687500000000004,1.3692100000000005,1.3684400000000003,1.3685000000000005,5161
2026-03-13T20:30:00+00:00,1.3685000000000005,1.3692300000000004,1.3677000000000004,1.3677000000000004,2612.660792951542
2026-03-15T21:00:00+00:00,1.3677000000000004,1.3679600000000003,1.36726,1.36749,383.0549284300382
2026-03-15T21:30:00+00:00,1.36749,1.3685800000000001,1.36745,1.3681200000000002,1056.5467234029795
2026-03-15T22:00:00+00:00,1.3681200000000002,1.3685700000000003,1.3673400000000002,1.3677700000000002,1762
2026-03-15T22:30:00+00:00,1.3677700000000002,1.3679800000000002,1.3673400000000002,1.3674300000000004,2245
2026-03-15T23:00:00+00:00,1.3674300000000004,1.3675900000000003,1.3670400000000003,1.3673100000000002,2746
2026-03-15T23:30:00+00:00,1.3673100000000002,1.3674900000000003,1.3669300000000002,1.3673000000000002,2145
2026-03-16T00:00:00+00:00,1.3673000000000002,1.3673300000000002,1.3666600000000002,1.3670600000000002,4316
2026-03-16T00:30:00+00:00,1.3670600000000002,1.3671300000000002,1.3666800000000003,1.3667400000000003,3136
2026-03-16T01:00:00+00:00,1.3667400000000003,1.3674700000000002,1.3666400000000003,1.3672500000000003,4774
2026-03-16T01:30:00+00:00,1.3672500000000003,1.3675200000000003,1.3665500000000002,1.3665800000000004,3696
2026-03-16T02:00:00+00:00,1.3665800000000004,1.3668200000000004,1.3665100000000003,1.3666800000000003,3283
2026-03-16T02:30:00+00:00,1.3666800000000003,1.3672500000000003,1.3665500000000002,1.3672400000000002,2511
2026-03-16T03:00:00+00:00,1.3672400000000002,1.3674300000000004,1.3669300000000002,1.3671700000000002,2454
2026-03-16T03:30:00+00:00,1.3671700000000002,1.3672800000000003,1.3668500000000003,1.3672300000000002,1920
2026-03-16T04:00:00+00:00,1.3672300000000002,1.3673200000000003,1.3670100000000003,1.3672600000000004,2078
2026-03-16T04:30:00+00:00,1.3672600000000004,1.3677100000000002,1.3671600000000002,1.3677000000000004,1794
2026-03-16T05:00:00+00:00,1.3677000000000004,1.3678400000000002,1.3674100000000002,1.3677200000000003,2242
2026-03-16T05:30:00+00:00,1.3677200000000003,1.3679100000000002,1.3674900000000003,1.3677200000000003,2682
2026-03-16T06:00:00+00:00,1.3677200000000003,1.3680300000000003,1.3671800000000003,1.3679500000000002,2430
2026-03-16T06:30:00+00:00,1.3679500000000002,1.3683300000000003,1.3676500000000003,1.3679300000000003,2604
2026-03-16T07:00:00+00:00,1.3679300000000003,1.3680200000000002,1.3672600000000004,1.3673700000000002,3565
2026-03-16T07:30:00+00:00,1.3673700000000002,1.3679400000000002,1.3664000000000003,1.3667400000000003,4277
2026-03-16T08:00:00+00:00,1.3667400000000003,1.3669200000000004,1.3660400000000004,1.3661400000000004,5675
2026-03-16T08:30:00+00:00,1.3661400000000004,1.3665400000000003,1.3658200000000003,1.3658900000000003,5306
2026-03-16T09:00:00+00:00,1.3658900000000003,1.3663800000000001,1.3658100000000002,1.3662700000000003,4258
2026-03-16T09:30:00+00:00,1.3662700000000003,1.3664700000000003,1.3658200000000003,1.3659800000000002,4040
2026-03-16T10:00:00+00:00,1.3659800000000002,1.3662700000000003,1.3651300000000002,1.3652500000000003,3813
2026-03-16T10:30:00+00:00,1.3652500000000003,1.3657200000000003,1.3652200000000003,1.3653100000000002,3097
2026-03-16T11:00:00+00:00,1.3653100000000002,1.3653600000000004,1.3640600000000003,1.3643900000000002,3835
2026-03-16T11:30:00+00:00,1.3643900000000002,1.3646700000000003,1.3639400000000002,1.3643500000000002,3295
2026-03-16T12:00:00+00:00,1.3643500000000002,1.3644700000000003,1.3634200000000003,1.3636700000000002,4164
2026-03-16T12:30:00+00:00,1.3636700000000002,1.3654800000000002,1.3636700000000002,1.3652600000000004,6923
2026-03-16T13:00:00+00:00,1.3652600000000004,1.3652600000000004,1.3633000000000002,1.3633200000000003,5282
2026-03-16T13:30:00+00:00,1.3633200000000003,1.3633600000000003,1.3618800000000002,1.3622000000000003,7587
2026-03-16T14:00:00+00:00,1.3622000000000003,1.3626000000000003,1.3613300000000002,1.3626000000000003,6429
2026-03-16T14:30:00+00:00,1.3626000000000003,1.3636600000000003,1.3624600000000002,1.3627300000000002,6616
2026-03-16T15:00:00+00:00,1.3627300000000002,1.3629800000000003,1.3621500000000002,1.3627500000000003,5885
2026-03-16T15:30:00+00:00,1.3627500000000003,1.3648100000000003,1.3624700000000003,1.3644500000000002,6137
2026-03-16T16:00:00+00:00,1.3644500000000002,1.3649300000000002,1.3639600000000003,1.3646800000000003,6859
2026-03-16T16:30:00+00:00,1.3646800000000003,1.3648500000000003,1.3634400000000002,1.3638900000000003,6909
2026-03-16T17:00:00+00:00,1.3638900000000003,1.3639700000000003,1.3631400000000002,1.3638200000000003,6644
2026-03-16T17:30:00+00:00,1.3638200000000003,1.3644500000000002,1.3636800000000002,1.3640100000000002,5295
2026-03-16T18:00:00+00:00,1.3640100000000002,1.3640100000000002,1.3633100000000002,1.3634300000000004,5092
2026-03-16T18:30:00+00:00,1.3634300000000004,1.3636200000000003,1.3629200000000004,1.3635000000000002,3698
2026-03-16T19:00:00+00:00,1.3635000000000002,1.3640600000000003,1.3631900000000003,1.3639300000000003,4763
2026-03-16T19:30:00+00:00,1.3639300000000003,1.3647300000000002,1.3637100000000002,1.3640600000000003,4855
2026-03-16T20:00:00+00:00,1.3640600000000003,1.3645300000000002,1.3638400000000002,1.3642800000000002,2616
2026-03-16T20:30:00+00:00,1.3642800000000002,1.3646000000000003,1.3639100000000002,1.3645600000000002,1691
2026-03-16T21:00:00+00:00,1.3645600000000002,1.3646400000000003,1.3642900000000002,1.3645700000000003,170.48294386871896
2026-03-16T21:30:00+00:00,1.3645700000000003,1.3646700000000003,1.3640400000000004,1.3640400000000004,768.3542871511189
2026-03-16T22:00:00+00:00,1.3640400000000004,1.3647600000000002,1.3639400000000002,1.3646600000000002,696
2026-03-16T22:30:00+00:00,1.3646600000000002,1.3648200000000004,1.3644800000000004,1.3647300000000002,701
2026-03-16T23:00:00+00:00,1.3647300000000002,1.3649400000000003,1.3647300000000002,1.3647700000000003,792
2026-03-16T23:30:00+00:00,1.3647700000000003,1.3648300000000002,1.3645800000000003,1.3647400000000003,1080
2026-03-17T00:00:00+00:00,1.3647400000000003,1.3651000000000002,1.3647300000000002,1.3649400000000003,1818
2026-03-17T00:30:00+00:00,1.3649400000000003,1.3650300000000002,1.3645400000000003,1.3646800000000003,2331
2026-03-17T01:00:00+00:00,1.3646800000000003,1.3648500000000003,1.3642700000000003,1.3646500000000004,3045
2026-03-17T01:30:00+00:00,1.3646500000000004,1.3650000000000002,1.3642500000000002,1.3642900000000002,2719
2026-03-17T02:00:00+00:00,1.3642900000000002,1.3646400000000003,1.3641900000000002,1.3642800000000002,2095
2026-03-17T02:30:00+00:00,1.3642800000000002,1.3647300000000002,1.3641800000000002,1.3647000000000002,2009
2026-03-17T03:00:00+00:00,1.3647000000000002,1.3648600000000002,1.3641000000000003,1.3642200000000002,1777
2026-03-17T03:30:00+00:00,1.3642200000000002,1.3648200000000004,1.3640100000000002,1.3647600000000002,4351
2026-03-17T04:00:00+00:00,1.3647600000000002,1.3649500000000003,1.3646700000000003,1.3649500000000003,1684
2026-03-17T04:30:00+00:00,1.3649500000000003,1.3649500000000003,1.3641900000000002,1.3645000000000003,1700
2026-03-17T05:00:00+00:00,1.3645000000000003,1.3647600000000002,1.3643500000000002,1.3646200000000002,1985
2026-03-17T05:30:00+00:00,1.3646200000000002,1.3659100000000002,1.3645700000000003,1.3658000000000003,2439
2026-03-17T06:00:00+00:00,1.3658000000000003,1.3661800000000002,1.3654800000000002,1.3657700000000002,4642
2026-03-17T06:30:00+00:00,1.3657700000000002,1.3659800000000002,1.3654000000000002,1.3655100000000002,2776
2026-03-17T07:00:00+00:00,1.3655100000000002,1.3656400000000002,1.3648200000000004,1.3648400000000003,3840
2026-03-17T07:30:00+00:00,1.3648400000000003,1.3651500000000003,1.3645000000000003,1.3649800000000003,2630
2026-03-17T08:00:00+00:00,1.3649800000000003,1.3656500000000003,1.3646800000000003,1.3649200000000004,4133
2026-03-17T08:30:00+00:00,1.3649200000000004,1.3655900000000003,1.3647100000000003,1.3649600000000002,5346
2026-03-17T09:00:00+00:00,1.3649600000000002,1.3657900000000003,1.3646900000000002,1.3650300000000002,5055
2026-03-17T09:30:00+00:00,1.3650300000000002,1.3659300000000003,1.3648600000000002,1.3656300000000003,2964
2026-03-17T10:00:00+00:00,1.3656300000000003,1.3660700000000003,1.3652000000000002,1.3652300000000002,3063
2026-03-17T10:30:00+00:00,1.3652300000000002,1.3662300000000003,1.3652300000000002,1.3661700000000003,2463
2026-03-17T11:00:00+00:00,1.3661700000000003,1.3663300000000003,1.3655600000000003,1.3663100000000004,2992
2026-03-17T11:30:00+00:00,1.3663100000000004,1.3667000000000002,1.3656800000000002,1.3667000000000002,3587
2026-03-17T12:00:00+00:00,1.3667000000000002,1.3670100000000003,1.3655400000000002,1.3668800000000003,5392
2026-03-17T12:30:00+00:00,1.3668800000000003,1.3669500000000003,1.3661900000000002,1.3663000000000003,4385
2026-03-17T13:00:00+00:00,1.3663000000000003,1.3669700000000002,1.3652100000000003,1.3656700000000002,6901
2026-03-17T13:30:00+00:00,1.3656700000000002,1.3657800000000002,1.36481,1.36505,6511
2026-03-17T14:00:00+00:00,1.36505,1.3652700000000002,1.3641200000000002,1.3649600000000002,6247
2026-03-17T14:30:00+00:00,1.3649600000000002,1.3662800000000002,1.3647600000000002,1.3661800000000002,5494
2026-03-17T15:00:00+00:00,1.3661800000000002,1.3682800000000002,1.36596,1.36776,8188
2026-03-17T15:30:00+00:00,1.36776,1.36826,1.36681,1.3668200000000001,8656
2026-03-17T16:00:00+00:00,1.3668200000000001,1.36745,1.3660500000000002,1.36647,7315
2026-03-17T16:30:00+00:00,1.36647,1.36684,1.36603,1.3661400000000001,4910
2026-03-17T17:00:00+00:00,1.3661400000000001,1.36623,1.3654600000000001,1.3658000000000001,3919
2026-03-17T17:30:00+00:00,1.3658000000000001,1.36586,1.36504,1.36522,2880
2026-03-17T18:00:00+00:00,1.36522,1.3660100000000002,1.36515,1.3659400000000002,2733
2026-03-17T18:30:00+00:00,1.3659400000000002,1.366,1.36552,1.3657500000000002,2351
2026-03-17T19:00:00+00:00,1.3657500000000002,1.3660100000000002,1.36552,1.3659200000000002,2017
2026-03-17T19:30:00+00:00,1.3659200000000002,1.3660400000000001,1.36573,1.36583,2470
2026-03-17T20:00:00+00:00,1.36583,1.3658500000000002,1.3651200000000001,1.36556,1557
2026-03-17T20:30:00+00:00,1.36556,1.36556,1.36498,1.3651200000000001,1327
2026-03-17T21:00:00+00:00,1.3651200000000001,1.3652100000000003,1.3648200000000001,1.3652,128.82257545363
2026-03-17T21:30:00+00:00,1.3652,1.3654600000000001,1.3648900000000002,1.3650800000000003,409.93688963044735
2026-03-17T22:00:00+00:00,1.3650800000000003,1.3654000000000002,1.3650500000000003,1.3652500000000003,988
2026-03-17T22:30:00+00:00,1.3652500000000003,1.3655100000000002,1.3651800000000003,1.3654800000000002,678
2026-03-17T23:00:00+00:00,1.3654800000000002,1.3655900000000003,1.3653100000000002,1.3655000000000002,1168
2026-03-17T23:30:00+00:00,1.3655000000000002,1.3655000000000002,1.3651700000000002,1.3651800000000003,1168
2026-03-18T00:00:00+00:00,1.3651800000000003,1.3655900000000003,1.3649700000000002,1.3655800000000002,5532
2026-03-18T00:30:00+00:00,1.3655800000000002,1.3658800000000004,1.3652400000000002,1.3654900000000003,4549
2026-03-18T01:00:00+00:00,1.3654900000000003,1.3655000000000004,1.3649200000000004,1.3652600000000004,3119
2026-03-18T01:30:00+00:00,1.3652600000000004,1.3658800000000004,1.3652200000000003,1.3654800000000002,2569
2026-03-18T02:00:00+00:00,1.3654800000000002,1.3658100000000004,1.3653100000000002,1.3653400000000002,2206
2026-03-18T02:30:00+00:00,1.3653400000000002,1.3660700000000003,1.3652200000000003,1.3660000000000003,2406
2026-03-18T03:00:00+00:00,1.3660000000000003,1.3662100000000004,1.3657600000000003,1.3660600000000003,2253
2026-03-18T03:30:00+00:00,1.3660600000000003,1.3662700000000003,1.3659600000000003,1.3661000000000003,1545
2026-03-18T04:00:00+00:00,1.3661000000000003,1.3663200000000004,1.3659500000000002,1.3660800000000004,1645
2026-03-18T04:30:00+00:00,1.3660800000000004,1.3663900000000004,1.3659600000000003,1.3662200000000004,1674
2026-03-18T05:00:00+00:00,1.3662200000000004,1.3662200000000004,1.3659500000000002,1.3661700000000003,1996
2026-03-18T05:30:00+00:00,1.3661700000000003,1.3663000000000003,1.3659600000000003,1.3660900000000002,2162
2026-03-18T06:00:00+00:00,1.3660900000000002,1.3668600000000004,1.3660500000000004,1.3666400000000003,2012
2026-03-18T06:30:00+00:00,1.3666400000000003,1.3671300000000004,1.3666300000000002,1.3668000000000002,1863
2026-03-18T07:00:00+00:00,1.3668000000000002,1.3672400000000002,1.3666300000000002,1.3670800000000003,2770
2026-03-18T07:30:00+00:00,1.3670800000000003,1.3674900000000003,1.3669900000000004,1.3671900000000003,2814
2026-03-18T08:00:00+00:00,1.3671900000000003,1.3673300000000004,1.3662100000000004,1.3667300000000002,3760
2026-03-18T08:30:00+00:00,1.3667300000000002,1.3667500000000004,1.3657400000000004,1.3658900000000003,3625
2026-03-18T09:00:00+00:00,1.3658900000000003,1.3662200000000004,1.3653300000000004,1.3654900000000003,3818
2026-03-18T09:30:00+00:00,1.3654900000000003,1.3657400000000004,1.3653400000000002,1.3653900000000003,2442
2026-03-18T10:00:00+00:00,1.3653900000000003,1.3656200000000003,1.3651000000000004,1.3656100000000004,2735
2026-03-18T10:30:00+00:00,1.3656100000000004,1.3662800000000004,1.3655500000000003,1.3659800000000004,2639
2026-03-18T11:00:00+00:00,1.3659800000000004,1.3660700000000003,1.3652100000000003,1.3658900000000003,4288
2026-03-18T11:30:00+00:00,1.3658900000000003,1.3660500000000004,1.3650100000000003,1.3650800000000003,6113
2026-03-18T12:00:00+00:00,1.3650800000000003,1.3663700000000003,1.3650100000000003,1.3658800000000004,7481
2026-03-18T12:30:00+00:00,1.3658800000000004,1.3670500000000003,1.3658000000000003,1.3670400000000003,9328
2026-03-18T13:00:00+00:00,1.3670400000000003,1.3681900000000002,1.3669500000000003,1.3677000000000004,8803
2026-03-18T13:30:00+00:00,1.3677000000000004,1.3686200000000004,1.3670800000000003,1.3673300000000004,9195
2026-03-18T14:00:00+00:00,1.3673300000000004,1.3677600000000003,1.3667600000000004,1.3673100000000002,10134
2026-03-18T14:30:00+00:00,1.3673100000000002,1.3673600000000004,1.3659100000000004,1.3659300000000003,8327
2026-03-18T15:00:00+00:00,1.3659300000000003,1.3669700000000002,1.3656000000000004,1.3667100000000003,7383
2026-03-18T15:30:00+00:00,1.3667100000000003,1.3669400000000003,1.3657400000000002,1.3659300000000003,6484
2026-03-18T16:00:00+00:00,1.3659300000000003,1.3664700000000003,1.3649900000000001,1.3655000000000002,5894
2026-03-18T16:30:00+00:00,1.3655000000000002,1.3665300000000002,1.3654600000000003,1.3659900000000003,4847
2026-03-18T17:00:00+00:00,1.3659900000000003,1.3669500000000003,1.3658900000000003,1.3663100000000004,4904
2026-03-18T17:30:00+00:00,1.3663100000000004,1.3666200000000002,1.3656400000000002,1.3657600000000003,5015
2026-03-18T18:00:00+00:00,1.3657600000000003,1.3672500000000003,1.3653900000000003,1.3664300000000003,6491
2026-03-18T18:30:00+00:00,1.3664300000000003,1.3679600000000003,1.3660500000000002,1.3679500000000002,9305
2026-03-18T19:00:00+00:00,1.3679500000000002,1.3685800000000004,1.3675600000000003,1.3684700000000003,5528
2026-03-18T19:30:00+00:00,1.3684700000000003,1.3688100000000003,1.3678500000000002,1.3687500000000004,4944
2026-03-18T20:00:00+00:00,1.3687500000000004,1.3699700000000004,1.3686600000000002,1.3697800000000002,3403
2026-03-18T20:30:00+00:00,1.3697800000000002,1.3698800000000002,1.3691900000000004,1.3692400000000002,2286
2026-03-18T21:00:00+00:00,1.3692400000000002,1.3693100000000002,1.3681300000000003,1.3682200000000002,397.62847521337153
2026-03-18T21:30:00+00:00,1.3682200000000002,1.3684000000000003,1.3680100000000002,1.3681600000000003,571
2026-03-18T22:00:00+00:00,1.3681600000000003,1.3699100000000002,1.3681600000000003,1.3698400000000002,1134
2026-03-18T22:30:00+00:00,1.3698400000000002,1.3699900000000003,1.3695900000000003,1.3696600000000003,780
2026-03-18T23:00:00+00:00,1.3696600000000003,1.3697900000000003,1.3693100000000002,1.3693700000000002,1528
2026-03-18T23:30:00+00:00,1.3693700000000002,1.3696100000000002,1.3690300000000002,1.3692500000000003,2631
2026-03-19T00:00:00+00:00,1.3692500000000003,1.3693500000000003,1.3683200000000002,1.3684100000000003,3698
2026-03-19T00:30:00+00:00,1.3684100000000003,1.3686800000000003,1.3681100000000004,1.3681400000000004,4076
2026-03-19T01:00:00+00:00,1.3681400000000004,1.3683400000000003,1.3676700000000004,1.3676900000000003,3835
2026-03-19T01:30:00+00:00,1.3676900000000003,1.3683600000000002,1.3676300000000003,1.3683200000000002,2409
2026-03-19T02:00:00+00:00,1.3683200000000002,1.3687500000000004,1.3675800000000002,1.3677800000000002,4757
2026-03-19T02:30:00+00:00,1.3677800000000002,1.3685500000000004,1.3677600000000003,1.3685000000000003,2980
2026-03-19T03:00:00+00:00,1.3685000000000003,1.3685400000000003,1.3681400000000004,1.3684000000000003,2132
2026-03-19T03:30:00+00:00,1.3684000000000003,1.3688600000000002,1.3683900000000002,1.3688600000000002,1862
2026-03-19T04:00:00+00:00,1.3688600000000002,1.3691500000000003,1.3687900000000002,1.3690100000000003,1937
2026-03-19T04:30:00+00:00,1.3690100000000003,1.3691500000000003,1.3688100000000003,1.3689500000000003,1772
2026-03-19T05:00:00+00:00,1.3689500000000003,1.3690500000000003,1.3686700000000003,1.3688300000000002,2213
2026-03-19T05:30:00+00:00,1.3688300000000002,1.3693200000000003,1.3687800000000003,1.3691800000000003,2559
2026-03-19T06:00:00+00:00,1.3691800000000003,1.3693000000000002,1.3684300000000003,1.3689500000000003,2959
2026-03-19T06:30:00+00:00,1.3689500000000003,1.3692400000000002,1.3684800000000004,1.3685000000000003,3436
2026-03-19T07:00:00+00:00,1.3685000000000003,1.3695900000000003,1.3683000000000003,1.3695700000000002,5667
2026-03-19T07:30:00+00:00,1.3695700000000002,1.3700800000000002,1.3694300000000004,1.3698300000000003,4766
2026-03-19T08:00:00+00:00,1.3698300000000003,1.3703900000000002,1.3692700000000002,1.3696200000000003,6807
2026-03-19T08:30:00+00:00,1.3696200000000003,1.3709000000000002,1.3695800000000002,1.3706400000000003,5922
2026-03-19T09:00:00+00:00,1.3706400000000003,1.3706400000000003,1.3689900000000004,1.3700300000000003,8088
2026-03-19T09:30:00+00:00,1.3700300000000003,1.3700500000000002,1.3692600000000004,1.3695800000000002,8054
2026-03-19T10:00:00+00:00,1.3695800000000002,1.3703100000000004,1.3694900000000003,1.3702500000000002,4088
2026-03-19T10:30:00+00:00,1.3702500000000002,1.3704100000000004,1.3694000000000002,1.3696700000000004,3916
2026-03-19T11:00:00+00:00,1.3696700000000004,1.3705700000000003,1.3693800000000003,1.3697600000000003,5554
2026-03-19T11:30:00+00:00,1.3697600000000003,1.3700200000000002,1.3692700000000002,1.3697800000000002,4339
2026-03-19T12:00:00+00:00,1.3697800000000002,1.3710100000000003,1.3695800000000002,1.3708500000000003,7975
2026-03-19T12:30:00+00:00,1.3708500000000003,1.3709700000000002,1.3687800000000003,1.3688000000000002,10619
2026-03-19T13:00:00+00:00,1.3688000000000002,1.3697700000000004,1.3681500000000002,1.3697000000000004,11993
2026-03-19T13:30:00+00:00,1.3697000000000004,1.3699500000000002,1.3676900000000003,1.3680400000000004,18960
2026-03-19T14:00:00+00:00,1.3680400000000004,1.3700700000000003,1.3667400000000003,1.3697600000000003,18354
2026-03-19T14:30:00+00:00,1.3697600000000003,1.3702000000000003,1.3680900000000003,1.3690600000000002,13992
2026-03-19T15:00:00+00:00,1.3690600000000002,1.3694300000000004,1.3677900000000003,1.3689700000000002,12428
2026-03-19T15:30:00+00:00,1.3689700000000002,1.3693800000000003,1.3676400000000002,1.3684900000000002,12379
2026-03-19T16:00:00+00:00,1.3684900000000002,1.3686800000000003,1.3674300000000004,1.3675700000000002,12025
2026-03-19T16:30:00+00:00,1.3675700000000002,1.3697400000000002,1.3672200000000003,1.3690200000000003,8386
2026-03-19T17:00:00+00:00,1.3690200000000003,1.3696500000000003,1.3676600000000003,1.3681300000000003,7600
2026-03-19T17:30:00+00:00,1.3681300000000003,1.3696000000000004,1.3677300000000003,1.3688900000000004,6572
2026-03-19T18:00:00+00:00,1.3688900000000004,1.3699700000000004,1.3687600000000002,1.3696200000000003,6069
2026-03-19T18:30:00+00:00,1.3696200000000003,1.3698100000000002,1.3687000000000002,1.3687000000000002,4133
2026-03-19T19:00:00+00:00,1.3687000000000002,1.3692000000000002,1.3666300000000002,1.3687300000000002,15631
2026-03-19T19:30:00+00:00,1.3687300000000002,1.3701300000000003,1.3683800000000004,1.3699800000000002,9134
2026-03-19T20:00:00+00:00,1.3699800000000002,1.3706700000000003,1.3696000000000004,1.3706200000000002,2576
2026-03-19T20:30:00+00:00,1.3706200000000002,1.3706800000000003,1.3699800000000002,1.3700400000000004,2374
2026-03-19T21:00:00+00:00,1.3700400000000004,1.3700400000000004,1.3687000000000002,1.3695000000000004,363.0249353681928
2026-03-19T21:30:00+00:00,1.3695000000000004,1.3695700000000004,1.3691400000000002,1.3692700000000004,617
2026-03-19T22:00:00+00:00,1.3692700000000004,1.3702900000000005,1.3692700000000004,1.3696900000000003,1234
2026-03-19T22:30:00+00:00,1.3696900000000003,1.3700900000000003,1.3695700000000004,1.3698900000000003,1190
2026-03-19T23:00:00+00:00,1.3698900000000003,1.3700300000000003,1.3695200000000003,1.3695600000000003,1816
2026-03-19T23:30:00+00:00,1.3695600000000003,1.3699300000000003,1.3694000000000004,1.3699200000000002,1643
2026-03-20T00:00:00+00:00,1.3699200000000002,1.3702900000000005,1.3697800000000004,1.3702500000000004,3202
2026-03-20T00:30:00+00:00,1.3702500000000004,1.3704400000000003,1.3699200000000002,1.3699200000000002,3186
2026-03-20T01:00:00+00:00,1.3699200000000002,1.3700900000000003,1.3692700000000004,1.3693800000000003,5402
2026-03-20T01:30:00+00:00,1.3693800000000003,1.3697500000000002,1.3691200000000003,1.3695100000000004,3798
2026-03-20T02:00:00+00:00,1.3695100000000004,1.3696700000000004,1.3688700000000003,1.3689000000000004,2971
2026-03-20T02:30:00+00:00,1.3689000000000004,1.3691000000000004,1.3686600000000004,1.3687700000000003,2828
2026-03-20T03:00:00+00:00,1.3687700000000003,1.3693000000000004,1.3687100000000003,1.3691300000000004,3696
2026-03-20T03:30:00+00:00,1.3691300000000004,1.3694300000000004,1.3691100000000003,1.3692700000000004,1735
2026-03-20T04:00:00+00:00,1.3692700000000004,1.3695100000000004,1.3691800000000003,1.3692900000000003,1543
2026-03-20T04:30:00+00:00,1.3692900000000003,1.3694800000000003,1.3691200000000003,1.3694100000000002,1520
2026-03-20T05:00:00+00:00,1.3694100000000002,1.3694200000000003,1.3690900000000004,1.3693900000000003,2680
2026-03-20T05:30:00+00:00,1.3693900000000003,1.3701500000000004,1.3693800000000003,1.3701100000000004,2868
2026-03-20T06:00:00+00:00,1.3701100000000004,1.3701500000000004,1.3695300000000004,1.3697700000000004,2735
2026-03-20T06:30:00+00:00,1.3697700000000004,1.3701500000000004,1.3695800000000002,1.3699500000000004,3319
2026-03-20T07:00:00+00:00,1.3699500000000004,1.3702800000000004,1.3687900000000004,1.3688900000000004,4272
2026-03-20T07:30:00+00:00,1.3688900000000004,1.3689500000000003,1.3681900000000002,1.3683100000000004,4486
2026-03-20T08:00:00+00:00,1.3683100000000004,1.3686800000000003,1.3674900000000003,1.3678400000000004,4899
2026-03-20T08:30:00+00:00,1.3678400000000004,1.3682500000000004,1.3674700000000004,1.3678300000000003,4791
2026-03-20T09:00:00+00:00,1.3678300000000003,1.3682200000000004,1.3673900000000003,1.3681400000000004,4809
2026-03-20T09:30:00+00:00,1.3681400000000004,1.3682100000000004,1.3672800000000003,1.3681300000000003,6171
2026-03-20T10:00:00+00:00,1.3681300000000003,1.3690800000000003,1.3681200000000004,1.3686000000000003,6826
2026-03-20T10:30:00+00:00,1.3686000000000003,1.3690000000000004,1.3681900000000002,1.3687100000000003,4981
2026-03-20T11:00:00+00:00,1.3687100000000003,1.3688000000000002,1.3680200000000002,1.3684800000000004,4829
2026-03-20T11:30:00+00:00,1.3684800000000004,1.3686000000000003,1.3671300000000004,1.3671400000000002,4240
2026-03-20T12:00:00+00:00,1.3671400000000002,1.3673000000000004,1.3661400000000004,1.3669700000000002,6593
2026-03-20T12:30:00+00:00,1.3669700000000002,1.3682800000000004,1.3668500000000003,1.3676100000000004,8484
2026-03-20T13:00:00+00:00,1.3676100000000004,1.3684000000000003,1.3665800000000004,1.3672700000000004,6505
2026-03-20T13:30:00+00:00,1.3672700000000004,1.3686300000000002,1.3667700000000003,1.3686100000000003,11033
2026-03-20T14:00:00+00:00,1.3686100000000003,1.3692000000000004,1.3677700000000004,1.3689500000000003,11236
2026-03-20T14:30:00+00:00,1.3689500000000003,1.3703800000000004,1.3682900000000005,1.3692400000000002,10199
2026-03-20T15:00:00+00:00,1.3692400000000002,1.3699300000000003,1.3682100000000004,1.3688400000000003,11262
2026-03-20T15:30:00+00:00,1.3688400000000003,1.3709600000000004,1.3679000000000003,1.3694200000000003,10196
2026-03-20T16:00:00+00:00,1.3694200000000003,1.3696300000000003,1.3678500000000002,1.3680000000000003,7034
2026-03-20T16:30:00+00:00,1.3680000000000003,1.3688500000000003,1.3674500000000003,1.3676100000000004,5820
2026-03-20T17:00:00+00:00,1.3676100000000004,1.3678200000000003,1.3666300000000002,1.3668900000000004,7634
2026-03-20T17:30:00+00:00,1.3668900000000004,1.3681600000000003,1.3666800000000003,1.3669600000000004,7557
2026-03-20T18:00:00+00:00,1.3669600000000004,1.3683700000000003,1.3665900000000004,1.3671000000000004,8819
2026-03-20T18:30:00+00:00,1.3671000000000004,1.3690500000000003,1.3669600000000004,1.3687700000000003,7732
2026-03-20T19:00:00+00:00,1.3687700000000003,1.3689400000000003,1.3676000000000004,1.3676000000000004,6423
2026-03-20T19:30:00+00:00,1.3676000000000004,1.3682300000000003,1.3670300000000004,1.3680800000000004,6364
2026-03-20T20:00:00+00:00,1.3680800000000004,1.3685700000000003,1.3676100000000004,1.3685700000000003,2672
2026-03-20T20:30:00+00:00,1.3685700000000003,1.3687500000000004,1.3678700000000004,1.3680800000000002,2513.7784695019586
2026-03-22T21:00:00+00:00,1.3680800000000002,1.3683400000000001,1.3674400000000007,1.3676400000000006,285.96197012705863
2026-03-22T21:30:00+00:00,1.3676400000000006,1.3681500000000006,1.3670400000000005,1.3670400000000005,873
2026-03-22T22:00:00+00:00,1.3670400000000005,1.3694400000000007,1.3670300000000006,1.3688000000000005,1655
2026-03-22T22:30:00+00:00,1.3688000000000005,1.3691100000000005,1.3684900000000007,1.3687800000000006,1436
2026-03-22T23:00:00+00:00,1.3687800000000006,1.3688800000000005,1.3672200000000005,1.3672200000000005,3076
2026-03-22T23:30:00+00:00,1.3672200000000005,1.3678500000000005,1.3666500000000006,1.3671400000000005,4956
2026-03-23T00:00:00+00:00,1.3671400000000005,1.3679800000000006,1.3668900000000006,1.3679100000000006,5165
2026-03-23T00:30:00+00:00,1.3679100000000006,1.3687900000000006,1.3678100000000006,1.3682100000000006,6672
2026-03-23T01:00:00+00:00,1.3682100000000006,1.3682400000000006,1.3665700000000005,1.3669400000000005,7871
2026-03-23T01:30:00+00:00,1.3669400000000005,1.3672300000000006,1.3665700000000005,1.3670700000000007,7043
2026-03-23T02:00:00+00:00,1.3670700000000007,1.3673200000000005,1.3662600000000005,1.3669500000000006,5293
2026-03-23T02:30:00+00:00,1.3669500000000006,1.3680400000000006,1.3668600000000006,1.3676700000000006,4477
2026-03-23T03:00:00+00:00,1.3676700000000006,1.3680000000000005,1.3673100000000005,1.3674600000000006,4248
2026-03-23T03:30:00+00:00,1.3674600000000006,1.3678500000000005,1.3672900000000006,1.3678000000000006,3077
2026-03-23T04:00:00+00:00,1.3678000000000006,1.3678400000000006,1.3675100000000007,1.3678200000000005,2596
2026-03-23T04:30:00+00:00,1.3678200000000005,1.3680400000000006,1.3676600000000005,1.3677900000000005,3127
2026-03-23T05:00:00+00:00,1.3677900000000005,1.3687600000000006,1.3676700000000006,1.3687500000000006,3131
2026-03-23T05:30:00+00:00,1.3687500000000006,1.3693800000000005,1.3686100000000005,1.3693000000000006,5222
2026-03-23T06:00:00+00:00,1.3693000000000006,1.3697200000000005,1.3690800000000005,1.3693600000000006,5184
2026-03-23T06:30:00+00:00,1.3693600000000006,1.3698400000000006,1.3692200000000005,1.3693300000000006,5309
2026-03-23T07:00:00+00:00,1.3693300000000006,1.3700900000000005,1.3692700000000007,1.3700000000000006,5747
2026-03-23T07:30:00+00:00,1.3700000000000006,1.3701200000000007,1.3686200000000006,1.3691900000000006,5230
2026-03-23T08:00:00+00:00,1.3691900000000006,1.3695000000000006,1.3686900000000006,1.3688400000000005,8682
2026-03-23T08:30:00+00:00,1.3688400000000005,1.3696100000000007,1.3686000000000005,1.3696000000000006,5826
2026-03-23T09:00:00+00:00,1.3696000000000006,1.3705500000000006,1.3694700000000006,1.3704300000000005,5594
2026-03-23T09:30:00+00:00,1.3704300000000005,1.3713900000000006,1.3702500000000006,1.3711800000000005,4613
2026-03-23T10:00:00+00:00,1.3711800000000005,1.3714600000000006,1.3709700000000005,1.3711900000000006,5514
2026-03-23T10:30:00+00:00,1.3711900000000006,1.3716800000000005,1.3709600000000006,1.3714800000000005,6528
2026-03-23T11:00:00+00:00,1.3714800000000005,1.3714900000000005,1.3645400000000005,1.3698300000000005,54270
2026-03-23T11:30:00+00:00,1.3698300000000005,1.3699600000000005,1.3674500000000005,1.3693900000000006,26404
2026-03-23T12:00:00+00:00,1.3693900000000006,1.3706000000000005,1.3690200000000006,1.3698000000000006,15140
2026-03-23T12:30:00+00:00,1.3698000000000006,1.3705500000000006,1.3652600000000006,1.3658800000000006,14468
2026-03-23T13:00:00+00:00,1.3658800000000006,1.3689600000000006,1.3657100000000006,1.3679600000000005,14297
2026-03-23T13:30:00+00:00,1.3679600000000005,1.3683500000000006,1.3671100000000005,1.3671200000000006,22389
2026-03-23T14:00:00+00:00,1.3671200000000006,1.3671400000000005,1.3631300000000006,1.3634800000000005,16259
2026-03-23T14:30:00+00:00,1.3634800000000005,1.3661000000000005,1.3632000000000006,1.3661000000000005,17051
2026-03-23T15:00:00+00:00,1.3661000000000005,1.3679200000000005,1.3652500000000005,1.3676900000000005,13160
2026-03-23T15:30:00+00:00,1.3676900000000005,1.3685800000000006,1.3672400000000005,1.3680300000000005,14627
2026-03-23T16:00:00+00:00,1.3680300000000005,1.3690900000000006,1.3673700000000006,1.3690400000000005,9699
2026-03-23T16:30:00+00:00,1.3690400000000005,1.3690700000000005,1.3680100000000006,1.3686100000000005,9804
2026-03-23T17:00:00+00:00,1.3686100000000005,1.3692100000000005,1.3681400000000006,1.3686400000000005,8735
2026-03-23T17:30:00+00:00,1.3686400000000005,1.3692300000000006,1.3676400000000006,1.3689900000000006,6739
2026-03-23T18:00:00+00:00,1.3689900000000006,1.3697600000000005,1.3687000000000005,1.3688600000000006,7535
2026-03-23T18:30:00+00:00,1.3688600000000006,1.3688600000000006,1.3675400000000006,1.3678900000000005,5951
2026-03-23T19:00:00+00:00,1.3678900000000005,1.3688600000000006,1.3677400000000006,1.3688400000000005,4195
2026-03-23T19:30:00+00:00,1.3688400000000005,1.3690600000000006,1.3683200000000006,1.3684200000000006,4481
2026-03-23T20:00:00+00:00,1.3684200000000006,1.3692400000000005,1.3683200000000006,1.3691600000000006,2517
2026-03-23T20:30:00+00:00,1.3691600000000006,1.3692900000000006,1.3683800000000006,1.3686600000000007,2788
2026-03-23T21:00:00+00:00,1.3686600000000007,1.3686600000000007,1.3678300000000005,1.3683000000000005,284.44718733351374
2026-03-23T21:30:00+00:00,1.3683000000000005,1.3685000000000005,1.3678200000000005,1.3678300000000005,573.003829705751
2026-03-23T22:00:00+00:00,1.3678300000000005,1.3689300000000004,1.3677400000000004,1.3685500000000004,865
2026-03-23T22:30:00+00:00,1.3685500000000004,1.3687300000000004,1.3682700000000005,1.3684500000000004,1019
2026-03-23T23:00:00+00:00,1.3684500000000004,1.3686800000000003,1.3683500000000004,1.3686400000000005,1632
2026-03-23T23:30:00+00:00,1.3686400000000005,1.3692500000000005,1.3686300000000005,1.3691400000000005,2276
2026-03-24T00:00:00+00:00,1.3691400000000005,1.3703500000000004,1.3690100000000005,1.3699200000000005,5533
2026-03-24T00:30:00+00:00,1.3699200000000005,1.3703400000000003,1.3697700000000004,1.3702800000000004,7239
2026-03-24T01:00:00+00:00,1.3702800000000004,1.3704800000000004,1.3700200000000005,1.3703300000000005,6798
2026-03-24T01:30:00+00:00,1.3703300000000005,1.3710700000000005,1.3702700000000005,1.3710000000000004,5321
2026-03-24T02:00:00+00:00,1.3710000000000004,1.3712900000000003,1.3706900000000004,1.3707800000000006,4187
2026-03-24T02:30:00+00:00,1.3707800000000006,1.3713200000000005,1.3706500000000004,1.3712600000000004,4536
2026-03-24T03:00:00+00:00,1.3712600000000004,1.3714100000000005,1.3710300000000004,1.3711100000000005,3604
2026-03-24T03:30:00+00:00,1.3711100000000005,1.3715900000000005,1.3711000000000004,1.3715000000000004,2845
2026-03-24T04:00:00+00:00,1.3715000000000004,1.3720000000000006,1.3714200000000005,1.3719800000000004,2397
2026-03-24T04:30:00+00:00,1.3719800000000004,1.3720100000000004,1.3716000000000004,1.3717500000000005,1741
2026-03-24T05:00:00+00:00,1.3717500000000005,1.3721200000000005,1.3714900000000005,1.3720200000000005,4205
2026-03-24T05:30:00+00:00,1.3720200000000005,1.3720500000000004,1.3713900000000006,1.3716800000000005,4822
2026-03-24T06:00:00+00:00,1.3716800000000005,1.3719800000000004,1.3712000000000004,1.3717900000000005,10874
2026-03-24T06:30:00+00:00,1.3717900000000005,1.3722300000000005,1.3710900000000004,1.3711200000000003,5382
2026-03-24T07:00:00+00:00,1.3711200000000003,1.3712800000000005,1.3686100000000005,1.3700500000000004,10781
2026-03-24T07:30:00+00:00,1.3700500000000004,1.3705500000000004,1.3697200000000005,1.3701100000000004,7014
2026-03-24T08:00:00+00:00,1.3701100000000004,1.3713300000000004,1.3700500000000004,1.3713300000000004,8630
2026-03-24T08:30:00+00:00,1.3713300000000004,1.3714500000000005,1.3706400000000005,1.3708300000000004,7580
2026-03-24T09:00:00+00:00,1.3708300000000004,1.3714000000000004,1.3705900000000004,1.3707400000000005,6149
2026-03-24T09:30:00+00:00,1.3707400000000005,1.3708400000000005,1.3699100000000004,1.3701100000000004,5154
2026-03-24T10:00:00+00:00,1.3701100000000004,1.3704400000000005,1.3690900000000004,1.3691700000000004,5980
2026-03-24T10:30:00+00:00,1.3691700000000004,1.3701100000000004,1.3691700000000004,1.3693500000000005,6025
2026-03-24T11:00:00+00:00,1.3693500000000005,1.3701700000000006,1.3689300000000004,1.3701100000000004,7516
2026-03-24T11:30:00+00:00,1.3701100000000004,1.3708200000000004,1.3698400000000004,1.3707300000000004,5773
2026-03-24T12:00:00+00:00,1.3707300000000004,1.3716100000000004,1.3705600000000004,1.3714100000000005,6590
2026-03-24T12:30:00+00:00,1.3714100000000005,1.3717400000000004,1.3696900000000005,1.3704600000000005,7321
2026-03-24T13:00:00+00:00,1.3704600000000005,1.3711300000000004,1.3697700000000004,1.3709400000000005,9118
2026-03-24T13:30:00+00:00,1.3709400000000005,1.3722400000000003,1.3703400000000003,1.3703500000000004,10318
2026-03-24T14:00:00+00:00,1.3703500000000004,1.3706700000000005,1.3690200000000003,1.3697900000000005,10983
2026-03-24T14:30:00+00:00,1.3697900000000005,1.3718200000000005,1.3695200000000005,1.3710100000000005,15007
2026-03-24T15:00:00+00:00,1.3710100000000005,1.3720000000000006,1.3707600000000004,1.3715300000000004,13147
2026-03-24T15:30:00+00:00,1.3715300000000004,1.3726300000000005,1.3712100000000005,1.3725900000000004,8298
2026-03-24T16:00:00+00:00,1.3725900000000004,1.3729800000000005,1.3718900000000005,1.3726400000000005,7778
2026-03-24T16:30:00+00:00,1.3726400000000005,1.3735500000000005,1.3724100000000004,1.3733300000000004,6062
2026-03-24T17:00:00+00:00,1.3733300000000004,1.3745800000000004,1.3732600000000004,1.3740700000000003,9631
2026-03-24T17:30:00+00:00,1.3740700000000003,1.3746100000000006,1.3735000000000004,1.3739500000000004,8283
2026-03-24T18:00:00+00:00,1.3739500000000004,1.3744100000000004,1.3729800000000005,1.3730800000000005,7648
2026-03-24T18:30:00+00:00,1.3730800000000005,1.3732600000000004,1.3723400000000003,1.3730800000000005,6965
2026-03-24T19:00:00+00:00,1.3730800000000005,1.3730800000000005,1.3724300000000005,1.3727300000000004,5583
2026-03-24T19:30:00+00:00,1.3727300000000004,1.3728700000000005,1.3721400000000004,1.3724800000000004,3866
2026-03-24T20:00:00+00:00,1.3724800000000004,1.3729500000000003,1.3701900000000005,1.3715100000000005,7566
2026-03-24T20:30:00+00:00,1.3715100000000005,1.3728500000000003,1.3710200000000003,1.3723500000000004,9916
2026-03-24T21:00:00+00:00,1.3723500000000004,1.3723700000000005,1.3713400000000004,1.3715100000000005,450.7124892351311
2026-03-24T21:30:00+00:00,1.3715100000000005,1.3719200000000005,1.3712600000000004,1.3714200000000003,880.329118111973
2026-03-24T22:00:00+00:00,1.3714200000000003,1.3725200000000004,1.3714200000000003,1.3722300000000005,1435
2026-03-24T22:30:00+00:00,1.3722300000000005,1.3724000000000005,1.3719700000000004,1.3720500000000004,1222
2026-03-24T23:00:00+00:00,1.3720500000000004,1.3724700000000003,1.3716300000000003,1.3716600000000003,2406
2026-03-24T23:30:00+00:00,1.3716600000000003,1.3719900000000005,1.3716200000000005,1.3716800000000005,1748
2026-03-25T00:00:00+00:00,1.3716800000000005,1.3718000000000004,1.3708600000000004,1.3716400000000004,4613
2026-03-25T00:30:00+00:00,1.3716400000000004,1.3722100000000004,1.3709600000000004,1.3714800000000005,5285
2026-03-25T01:00:00+00:00,1.3714800000000005,1.3718800000000004,1.3713000000000004,1.3718200000000005,5522
2026-03-25T01:30:00+00:00,1.3718200000000005,1.3725900000000004,1.3714300000000004,1.3725500000000004,4309
2026-03-25T02:00:00+00:00,1.3725500000000004,1.3731700000000004,1.3724100000000004,1.3728900000000004,4000
2026-03-25T02:30:00+00:00,1.3728900000000004,1.3733000000000004,1.3726500000000004,1.3731000000000004,3232
2026-03-25T03:00:00+00:00,1.3731000000000004,1.3732900000000003,1.3728500000000003,1.3730600000000004,3496
2026-03-25T03:30:00+00:00,1.3730600000000004,1.3731400000000005,1.3727200000000004,1.3727800000000003,2934
2026-03-25T04:00:00+00:00,1.3727800000000003,1.3731400000000005,1.3727400000000003,1.3728500000000003,2235
2026-03-25T04:30:00+00:00,1.3728500000000003,1.3731400000000005,1.3728200000000004,1.3731100000000005,2054
2026-03-25T05:00:00+00:00,1.3731100000000005,1.3734300000000004,1.3731100000000005,1.3733400000000004,2902
2026-03-25T05:30:00+00:00,1.3733400000000004,1.3736400000000004,1.3731000000000004,1.3736100000000004,3351
2026-03-25T06:00:00+00:00,1.3736100000000004,1.3739200000000005,1.3734200000000003,1.3738900000000005,3099
2026-03-25T06:30:00+00:00,1.3738900000000005,1.3739100000000004,1.3734300000000004,1.3736400000000004,2555
2026-03-25T07:00:00+00:00,1.3736400000000004,1.3739900000000005,1.3729900000000004,1.3738800000000004,4657
2026-03-25T07:30:00+00:00,1.3738800000000004,1.3743200000000004,1.3736700000000004,1.3741500000000004,4105
2026-03-25T08:00:00+00:00,1.3741500000000004,1.3744500000000004,1.3736000000000004,1.3737200000000005,7055
2026-03-25T08:30:00+00:00,1.3737200000000005,1.3745800000000004,1.3736300000000004,1.3745600000000004,5864
2026-03-25T09:00:00+00:00,1.3745600000000004,1.3749600000000004,1.3743300000000005,1.3749400000000005,3360
2026-03-25T09:30:00+00:00,1.3749400000000005,1.3753800000000005,1.3748300000000004,1.3752200000000003,3557
2026-03-25T10:00:00+00:00,1.3752200000000003,1.3756200000000005,1.3750000000000004,1.3756000000000004,3368
2026-03-25T10:30:00+00:00,1.3756000000000004,1.3756900000000003,1.3751200000000003,1.3752200000000003,3214
2026-03-25T11:00:00+00:00,1.3752200000000003,1.3753900000000003,1.3747100000000003,1.3751800000000003,3269
2026-03-25T11:30:00+00:00,1.3751800000000003,1.3758800000000004,1.3751100000000005,1.3754100000000005,3642
2026-03-25T12:00:00+00:00,1.3754100000000005,1.3758800000000004,1.3747100000000003,1.3754900000000003,7844
2026-03-25T12:30:00+00:00,1.3754900000000003,1.3756200000000005,1.3743500000000004,1.3744400000000003,6275
2026-03-25T13:00:00+00:00,1.3744400000000003,1.3744400000000003,1.3731100000000005,1.3741700000000003,6543
2026-03-25T13:30:00+00:00,1.3741700000000003,1.3751400000000005,1.3737900000000005,1.3748300000000004,9650
2026-03-25T14:00:00+00:00,1.3748300000000004,1.3753400000000005,1.3740500000000004,1.3749700000000005,9810
2026-03-25T14:30:00+00:00,1.3749700000000005,1.3756300000000004,1.3747300000000005,1.3753000000000004,6396
2026-03-25T15:00:00+00:00,1.3753000000000004,1.3765700000000003,1.3750100000000005,1.3758200000000005,7870
2026-03-25T15:30:00+00:00,1.3758200000000005,1.3766400000000003,1.3754700000000004,1.3757400000000004,6071
2026-03-25T16:00:00+00:00,1.3757400000000004,1.3768200000000004,1.3755000000000004,1.3761000000000003,6654
2026-03-25T16:30:00+00:00,1.3761000000000003,1.3768100000000003,1.3760400000000004,1.3767600000000004,5106
2026-03-25T17:00:00+00:00,1.3767600000000004,1.3768500000000004,1.3757900000000003,1.3762000000000003,4823
2026-03-25T17:30:00+00:00,1.3762000000000003,1.3768600000000004,1.3759700000000004,1.3768300000000004,4817
2026-03-25T18:00:00+00:00,1.3768300000000004,1.3769000000000005,1.3764500000000004,1.3768200000000004,4232
2026-03-25T18:30:00+00:00,1.3768200000000004,1.3774300000000004,1.3766500000000004,1.3769600000000004,4910
2026-03-25T19:00:00+00:00,1.3769600000000004,1.3776900000000003,1.3769500000000003,1.3776100000000004,4399
2026-03-25T19:30:00+00:00,1.3776100000000004,1.3778400000000004,1.3772700000000004,1.3775000000000004,2643
2026-03-25T20:00:00+00:00,1.3775000000000004,1.3775400000000004,1.3768900000000004,1.3771300000000004,2006
2026-03-25T20:30:00+00:00,1.3771300000000004,1.3771800000000003,1.3765100000000003,1.3768600000000004,2403
2026-03-25T21:00:00+00:00,1.3768600000000004,1.3768900000000004,1.3759200000000005,1.3764300000000005,343.97611115049267
2026-03-25T21:30:00+00:00,1.3764300000000005,1.3768900000000006,1.3762000000000005,1.3763600000000005,954
2026-03-25T22:00:00+00:00,1.3763600000000005,1.3774200000000005,1.3763600000000005,1.3772600000000006,631
2026-03-25T22:30:00+00:00,1.3772600000000006,1.3772600000000006,1.3768300000000004,1.3771000000000004,659
2026-03-25T23:00:00+00:00,1.3771000000000004,1.3775200000000005,1.3770500000000006,1.3771300000000006,1142
2026-03-25T23:30:00+00:00,1.3771300000000006,1.3774400000000004,1.3771200000000006,1.3773400000000005,918
2026-03-26T00:00:00+00:00,1.3773400000000005,1.3777000000000006,1.3772800000000005,1.3776500000000005,2491
2026-03-26T00:30:00+00:00,1.3776500000000005,1.3783400000000006,1.3776400000000006,1.3781300000000005,2741
2026-03-26T01:00:00+00:00,1.3781300000000005,1.3781700000000006,1.3776500000000005,1.3781500000000004,3363
2026-03-26T01:30:00+00:00,1.3781500000000004,1.3783400000000006,1.3779400000000006,1.3782100000000006,2602
2026-03-26T02:00:00+00:00,1.3782100000000006,1.3785400000000005,1.3781900000000005,1.3785000000000005,2083
2026-03-26T02:30:00+00:00,1.3785000000000005,1.3790500000000006,1.3784700000000005,1.3786600000000004,2490
2026-03-26T03:00:00+00:00,1.3786600000000004,1.3787000000000005,1.3777900000000005,1.3778300000000006,3118
2026-03-26T03:30:00+00:00,1.3778300000000006,1.3779500000000005,1.3775400000000004,1.3778700000000006,2219
2026-03-26T04:00:00+00:00,1.3778700000000006,1.3780300000000005,1.3778200000000005,1.3778300000000006,2072
2026-03-26T04:30:00+00:00,1.3778300000000006,1.3779700000000006,1.3776300000000006,1.3779200000000005,1726
2026-03-26T05:00:00+00:00,1.3779200000000005,1.3782400000000006,1.3778700000000006,1.3781000000000005,2177
2026-03-26T05:30:00+00:00,1.3781000000000005,1.3785500000000006,1.3778500000000005,1.3784200000000004,3356
2026-03-26T06:00:00+00:00,1.3784200000000004,1.3785400000000005,1.3778400000000006,1.3779300000000005,3385
2026-03-26T06:30:00+00:00,1.3779300000000005,1.3782400000000006,1.3776400000000006,1.3776900000000005,4381
2026-03-26T07:00:00+00:00,1.3776900000000005,1.3789400000000005,1.3776900000000005,1.3782300000000005,4856
2026-03-26T07:30:00+00:00,1.3782300000000005,1.3790500000000006,1.3782000000000005,1.3788700000000005,3704
2026-03-26T08:00:00+00:00,1.3788700000000005,1.3794300000000006,1.3787900000000006,1.3794200000000005,4398
2026-03-26T08:30:00+00:00,1.3794200000000005,1.3797200000000005,1.3789900000000006,1.3790600000000006,3725
2026-03-26T09:00:00+00:00,1.3790600000000006,1.3793400000000005,1.3788400000000005,1.3790300000000004,4048
2026-03-26T09:30:00+00:00,1.3790300000000004,1.3792600000000006,1.3785400000000005,1.3787300000000005,3822
2026-03-26T10:00:00+00:00,1.3787300000000005,1.3787700000000005,1.3783300000000005,1.3787600000000004,3212
2026-03-26T10:30:00+00:00,1.3787600000000004,1.3791000000000004,1.3783600000000005,1.3790100000000005,3658
2026-03-26T11:00:00+00:00,1.3790100000000005,1.3803700000000005,1.3787400000000005,1.3802900000000005,3314
2026-03-26T11:30:00+00:00,1.3802900000000005,1.3808400000000005,1.3800900000000005,1.3805200000000006,2997
2026-03-26T12:00:00+00:00,1.3805200000000006,1.3808000000000005,1.3794800000000005,1.3798400000000006,5051
2026-03-26T12:30:00+00:00,1.3798400000000006,1.3802400000000006,1.3791900000000006,1.3794300000000006,5094
2026-03-26T13:00:00+00:00,1.3794300000000006,1.3796200000000005,1.3785600000000005,1.3789500000000006,5188
2026-03-26T13:30:00+00:00,1.3789500000000006,1.3794500000000005,1.3779900000000005,1.3786700000000005,8975
2026-03-26T14:00:00+00:00,1.3786700000000005,1.3791600000000006,1.3783700000000005,1.3787600000000004,6692
2026-03-26T14:30:00+00:00,1.3787600000000004,1.3799700000000006,1.3785700000000005,1.3795300000000006,9885
2026-03-26T15:00:00+00:00,1.3795300000000006,1.3806400000000005,1.3793200000000005,1.3806300000000005,6999
2026-03-26T15:30:00+00:00,1.3806300000000005,1.3816600000000006,1.3803700000000005,1.3809900000000006,7622
2026-03-26T16:00:00+00:00,1.3809900000000006,1.3813600000000006,1.3805800000000006,1.3805900000000004,5307
2026-03-26T16:30:00+00:00,1.3805900000000004,1.3810600000000006,1.3799900000000005,1.3801900000000005,5282
2026-03-26T17:00:00+00:00,1.3801900000000005,1.3813000000000006,1.3801900000000005,1.3811400000000005,4319
2026-03-26T17:30:00+00:00,1.3811400000000005,1.3814100000000005,1.3806800000000006,1.3813500000000005,3967
2026-03-26T18:00:00+00:00,1.3813500000000005,1.3814800000000005,1.3807200000000006,1.3811400000000005,3941
2026-03-26T18:30:00+00:00,1.3811400000000005,1.3812200000000006,1.3804700000000005,1.3805500000000006,3378
2026-03-26T19:00:00+00:00,1.3805500000000006,1.3811300000000006,1.3804400000000006,1.3810100000000005,3996
2026-03-26T19:30:00+00:00,1.3810100000000005,1.3816200000000005,1.3805700000000005,1.3816100000000004,3281
2026-03-26T20:00:00+00:00,1.3816100000000004,1.3817100000000004,1.3794700000000006,1.3814700000000006,9618
2026-03-26T20:30:00+00:00,1.3814700000000006,1.3824800000000006,1.3813600000000006,1.3818200000000005,2583
2026-03-26T21:00:00+00:00,1.3818200000000005,1.3818200000000005,1.3812400000000005,1.3812400000000005,160.4275004803654
2026-03-26T21:30:00+00:00,1.3812400000000005,1.3812900000000006,1.3808700000000005,1.3809100000000005,599.7496123210619
2026-03-26T22:00:00+00:00,1.3809100000000005,1.3814700000000004,1.3808800000000006,1.3812000000000004,884
2026-03-26T22:30:00+00:00,1.3812000000000004,1.3812000000000004,1.3807100000000005,1.3809000000000005,613
2026-03-26T23:00:00+00:00,1.3809000000000005,1.3809600000000004,1.3807700000000005,1.3808600000000004,842
2026-03-26T23:30:00+00:00,1.3808600000000004,1.3812000000000004,1.3802600000000005,1.3811600000000004,1601
2026-03-27T00:00:00+00:00,1.3811600000000004,1.3819600000000005,1.3807500000000006,1.3817200000000005,4492
2026-03-27T00:30:00+00:00,1.3817200000000005,1.3818700000000004,1.3814800000000005,1.3816100000000004,3401
2026-03-27T01:00:00+00:00,1.3816100000000004,1.3818300000000006,1.3808400000000005,1.3809300000000004,4530
2026-03-27T01:30:00+00:00,1.3809300000000004,1.3809500000000006,1.3804600000000005,1.3805500000000004,3445
2026-03-27T02:00:00+00:00,1.3805500000000004,1.3808300000000004,1.3802700000000006,1.3807500000000006,3102
2026-03-27T02:30:00+00:00,1.3807500000000006,1.3810500000000006,1.3806900000000004,1.3810300000000004,2830
2026-03-27T03:00:00+00:00,1.3810300000000004,1.3813400000000005,1.3809800000000005,1.3812700000000004,2764
2026-03-27T03:30:00+00:00,1.3812700000000004,1.3814000000000004,1.3809500000000006,1.3813000000000004,2787
2026-03-27T04:00:00+00:00,1.3813000000000004,1.3814000000000004,1.3810600000000004,1.3811700000000005,2486
2026-03-27T04:30:00+00:00,1.3811700000000005,1.3811900000000006,1.3808300000000004,1.3809500000000006,2161
2026-03-27T05:00:00+00:00,1.3809500000000006,1.3811800000000005,1.3805700000000005,1.3811600000000004,2564
2026-03-27T05:30:00+00:00,1.3811600000000004,1.3813000000000004,1.3810000000000004,1.3812700000000004,3328
2026-03-27T06:00:00+00:00,1.3812700000000004,1.3813800000000005,1.3805800000000006,1.3808900000000004,3220
2026-03-27T06:30:00+00:00,1.3808900000000004,1.3812200000000006,1.3808600000000004,1.3810600000000004,2843
2026-03-27T07:00:00+00:00,1.3810600000000004,1.3811800000000005,1.3806300000000005,1.3807800000000006,2951
2026-03-27T07:30:00+00:00,1.3807800000000006,1.3810600000000004,1.3805300000000005,1.3808700000000005,3026
2026-03-27T08:00:00+00:00,1.3808700000000005,1.3810700000000005,1.3803900000000004,1.3807500000000006,3736
2026-03-27T08:30:00+00:00,1.3807500000000006,1.3810400000000005,1.3803600000000005,1.3808900000000004,2350
2026-03-27T09:00:00+00:00,1.3808900000000004,1.3813700000000004,1.3805700000000005,1.3807000000000005,2904
2026-03-27T09:30:00+00:00,1.3807000000000005,1.3811500000000005,1.3804500000000004,1.3810600000000004,3677
2026-03-27T10:00:00+00:00,1.3810600000000004,1.3811200000000006,1.3805300000000005,1.3806800000000006,3816
2026-03-27T10:30:00+00:00,1.3806800000000006,1.3812200000000006,1.3806500000000004,1.3808200000000004,3564
2026-03-27T11:00:00+00:00,1.3808200000000004,1.3810900000000004,1.3804600000000005,1.3809100000000005,3316
2026-03-27T11:30:00+00:00,1.3809100000000005,1.3824500000000004,1.3808900000000004,1.3822700000000006,3867
2026-03-27T12:00:00+00:00,1.3822700000000006,1.3828300000000004,1.3818200000000005,1.3820600000000005,4471
2026-03-27T12:30:00+00:00,1.3820600000000005,1.3827600000000004,1.3820500000000004,1.3826100000000006,4525
2026-03-27T13:00:00+00:00,1.3826100000000006,1.3828500000000006,1.3818500000000005,1.3821100000000004,5212
2026-03-27T13:30:00+00:00,1.3821100000000004,1.3824700000000005,1.3813600000000006,1.3820500000000004,7995
2026-03-27T14:00:00+00:00,1.3820500000000004,1.3821500000000004,1.3808300000000004,1.3815700000000004,8173
2026-03-27T14:30:00+00:00,1.3815700000000004,1.3825800000000006,1.3815700000000004,1.3822800000000004,6547
2026-03-27T15:00:00+00:00,1.3822800000000004,1.3833400000000005,1.3816600000000006,1.3826400000000005,8396
2026-03-27T15:30:00+00:00,1.3826400000000005,1.3838600000000005,1.3822200000000004,1.3838600000000005,8417
2026-03-27T16:00:00+00:00,1.3838600000000005,1.3841900000000005,1.3829200000000004,1.3829800000000005,6053
2026-03-27T16:30:00+00:00,1.3829800000000005,1.3838300000000006,1.3829700000000005,1.3838000000000006,5917
2026-03-27T17:00:00+00:00,1.3838000000000006,1.3845800000000006,1.3833400000000005,1.3845500000000004,5607
2026-03-27T17:30:00+00:00,1.3845500000000004,1.3848400000000005,1.3842400000000006,1.3844400000000006,4238
2026-03-27T18:00:00+00:00,1.3844400000000006,1.3849400000000005,1.3841900000000005,1.3842500000000004,4012
2026-03-27T18:30:00+00:00,1.3842500000000004,1.3845100000000006,1.3839200000000005,1.3843700000000005,3376
2026-03-27T19:00:00+00:00,1.3843700000000005,1.3847300000000005,1.3843300000000005,1.3845300000000005,1795
2026-03-27T19:30:00+00:00,1.3845300000000005,1.3848400000000005,1.3836700000000004,1.3839700000000004,2740
2026-03-27T20:00:00+00:00,1.3839700000000004,1.3852900000000006,1.3839700000000004,1.3851400000000005,2423
2026-03-27T20:30:00+00:00,1.3851400000000005,1.3853200000000006,1.3841900000000005,1.3847600000000004,1991.253357206804
2026-03-29T21:00:00+00:00,1.3847600000000004,1.3847800000000003,1.3847100000000006,1.3847200000000004,76.36602077202218
2026-03-29T21:30:00+00:00,1.3847200000000004,1.3851000000000002,1.3846300000000002,1.3848300000000002,913.3302745419586
2026-03-29T22:00:00+00:00,1.3848300000000002,1.3873000000000002,1.3846600000000002,1.3869900000000002,1806
2026-03-29T22:30:00+00:00,1.3869900000000002,1.3870900000000002,1.3867500000000001,1.3870200000000004,1278
2026-03-29T23:00:00+00:00,1.3870200000000004,1.3870300000000002,1.3864900000000002,1.3869400000000003,2062
2026-03-29T23:30:00+00:00,1.3869400000000003,1.3872700000000002,1.3867400000000003,1.3869700000000003,4486
2026-03-30T00:00:00+00:00,1.3869700000000003,1.3872100000000003,1.3858800000000002,1.3861900000000003,8033
2026-03-30T00:30:00+00:00,1.3861900000000003,1.3862400000000004,1.3856600000000003,1.3856700000000002,5403
2026-03-30T01:00:00+00:00,1.3856700000000002,1.3862100000000002,1.3855500000000003,1.3858700000000002,4882
2026-03-30T01:30:00+00:00,1.3858700000000002,1.3861100000000002,1.3855600000000003,1.3859200000000003,3261
2026-03-30T02:00:00+00:00,1.3859200000000003,1.3864800000000002,1.3859200000000003,1.3864300000000003,3718
2026-03-30T02:30:00+00:00,1.3864300000000003,1.3864300000000003,1.3859800000000002,1.3862600000000003,3120
2026-03-30T03:00:00+00:00,1.3862600000000003,1.3863900000000002,1.3858900000000003,1.3860100000000002,2434
2026-03-30T03:30:00+00:00,1.3860100000000002,1.3862300000000003,1.3858800000000002,1.3862300000000003,1929
2026-03-30T04:00:00+00:00,1.3862300000000003,1.3862300000000003,1.3859000000000004,1.3860000000000003,1328
2026-03-30T04:30:00+00:00,1.3860000000000003,1.3863400000000003,1.3859900000000003,1.3863200000000002,1239
2026-03-30T05:00:00+00:00,1.3863200000000002,1.3864000000000003,1.3860400000000002,1.3861300000000003,2530
2026-03-30T05:30:00+00:00,1.3861300000000003,1.3863100000000002,1.3855800000000003,1.3858500000000002,2651
2026-03-30T06:00:00+00:00,1.3858500000000002,1.3869700000000003,1.3857800000000002,1.3866100000000003,3498
2026-03-30T06:30:00+00:00,1.3866100000000003,1.3866100000000003,1.3859100000000002,1.3861600000000003,2708
2026-03-30T07:00:00+00:00,1.3861600000000003,1.3871100000000003,1.3861500000000002,1.3869600000000002,3219
2026-03-30T07:30:00+00:00,1.3869600000000002,1.3880200000000003,1.3868900000000002,1.3879400000000002,2814
2026-03-30T08:00:00+00:00,1.3879400000000002,1.3886600000000002,1.3878100000000002,1.3882200000000002,3556
2026-03-30T08:30:00+00:00,1.3882200000000002,1.3888700000000003,1.3880000000000003,1.3888200000000002,2542
2026-03-30T09:00:00+00:00,1.3888200000000002,1.3889200000000002,1.3881500000000002,1.3884400000000003,2972
2026-03-30T09:30:00+00:00,1.3884400000000003,1.3885400000000003,1.3882200000000002,1.3884300000000003,2639
2026-03-30T10:00:00+00:00,1.3884300000000003,1.3886000000000003,1.3879000000000004,1.3879900000000003,3115
2026-03-30T10:30:00+00:00,1.3879900000000003,1.3882100000000002,1.3877000000000002,1.3881300000000003,4248
2026-03-30T11:00:00+00:00,1.3881300000000003,1.3891200000000004,1.3881000000000003,1.3886600000000004,4628.809991017757
2026-03-30T11:30:00+00:00,1.3886600000000004,1.3891900000000006,1.3884700000000005,1.3891500000000006,4177
2026-03-30T12:00:00+00:00,1.3891500000000006,1.3894500000000005,1.3886600000000004,1.3891700000000005,3956
2026-03-30T12:30:00+00:00,1.3891700000000005,1.3895900000000005,1.3887600000000004,1.3895200000000005,4078
2026-03-30T13:00:00+00:00,1.3895200000000005,1.3900300000000005,1.3891600000000004,1.3896700000000004,5084
2026-03-30T13:30:00+00:00,1.3896700000000004,1.3901200000000005,1.3891500000000006,1.3900700000000006,6612
2026-03-30T14:00:00+00:00,1.3900700000000006,1.3915000000000004,1.3898700000000006,1.3914000000000004,6680
2026-03-30T14:30:00+00:00,1.3914000000000004,1.3914000000000004,1.3889300000000004,1.3890100000000005,6789
2026-03-30T15:00:00+00:00,1.3890100000000005,1.3897700000000004,1.3884400000000006,1.3893000000000004,5605
2026-03-30T15:30:00+00:00,1.3893000000000004,1.3899400000000004,1.3891200000000006,1.3892200000000006,5740
2026-03-30T16:00:00+00:00,1.3892200000000006,1.3897600000000006,1.3886500000000006,1.3895600000000006,5171
2026-03-30T16:30:00+00:00,1.3895600000000006,1.3896600000000006,1.3890400000000005,1.3893700000000004,3944
2026-03-30T17:00:00+00:00,1.3893700000000004,1.3896900000000005,1.3891300000000004,1.3893900000000006,4749
2026-03-30T17:30:00+00:00,1.3893900000000006,1.3895900000000005,1.3887500000000006,1.3892100000000005,4092
2026-03-30T18:00:00+00:00,1.3892100000000005,1.3893700000000004,1.3886400000000005,1.3892300000000004,3585
2026-03-30T18:30:00+00:00,1.3892300000000004,1.3897700000000004,1.3890700000000005,1.3896000000000004,2440
2026-03-30T19:00:00+00:00,1.3896000000000004,1.3899900000000005,1.3894200000000005,1.3897800000000005,3011
2026-03-30T19:30:00+00:00,1.3897800000000005,1.3900700000000006,1.3893600000000006,1.3899500000000005,3255
2026-03-30T20:00:00+00:00,1.3899500000000005,1.3900200000000005,1.3894500000000005,1.3897200000000005,1726
2026-03-30T20:30:00+00:00,1.3897200000000005,1.3899800000000004,1.3891700000000005,1.3891900000000006,2568
2026-03-30T21:00:00+00:00,1.3891900000000006,1.3893000000000004,1.3887600000000002,1.3889300000000002,162.08869180692352
2026-03-30T21:30:00+00:00,1.3889300000000002,1.3890400000000003,1.3884800000000002,1.3889500000000001,1172
2026-03-30T22:00:00+00:00,1.3889500000000001,1.3897400000000002,1.3889500000000001,1.3896000000000002,544
2026-03-30T22:30:00+00:00,1.3896000000000002,1.3898200000000003,1.3895500000000003,1.3896800000000002,409
2026-03-30T23:00:00+00:00,1.3896800000000002,1.3899000000000001,1.3896800000000002,1.3898400000000002,1388
2026-03-30T23:30:00+00:00,1.3898400000000002,1.3900200000000003,1.3894800000000003,1.3897700000000002,1469
2026-03-31T00:00:00+00:00,1.3897700000000002,1.3904800000000002,1.3897500000000003,1.3901000000000003,4067
2026-03-31T00:30:00+00:00,1.3901000000000003,1.3903900000000002,1.3890100000000003,1.3891300000000002,9267
2026-03-31T01:00:00+00:00,1.3891300000000002,1.3896200000000003,1.3886700000000003,1.3887800000000003,6055
2026-03-31T01:30:00+00:00,1.3887800000000003,1.3892300000000002,1.3885500000000002,1.3890900000000002,7433
2026-03-31T02:00:00+00:00,1.3890900000000002,1.3893400000000002,1.3890000000000002,1.3891600000000002,5376
2026-03-31T02:30:00+00:00,1.3891600000000002,1.3895300000000002,1.3890700000000002,1.3894800000000003,4039
2026-03-31T03:00:00+00:00,1.3894800000000003,1.3898900000000003,1.3893800000000003,1.3897100000000002,3123
2026-03-31T03:30:00+00:00,1.3897100000000002,1.3901000000000003,1.3896200000000003,1.3900100000000002,2543
2026-03-31T04:00:00+00:00,1.3900100000000002,1.3900100000000002,1.3896400000000002,1.3897600000000003,2817
2026-03-31T04:30:00+00:00,1.3897600000000003,1.3901300000000003,1.3896500000000003,1.3900100000000002,2381
2026-03-31T05:00:00+00:00,1.3900100000000002,1.3903200000000002,1.3898400000000002,1.3899200000000003,3367
2026-03-31T05:30:00+00:00,1.3899200000000003,1.3899700000000001,1.3895200000000003,1.3897900000000003,3849
2026-03-31T06:00:00+00:00,1.3897900000000003,1.3907000000000003,1.3897700000000002,1.3903700000000003,3018
2026-03-31T06:30:00+00:00,1.3903700000000003,1.3906200000000002,1.3901000000000003,1.3903000000000003,3868
2026-03-31T07:00:00+00:00,1.3903000000000003,1.3908600000000002,1.3900800000000002,1.3905300000000003,4195
2026-03-31T07:30:00+00:00,1.3905300000000003,1.3906300000000003,1.3902100000000002,1.3902500000000002,3112
2026-03-31T08:00:00+00:00,1.3902500000000002,1.3911100000000003,1.3902100000000002,1.3910500000000003,2856
2026-03-31T08:30:00+00:00,1.3910500000000003,1.3910500000000003,1.3904400000000003,1.3909200000000002,2988
2026-03-31T09:00:00+00:00,1.3909200000000002,1.3912100000000003,1.3907100000000003,1.3911400000000003,2997
2026-03-31T09:30:00+00:00,1.3911400000000003,1.3913200000000003,1.3909700000000003,1.3911800000000003,3129
2026-03-31T10:00:00+00:00,1.3911800000000003,1.3913900000000003,1.3911100000000003,1.3911300000000002,2522
2026-03-31T10:30:00+00:00,1.3911300000000002,1.3914100000000003,1.3911000000000002,1.3913100000000003,3154
2026-03-31T11:00:00+00:00,1.3913100000000003,1.3914100000000003,1.3903400000000001,1.3909000000000002,5247
2026-03-31T11:30:00+00:00,1.3909000000000002,1.3910000000000002,1.3900400000000002,1.3904700000000003,4374
2026-03-31T12:00:00+00:00,1.3904700000000003,1.3907800000000003,1.3900400000000002,1.3902600000000003,7352
2026-03-31T12:30:00+00:00,1.3902600000000003,1.3911100000000003,1.3901300000000003,1.3908900000000002,3818
2026-03-31T13:00:00+00:00,1.3908900000000002,1.3911100000000003,1.3896500000000003,1.3897000000000002,3731
2026-03-31T13:30:00+00:00,1.3897000000000002,1.3906000000000003,1.3893500000000003,1.3898600000000003,5942
2026-03-31T14:00:00+00:00,1.3898600000000003,1.3913500000000003,1.3895500000000003,1.3910400000000003,7415
2026-03-31T14:30:00+00:00,1.3910400000000003,1.3936000000000002,1.3904100000000001,1.3924800000000002,10223
2026-03-31T15:00:00+00:00,1.3924800000000002,1.3935800000000003,1.3921200000000002,1.3927800000000001,11674
2026-03-31T15:30:00+00:00,1.3927800000000001,1.3930100000000003,1.3918200000000003,1.3923200000000002,7753
2026-03-31T16:00:00+00:00,1.3923200000000002,1.3926100000000003,1.3916300000000001,1.3917600000000003,4762
2026-03-31T16:30:00+00:00,1.3917600000000003,1.3918000000000001,1.3895100000000002,1.3903700000000003,13717
2026-03-31T17:00:00+00:00,1.3903700000000003,1.3908900000000002,1.3897700000000002,1.3904800000000002,8092
2026-03-31T17:30:00+00:00,1.3904800000000002,1.3906900000000002,1.3897800000000002,1.3906000000000003,6443
2026-03-31T18:00:00+00:00,1.3906000000000003,1.3907100000000003,1.3900700000000001,1.3903500000000002,5890
2026-03-31T18:30:00+00:00,1.3903500000000002,1.3906800000000001,1.3900900000000003,1.3903900000000002,4493
2026-03-31T19:00:00+00:00,1.3903900000000002,1.3907100000000003,1.3902500000000002,1.3904400000000003,3732
2026-03-31T19:30:00+00:00,1.3904400000000003,1.3904600000000003,1.3878500000000003,1.3882800000000002,6214
2026-03-31T20:00:00+00:00,1.3882800000000002,1.3883100000000002,1.3875000000000002,1.3880500000000002,5018
2026-03-31T20:30:00+00:00,1.3880500000000002,1.3886000000000003,1.3877000000000002,1.3883800000000002,3128
2026-03-31T21:00:00+00:00,1.3883800000000002,1.3883800000000002,1.3874300000000002,1.3875300000000002,278
2026-03-31T21:30:00+00:00,1.3875300000000002,1.3880200000000003,1.3874300000000002,1.3877500000000003,646
2026-03-31T22:00:00+00:00,1.3877500000000003,1.3887700000000003,1.3875900000000003,1.3886500000000002,926
2026-03-31T22:30:00+00:00,1.3886500000000002,1.3887400000000003,1.3880900000000003,1.3881000000000003,785
2026-03-31T23:00:00+00:00,1.3881000000000003,1.3881600000000003,1.3876800000000002,1.3877100000000002,1249
2026-03-31T23:30:00+00:00,1.3877100000000002,1.3877800000000002,1.3872000000000002,1.3873000000000002,1759
2026-04-01T00:00:00+00:00,1.3873000000000002,1.3876300000000001,1.3866100000000003,1.3867300000000002,3729
2026-04-01T00:30:00+00:00,1.3867300000000002,1.3869500000000003,1.3866100000000003,1.3867600000000002,2622
2026-04-01T01:00:00+00:00,1.3867600000000002,1.3879900000000003,1.3867000000000003,1.3871700000000002,5399
2026-04-01T01:30:00+00:00,1.3871700000000002,1.3880800000000002,1.3871100000000003,1.3876500000000003,3468
2026-04-01T02:00:00+00:00,1.3876500000000003,1.3878400000000002,1.3872200000000003,1.3875800000000003,3462
2026-04-01T02:30:00+00:00,1.3875800000000003,1.3876500000000003,1.3868900000000002,1.3871600000000002,2733
2026-04-01T03:00:00+00:00,1.3871600000000002,1.3875500000000003,1.3870600000000002,1.3875300000000002,2646
2026-04-01T03:30:00+00:00,1.3875300000000002,1.3881300000000003,1.3874900000000003,1.3879900000000003,2102
2026-04-01T04:00:00+00:00,1.3879900000000003,1.3880800000000002,1.3876700000000002,1.3878200000000003,1975
2026-04-01T04:30:00+00:00,1.3878200000000003,1.3879400000000002,1.3876500000000003,1.3878500000000003,2065
2026-04-01T05:00:00+00:00,1.3878500000000003,1.3879900000000003,1.3872700000000002,1.3872900000000001,3158
2026-04-01T05:30:00+00:00,1.3872900000000001,1.3874800000000003,1.3867700000000003,1.3874700000000002,3385
2026-04-01T06:00:00+00:00,1.3874700000000002,1.3880700000000001,1.3866600000000002,1.3867300000000002,5710
2026-04-01T06:30:00+00:00,1.3867300000000002,1.3870400000000003,1.3861800000000002,1.3862100000000002,5808
2026-04-01T07:00:00+00:00,1.3862100000000002,1.3873400000000002,1.3861400000000001,1.3871000000000002,6330
2026-04-01T07:30:00+00:00,1.3871000000000002,1.3879600000000003,1.3866800000000001,1.3877600000000003,6955
2026-04-01T08:00:00+00:00,1.3877600000000003,1.3878800000000002,1.3861200000000002,1.3861200000000002,5698
2026-04-01T08:30:00+00:00,1.3861200000000002,1.3862300000000003,1.3855700000000002,1.3859100000000002,4109
2026-04-01T09:00:00+00:00,1.3859100000000002,1.3862700000000003,1.3857600000000003,1.3860800000000002,4293
2026-04-01T09:30:00+00:00,1.3860800000000002,1.3866300000000003,1.3855000000000002,1.3858000000000001,4437
2026-04-01T10:00:00+00:00,1.3858000000000001,1.3864100000000001,1.3856700000000002,1.3859700000000001,4501
2026-04-01T10:30:00+00:00,1.3859700000000001,1.3865500000000002,1.3857500000000003,1.3863200000000002,3772
2026-04-01T11:00:00+00:00,1.3863200000000002,1.3868100000000003,1.3862500000000002,1.3864700000000003,2950
2026-04-01T11:30:00+00:00,1.3864700000000003,1.3865500000000002,1.3858200000000003,1.3860400000000002,3289
2026-04-01T12:00:00+00:00,1.3860400000000002,1.3866400000000003,1.3856600000000003,1.3863900000000002,3994
2026-04-01T12:30:00+00:00,1.3863900000000002,1.3868000000000003,1.3852900000000001,1.3864300000000003,9093
2026-04-01T13:00:00+00:00,1.3864300000000003,1.3868900000000002,1.3846000000000003,1.3858400000000002,6805
2026-04-01T13:30:00+00:00,1.3858400000000002,1.3866300000000003,1.3849000000000002,1.3864500000000002,9787
2026-04-01T14:00:00+00:00,1.3864500000000002,1.3873800000000003,1.3864500000000002,1.3866000000000003,8234
2026-04-01T14:30:00+00:00,1.3866000000000003,1.3866300000000003,1.3855400000000002,1.3856300000000001,8564
2026-04-01T15:00:00+00:00,1.3856300000000001,1.3862300000000003,1.3850600000000002,1.3857700000000002,6884
2026-04-01T15:30:00+00:00,1.3857700000000002,1.3859500000000002,1.3845300000000003,1.3846000000000003,4892
2026-04-01T16:00:00+00:00,1.3846000000000003,1.3855800000000003,1.3845700000000003,1.3854600000000001,4526
2026-04-01T16:30:00+00:00,1.3854600000000001,1.3855800000000003,1.3842800000000002,1.3844000000000003,2846
2026-04-01T17:00:00+00:00,1.3844000000000003,1.3850000000000002,1.3841200000000002,1.3849300000000002,3212
2026-04-01T17:30:00+00:00,1.3849300000000002,1.3856700000000002,1.3849300000000002,1.3855900000000003,3577
2026-04-01T18:00:00+00:00,1.3855900000000003,1.3863800000000002,1.3854800000000003,1.3863500000000002,4461
2026-04-01T18:30:00+00:00,1.3863500000000002,1.3865000000000003,1.3856300000000001,1.3863700000000003,4655
2026-04-01T19:00:00+00:00,1.3863700000000003,1.3864100000000001,1.3848300000000002,1.3848800000000003,3192
2026-04-01T19:30:00+00:00,1.3848800000000003,1.3857500000000003,1.3848700000000003,1.3854000000000002,4059
2026-04-01T20:00:00+00:00,1.3854000000000002,1.3854300000000002,1.3845700000000003,1.3848200000000002,1710
2026-04-01T20:30:00+00:00,1.3848200000000002,1.3848200000000002,1.3841700000000003,1.3842000000000003,1688
2026-04-01T21:00:00+00:00,1.3842000000000003,1.3842800000000002,1.3836800000000002,1.3842100000000002,870.500625812526
2026-04-01T21:30:00+00:00,1.3842100000000002,1.3842800000000002,1.3838700000000002,1.3841300000000003,3587
2026-04-01T22:00:00+00:00,1.3841300000000003,1.3843300000000003,1.3840900000000003,1.3842100000000002,516
2026-04-01T22:30:00+00:00,1.3842100000000002,1.3846400000000003,1.3841300000000003,1.3843400000000003,1022
2026-04-01T23:00:00+00:00,1.3843400000000003,1.3845700000000003,1.3842000000000003,1.3843600000000003,1070
2026-04-01T23:30:00+00:00,1.3843600000000003,1.3847200000000002,1.3842600000000003,1.3846800000000001,1380
2026-04-02T00:00:00+00:00,1.3846800000000001,1.3848800000000003,1.3842600000000003,1.3847800000000003,3203
2026-04-02T00:30:00+00:00,1.3847800000000003,1.3848400000000003,1.3839700000000001,1.3841500000000002,3426
2026-04-02T01:00:00+00:00,1.3841500000000002,1.3864200000000002,1.3838000000000001,1.3863600000000003,15319
2026-04-02T01:30:00+00:00,1.3863600000000003,1.3869400000000003,1.3861000000000003,1.3863900000000002,7908
2026-04-02T02:00:00+00:00,1.3863900000000002,1.3866600000000002,1.3860100000000002,1.3866600000000002,7198
2026-04-02T02:30:00+00:00,1.3866600000000002,1.3870900000000002,1.3865000000000003,1.3870000000000002,3799
2026-04-02T03:00:00+00:00,1.3870000000000002,1.3873700000000002,1.3869600000000002,1.3870100000000003,2825
2026-04-02T03:30:00+00:00,1.3870100000000003,1.3880100000000002,1.3868500000000001,1.3878800000000002,3157
2026-04-02T04:00:00+00:00,1.3878800000000002,1.3883400000000001,1.3878500000000003,1.3881900000000003,3595
2026-04-02T04:30:00+00:00,1.3881900000000003,1.3884000000000003,1.3880300000000003,1.3880400000000002,2209
2026-04-02T05:00:00+00:00,1.3880400000000002,1.3883400000000001,1.3878600000000003,1.3882300000000003,2537
2026-04-02T05:30:00+00:00,1.3882300000000003,1.3887800000000003,1.3880300000000003,1.3886300000000003,4919
2026-04-02T06:00:00+00:00,1.3886300000000003,1.3886300000000003,1.3878300000000003,1.3881500000000002,5745
2026-04-02T06:30:00+00:00,1.3881500000000002,1.3885400000000003,1.3880000000000003,1.3882200000000002,4826
2026-04-02T07:00:00+00:00,1.3882200000000002,1.3886900000000002,1.3875400000000002,1.3877500000000003,5232
2026-04-02T07:30:00+00:00,1.3877500000000003,1.3885400000000003,1.3876600000000003,1.3879700000000001,4370
2026-04-02T08:00:00+00:00,1.3879700000000001,1.3887200000000002,1.3878800000000002,1.3885300000000003,3785
2026-04-02T08:30:00+00:00,1.3885300000000003,1.3890900000000002,1.3884700000000003,1.3889700000000003,2587
2026-04-02T09:00:00+00:00,1.3889700000000003,1.3890700000000002,1.3885800000000001,1.3886300000000003,2611
2026-04-02T09:30:00+00:00,1.3886300000000003,1.3887500000000002,1.3882000000000003,1.3886800000000001,2717
2026-04-02T10:00:00+00:00,1.3886800000000001,1.3894600000000001,1.3884800000000002,1.3893400000000002,2800
2026-04-02T10:30:00+00:00,1.3893400000000002,1.3898200000000003,1.3893300000000002,1.3898200000000003,2517
2026-04-02T11:00:00+00:00,1.3898200000000003,1.3902500000000002,1.3894500000000003,1.3897500000000003,2583
2026-04-02T11:30:00+00:00,1.3897500000000003,1.3897700000000002,1.3885600000000002,1.3887200000000002,2987
2026-04-02T12:00:00+00:00,1.3887200000000002,1.3890400000000003,1.3875900000000003,1.3888700000000003,4818
2026-04-02T12:30:00+00:00,1.3888700000000003,1.3891500000000003,1.3885900000000002,1.3888000000000003,4315
2026-04-02T13:00:00+00:00,1.3888000000000003,1.3891800000000003,1.3885800000000001,1.3888500000000001,3706
2026-04-02T13:30:00+00:00,1.3888500000000001,1.3892500000000003,1.3883900000000002,1.3887800000000003,7028
2026-04-02T14:00:00+00:00,1.3887800000000003,1.3894100000000003,1.3884500000000002,1.3893600000000002,6823
2026-04-02T14:30:00+00:00,1.3893600000000002,1.3895700000000002,1.3877800000000002,1.3893000000000002,12463
2026-04-02T15:00:00+00:00,1.3893000000000002,1.3894300000000002,1.3883000000000005,1.3884500000000006,8579.771135515955
2026-04-02T15:30:00+00:00,1.3884500000000006,1.3888600000000004,1.3880700000000006,1.3886300000000005,5005
2026-04-02T16:00:00+00:00,1.3886300000000005,1.3893900000000006,1.3886000000000005,1.3888700000000005,4737
2026-04-02T16:30:00+00:00,1.3888700000000005,1.3892700000000004,1.3880700000000006,1.3883100000000006,5149
2026-04-02T17:00:00+00:00,1.3883100000000006,1.3884200000000004,1.3879000000000006,1.3883000000000005,3622
2026-04-02T17:30:00+00:00,1.3883000000000005,1.3887100000000006,1.3881000000000006,1.3884100000000006,2847
2026-04-02T18:00:00+00:00,1.3884100000000006,1.3889800000000005,1.3882700000000006,1.3889000000000005,2525
2026-04-02T18:30:00+00:00,1.3889000000000005,1.3890900000000006,1.3885300000000005,1.3886800000000006,2298
2026-04-02T19:00:00+00:00,1.3886800000000006,1.3888000000000005,1.3883700000000005,1.3885800000000006,2693
2026-04-02T19:30:00+00:00,1.3885800000000006,1.3892000000000004,1.3885600000000005,1.3887500000000006,2220
2026-04-02T20:00:00+00:00,1.3887500000000006,1.3889100000000005,1.3884400000000006,1.3885300000000005,1805
2026-04-02T20:30:00+00:00,1.3885300000000005,1.3890300000000004,1.3883500000000004,1.3886900000000004,2140
2026-04-02T21:00:00+00:00,1.3886900000000004,1.3886900000000004,1.3879900000000005,1.3883400000000004,119.35766952069689
2026-04-02T21:30:00+00:00,1.3883400000000004,1.3884800000000004,1.3880000000000003,1.3881600000000005,460.3075815648996
2026-04-02T22:00:00+00:00,1.3881600000000005,1.3891600000000004,1.3881600000000005,1.3891200000000004,578
2026-04-02T22:30:00+00:00,1.3891200000000004,1.3891600000000004,1.3888900000000004,1.3889400000000005,520
2026-04-02T23:00:00+00:00,1.3889400000000005,1.3889800000000003,1.3886300000000005,1.3886600000000004,455
2026-04-02T23:30:00+00:00,1.3886600000000004,1.3888400000000005,1.3886000000000005,1.3887400000000003,283
2026-04-03T00:00:00+00:00,1.3887400000000003,1.3889900000000004,1.3884900000000004,1.3888000000000005,646
2026-04-03T00:30:00+00:00,1.3888000000000005,1.3892200000000003,1.3886900000000004,1.3890600000000004,1226
2026-04-03T01:00:00+00:00,1.3890600000000004,1.3893100000000005,1.3889900000000004,1.3891200000000004,1229
2026-04-03T01:30:00+00:00,1.3891200000000004,1.3893800000000005,1.3891100000000005,1.3893500000000003,762
2026-04-03T02:00:00+00:00,1.3893500000000003,1.3895300000000004,1.3891700000000005,1.3895300000000004,981
2026-04-03T02:30:00+00:00,1.3895300000000004,1.3895300000000004,1.3893600000000004,1.3894200000000003,529
2026-04-03T03:00:00+00:00,1.3894200000000003,1.3894800000000005,1.3892800000000005,1.3893800000000005,607
2026-04-03T03:30:00+00:00,1.3893800000000005,1.3895400000000004,1.3893600000000004,1.3894600000000004,675
2026-04-03T04:00:00+00:00,1.3894600000000004,1.3894800000000005,1.3893000000000004,1.3893700000000004,1446
2026-04-03T04:30:00+00:00,1.3893700000000004,1.3894900000000003,1.3893400000000005,1.3894800000000005,590
2026-04-03T05:00:00+00:00,1.3894800000000005,1.3896600000000003,1.3894400000000005,1.3896300000000004,616
2026-04-03T05:30:00+00:00,1.3896300000000004,1.3896300000000004,1.3891100000000005,1.3891600000000004,669
2026-04-03T06:00:00+00:00,1.3891600000000004,1.3893700000000004,1.3891100000000005,1.3892900000000004,571
2026-04-03T06:30:00+00:00,1.3892900000000004,1.3894800000000005,1.3889700000000005,1.3890800000000003,1150
2026-04-03T07:00:00+00:00,1.3890800000000003,1.3892500000000003,1.3888100000000003,1.3889600000000004,876
2026-04-03T07:30:00+00:00,1.3889600000000004,1.3890900000000004,1.3888300000000005,1.3890700000000005,1140
2026-04-03T08:00:00+00:00,1.3890700000000005,1.3894700000000004,1.3890600000000004,1.3892500000000003,982
2026-04-03T08:30:00+00:00,1.3892500000000003,1.3892700000000004,1.3889300000000004,1.3889700000000005,1055
2026-04-03T09:00:00+00:00,1.3889700000000005,1.3889700000000005,1.3887300000000005,1.3888500000000004,1892
2026-04-03T09:30:00+00:00,1.3888500000000004,1.3890500000000003,1.3888300000000005,1.3890100000000003,1084
2026-04-03T10:00:00+00:00,1.3890100000000003,1.3893800000000005,1.3889600000000004,1.3892600000000004,960
2026-04-03T10:30:00+00:00,1.3892600000000004,1.3893900000000003,1.3889400000000005,1.3893900000000003,1070
2026-04-03T11:00:00+00:00,1.3893900000000003,1.3895600000000004,1.3892100000000005,1.3895500000000005,829
2026-04-03T11:30:00+00:00,1.3895500000000005,1.3896600000000003,1.3892400000000005,1.3895800000000005,1064
2026-04-03T12:00:00+00:00,1.3895800000000005,1.3902200000000005,1.3895400000000004,1.3897700000000004,2167
2026-04-03T12:30:00+00:00,1.3897700000000004,1.3912200000000003,1.3897000000000004,1.3909600000000004,3542
2026-04-03T13:00:00+00:00,1.3909600000000004,1.3911100000000005,1.3904600000000005,1.3909700000000005,1932
2026-04-03T13:30:00+00:00,1.3909700000000005,1.3912600000000004,1.3906700000000005,1.3907600000000004,2106
2026-04-03T14:00:00+00:00,1.3907600000000004,1.3918900000000005,1.3907300000000005,1.3916700000000004,1428
2026-04-03T14:30:00+00:00,1.3916700000000004,1.3917500000000005,1.3914100000000005,1.3914700000000004,1470
2026-04-03T15:00:00+00:00,1.3914700000000004,1.3914900000000003,1.3910800000000003,1.3910900000000004,1363
2026-04-03T15:30:00+00:00,1.3910900000000004,1.3914900000000003,1.3910300000000004,1.3912300000000004,2037
2026-04-03T16:00:00+00:00,1.3912300000000004,1.3915400000000004,1.3910900000000004,1.3913800000000005,1502
2026-04-03T16:30:00+00:00,1.3913800000000005,1.3914100000000005,1.3910600000000004,1.3912000000000004,1470
2026-04-03T17:00:00+00:00,1.3912000000000004,1.3914600000000004,1.3910500000000003,1.3910800000000003,3474
2026-04-03T17:30:00+00:00,1.3910800000000003,1.3914500000000005,1.3910700000000005,1.3914000000000004,2087
2026-04-03T18:00:00+00:00,1.3914000000000004,1.3914600000000004,1.3912500000000003,1.3913300000000004,1805
2026-04-03T18:30:00+00:00,1.3913300000000004,1.3914500000000005,1.3912600000000004,1.3914100000000005,1209
2026-04-03T19:00:00+00:00,1.3914100000000005,1.3916600000000003,1.3911300000000004,1.3913900000000003,516.8149410655226
2026-04-03T19:30:00+00:00,1.3913900000000003,1.3917400000000004,1.3913900000000003,1.3915600000000004,447
2026-04-03T20:00:00+00:00,1.3915600000000004,1.3916700000000004,1.3902200000000002,1.3907700000000003,2344.2017813699886
2026-04-03T20:30:00+00:00,1.3907700000000003,1.3914600000000004,1.3901400000000004,1.3908200000000002,1762.8008152807924
2026-04-05T21:00:00+00:00,1.3908200000000002,1.3911700000000002,1.3908200000000002,1.3910700000000003,71.34191560976652
2026-04-05T21:30:00+00:00,1.3910700000000003,1.3911700000000002,1.3909000000000002,1.39115,1964.5175432978394
2026-04-05T22:00:00+00:00,1.39115,1.39326,1.39115,1.39306,1587
2026-04-05T22:30:00+00:00,1.39306,1.3932900000000001,1.39293,1.3929500000000001,1335
2026-04-05T23:00:00+00:00,1.3929500000000001,1.3932200000000001,1.39291,1.39319,1528.1104753521126
2026-04-05T23:30:00+00:00,1.39319,1.3932900000000001,1.393,1.39311,1361
2026-04-06T00:00:00+00:00,1.39311,1.39316,1.39248,1.39286,3051
2026-04-06T00:30:00+00:00,1.39286,1.3930500000000001,1.39274,1.39294,2566
2026-04-06T01:00:00+00:00,1.39294,1.39328,1.39282,1.3932200000000001,2473
2026-04-06T01:30:00+00:00,1.3932200000000001,1.3933,1.39316,1.39326,952
2026-04-06T02:00:00+00:00,1.39326,1.39326,1.39211,1.39223,3104
2026-04-06T02:30:00+00:00,1.39223,1.39257,1.3921700000000001,1.39253,2153
2026-04-06T03:00:00+00:00,1.39253,1.39282,1.39239,1.39247,2891
2026-04-06T03:30:00+00:00,1.39247,1.3927100000000001,1.39238,1.39243,2112
2026-04-06T04:00:00+00:00,1.39243,1.39245,1.39215,1.3922700000000001,2367
2026-04-06T04:30:00+00:00,1.3922700000000001,1.39242,1.39221,1.39231,1953
2026-04-06T05:00:00+00:00,1.39231,1.3923400000000001,1.39208,1.39225,1995
2026-04-06T05:30:00+00:00,1.39225,1.3925,1.39219,1.39249,1822
2026-04-06T06:00:00+00:00,1.39249,1.3928,1.3924100000000001,1.39266,1683
2026-04-06T06:30:00+00:00,1.39266,1.3927800000000001,1.39208,1.3921000000000001,3534
2026-04-06T07:00:00+00:00,1.3921000000000001,1.39279,1.39168,1.39169,3013
2026-04-06T07:30:00+00:00,1.39169,1.39169,1.39036,1.39048,5403
2026-04-06T08:00:00+00:00,1.39048,1.39086,1.3901700000000001,1.39054,4116
2026-04-06T08:30:00+00:00,1.39054,1.39074,1.3902400000000001,1.39073,2693
2026-04-06T09:00:00+00:00,1.39073,1.39083,1.39026,1.39067,2256
2026-04-06T09:30:00+00:00,1.39067,1.39076,1.39014,1.39062,3351
2026-04-06T10:00:00+00:00,1.39062,1.39086,1.3902700000000001,1.3908500000000001,2981
2026-04-06T10:30:00+00:00,1.3908500000000001,1.39145,1.3908,1.3909500000000001,3723
2026-04-06T11:00:00+00:00,1.3909500000000001,1.39114,1.39049,1.39049,2233
2026-04-06T11:30:00+00:00,1.39049,1.39097,1.3904100000000001,1.39047,1742
2026-04-06T12:00:00+00:00,1.39047,1.3910200000000001,1.3902700000000001,1.39054,3157
2026-04-06T12:30:00+00:00,1.39054,1.39055,1.38948,1.38967,3252
2026-04-06T13:00:00+00:00,1.38967,1.38989,1.38909,1.3891,2786
2026-04-06T13:30:00+00:00,1.3891,1.38962,1.3887800000000001,1.38914,4462
2026-04-06T14:00:00+00:00,1.38914,1.3902700000000001,1.38879,1.38954,6225
2026-04-06T14:30:00+00:00,1.38954,1.3901700000000001,1.38923,1.39003,8347
2026-04-06T15:00:00+00:00,1.39003,1.39077,1.39002,1.3904400000000001,6279
2026-04-06T15:30:00+00:00,1.3904400000000001,1.39092,1.39004,1.39012,4106
2026-04-06T16:00:00+00:00,1.39012,1.3904,1.38965,1.3901700000000001,3385
2026-04-06T16:30:00+00:00,1.3901700000000001,1.39045,1.39004,1.39026,2631
2026-04-06T17:00:00+00:00,1.39026,1.39091,1.39013,1.39035,3212
2026-04-06T17:30:00+00:00,1.39035,1.39048,1.39008,1.39037,3065
2026-04-06T18:00:00+00:00,1.39037,1.3905,1.38976,1.38979,3218
2026-04-06T18:30:00+00:00,1.38979,1.39058,1.3897300000000001,1.39033,3241
2026-04-06T19:00:00+00:00,1.39033,1.39049,1.38994,1.3902400000000001,1497
2026-04-06T19:30:00+00:00,1.3902400000000001,1.39032,1.39003,1.39025,2141
2026-04-06T20:00:00+00:00,1.39025,1.39038,1.38994,1.39005,1899
2026-04-06T20:30:00+00:00,1.39005,1.39019,1.38938,1.3896600000000001,1384
2026-04-06T21:00:00+00:00,1.3896600000000001,1.39023,1.3889900000000002,1.3896300000000001,221.48629056671217
2026-04-06T21:30:00+00:00,1.3896300000000001,1.38972,1.38928,1.3896400000000002,976
2026-04-06T22:00:00+00:00,1.3896400000000002,1.3903100000000002,1.3896400000000002,1.3902,512
2026-04-06T22:30:00+00:00,1.3902,1.3904100000000001,1.3900800000000002,1.3903800000000002,530
2026-04-06T23:00:00+00:00,1.3903800000000002,1.3905100000000001,1.3901900000000003,1.3905,811
2026-04-06T23:30:00+00:00,1.3905,1.3907,1.3904,1.3905200000000002,769
2026-04-07T00:00:00+00:00,1.3905200000000002,1.3909200000000002,1.3904800000000002,1.3908200000000002,4112
2026-04-07T00:30:00+00:00,1.3908200000000002,1.3911700000000002,1.39074,1.3911600000000002,2804
2026-04-07T01:00:00+00:00,1.3911600000000002,1.3913900000000001,1.3909000000000002,1.39115,3329
2026-04-07T01:30:00+00:00,1.39115,1.3921800000000002,1.39115,1.3919100000000002,3615
2026-04-07T02:00:00+00:00,1.3919100000000002,1.3922400000000001,1.3917500000000003,1.3920100000000002,2843
2026-04-07T02:30:00+00:00,1.3920100000000002,1.3921000000000001,1.3917400000000002,1.3918100000000002,2289
2026-04-07T03:00:00+00:00,1.3918100000000002,1.3918300000000001,1.39159,1.3916100000000002,2199
2026-04-07T03:30:00+00:00,1.3916100000000002,1.39162,1.3912200000000001,1.39135,2235
2026-04-07T04:00:00+00:00,1.39135,1.39135,1.3911600000000002,1.3912000000000002,2062
2026-04-07T04:30:00+00:00,1.3912000000000002,1.3913400000000002,1.3908000000000003,1.3910300000000002,2951
2026-04-07T05:00:00+00:00,1.3910300000000002,1.39125,1.3909600000000002,1.3912000000000002,3689
2026-04-07T05:30:00+00:00,1.3912000000000002,1.3916800000000003,1.39104,1.39121,4386
2026-04-07T06:00:00+00:00,1.39121,1.3915000000000002,1.3908500000000001,1.3909700000000003,3589
2026-04-07T06:30:00+00:00,1.3909700000000003,1.3916800000000003,1.39094,1.3913600000000002,3935
2026-04-07T07:00:00+00:00,1.3913600000000002,1.3919400000000002,1.3912200000000001,1.3914100000000003,3896
2026-04-07T07:30:00+00:00,1.3914100000000003,1.3915600000000001,1.39111,1.3915100000000002,2585
2026-04-07T08:00:00+00:00,1.3915100000000002,1.3915400000000002,1.3907,1.3910200000000001,5755
2026-04-07T08:30:00+00:00,1.3910200000000001,1.3914600000000001,1.3901700000000001,1.3903500000000002,4523
2026-04-07T09:00:00+00:00,1.3903500000000002,1.39142,1.3901400000000002,1.39118,3579
2026-04-07T09:30:00+00:00,1.39118,1.3917100000000002,1.3910300000000002,1.39111,3426
2026-04-07T10:00:00+00:00,1.39111,1.3920400000000002,1.3910300000000002,1.3916400000000002,6220
2026-04-07T10:30:00+00:00,1.3916400000000002,1.3921800000000002,1.3913200000000001,1.3914000000000002,4141
2026-04-07T11:00:00+00:00,1.3914000000000002,1.3916600000000001,1.39101,1.3912900000000001,2478
2026-04-07T11:30:00+00:00,1.3912900000000001,1.3914100000000003,1.3903200000000002,1.3904200000000002,2602
2026-04-07T12:00:00+00:00,1.3904200000000002,1.3908000000000003,1.38989,1.3906900000000002,5027
2026-04-07T12:30:00+00:00,1.3906900000000002,1.39108,1.39013,1.39074,3577
2026-04-07T13:00:00+00:00,1.39074,1.3915600000000001,1.3907200000000002,1.3915400000000002,3066
2026-04-07T13:30:00+00:00,1.3915400000000002,1.3918100000000002,1.39077,1.39091,5596
2026-04-07T14:00:00+00:00,1.39091,1.3914100000000003,1.3892600000000002,1.38932,6412
2026-04-07T14:30:00+00:00,1.38932,1.3902500000000002,1.3883600000000003,1.3902100000000002,8375
2026-04-07T15:00:00+00:00,1.3902100000000002,1.3912400000000003,1.3900800000000002,1.3909000000000002,6762
2026-04-07T15:30:00+00:00,1.3909000000000002,1.3911000000000002,1.38986,1.3899000000000001,4421
2026-04-07T16:00:00+00:00,1.3899000000000001,1.3901000000000001,1.3893000000000002,1.3894100000000003,5516
2026-04-07T16:30:00+00:00,1.3894100000000003,1.3896100000000002,1.3891900000000001,1.3894600000000001,2937
2026-04-07T17:00:00+00:00,1.3894600000000001,1.38969,1.3889700000000003,1.3892000000000002,2730
2026-04-07T17:30:00+00:00,1.3892000000000002,1.38959,1.38857,1.3894100000000003,3951
2026-04-07T18:00:00+00:00,1.3894100000000003,1.3897100000000002,1.38898,1.3891700000000002,2903
2026-04-07T18:30:00+00:00,1.3891700000000002,1.38976,1.3891000000000002,1.38955,2863
2026-04-07T19:00:00+00:00,1.38955,1.3898700000000002,1.3887200000000002,1.3887900000000002,5352
2026-04-07T19:30:00+00:00,1.3887900000000002,1.3889000000000002,1.3881500000000002,1.3888000000000003,5842
2026-04-07T20:00:00+00:00,1.3888000000000003,1.3888900000000002,1.3879500000000002,1.3886,3815
2026-04-07T20:30:00+00:00,1.3886,1.38871,1.3875400000000002,1.3875800000000003,3660
2026-04-07T21:00:00+00:00,1.3875800000000003,1.38769,1.38711,1.38768,336.18413320274243
2026-04-07T21:30:00+00:00,1.38768,1.38796,1.38752,1.3875700000000002,556
2026-04-07T22:00:00+00:00,1.3875700000000002,1.38806,1.3868800000000001,1.38755,1639
2026-04-07T22:30:00+00:00,1.38755,1.3892600000000002,1.3848500000000001,1.38531,12921
2026-04-07T23:00:00+00:00,1.38531,1.3854300000000002,1.38385,1.38419,6387
2026-04-07T23:30:00+00:00,1.38419,1.38459,1.38335,1.38355,3895
2026-04-08T00:00:00+00:00,1.38355,1.3840800000000002,1.38267,1.3839400000000002,5488
2026-04-08T00:30:00+00:00,1.3839400000000002,1.38447,1.38354,1.3841700000000001,4877
2026-04-08T01:00:00+00:00,1.3841700000000001,1.38426,1.38247,1.3825100000000001,6619
2026-04-08T01:30:00+00:00,1.3825100000000001,1.3834700000000002,1.3825,1.3834300000000002,5405
2026-04-08T02:00:00+00:00,1.3834300000000002,1.38345,1.3827900000000002,1.3831,4602
2026-04-08T02:30:00+00:00,1.3831,1.38361,1.3830600000000002,1.3831900000000001,3719
2026-04-08T03:00:00+00:00,1.3831900000000001,1.38354,1.3829500000000001,1.3833900000000001,3260
2026-04-08T03:30:00+00:00,1.3833900000000001,1.38359,1.3830600000000002,1.3832200000000001,3969
2026-04-08T04:00:00+00:00,1.3832200000000001,1.38351,1.3827,1.3829,3869
2026-04-08T04:30:00+00:00,1.3829,1.3830200000000001,1.3826,1.3826900000000002,4685
2026-04-08T05:00:00+00:00,1.3826900000000002,1.3829900000000002,1.38229,1.3825100000000001,5314
2026-04-08T05:30:00+00:00,1.3825100000000001,1.3826900000000002,1.3816400000000002,1.3825200000000002,5491
2026-04-08T06:00:00+00:00,1.3825200000000002,1.38399,1.3825,1.3834700000000002,4590
2026-04-08T06:30:00+00:00,1.3834700000000002,1.38402,1.38304,1.3836300000000001,4293
2026-04-08T07:00:00+00:00,1.3836300000000001,1.38498,1.3835600000000001,1.3841400000000001,6222
2026-04-08T07:30:00+00:00,1.3841400000000001,1.3842700000000001,1.3835000000000002,1.3839000000000001,4251
2026-04-08T08:00:00+00:00,1.3839000000000001,1.3850200000000001,1.38348,1.3847900000000002,3845
2026-04-08T08:30:00+00:00,1.3847900000000002,1.38589,1.3847,1.3858700000000002,6469
2026-04-08T09:00:00+00:00,1.3858700000000002,1.38603,1.38548,1.3855300000000002,3494
2026-04-08T09:30:00+00:00,1.3855300000000002,1.38649,1.3853900000000001,1.38642,4382
2026-04-08T10:00:00+00:00,1.38642,1.38671,1.3859700000000001,1.38603,3420
2026-04-08T10:30:00+00:00,1.38603,1.3864400000000001,1.3855300000000002,1.3860800000000002,3160
2026-04-08T11:00:00+00:00,1.3860800000000002,1.38643,1.38511,1.38518,3533
2026-04-08T11:30:00+00:00,1.38518,1.3859400000000002,1.38471,1.3855700000000002,5376
2026-04-08T12:00:00+00:00,1.3855700000000002,1.38663,1.385,1.38559,8054
2026-04-08T12:30:00+00:00,1.38559,1.3857300000000001,1.3827800000000001,1.38341,6528
2026-04-08T13:00:00+00:00,1.38341,1.38473,1.38321,1.3845800000000001,6686
2026-04-08T13:30:00+00:00,1.3845800000000001,1.3862,1.3842100000000002,1.3850200000000001,9950
2026-04-08T14:00:00+00:00,1.3850200000000001,1.38527,1.3839700000000001,1.38446,8034
2026-04-08T14:30:00+00:00,1.38446,1.38524,1.38324,1.38324,8578
2026-04-08T15:00:00+00:00,1.38324,1.3842800000000002,1.3832300000000002,1.3840100000000002,6570
2026-04-08T15:30:00+00:00,1.3840100000000002,1.3848600000000002,1.38368,1.3846800000000001,5691
2026-04-08T16:00:00+00:00,1.3846800000000001,1.38525,1.38439,1.3850600000000002,4836
2026-04-08T16:30:00+00:00,1.3850600000000002,1.3851200000000001,1.3834600000000001,1.3834600000000001,3402
2026-04-08T17:00:00+00:00,1.3834600000000001,1.3840100000000002,1.38318,1.3838400000000002,4132
2026-04-08T17:30:00+00:00,1.3838400000000002,1.38456,1.38338,1.3834300000000002,4582
2026-04-08T18:00:00+00:00,1.3834300000000002,1.38429,1.38318,1.3842800000000002,5465
2026-04-08T18:30:00+00:00,1.3842800000000002,1.38528,1.3840100000000002,1.3849,4932
2026-04-08T19:00:00+00:00,1.3849,1.38534,1.3842100000000002,1.3845800000000001,4928
2026-04-08T19:30:00+00:00,1.3845800000000001,1.3850600000000002,1.38297,1.38318,6653
2026-04-08T20:00:00+00:00,1.38318,1.38375,1.3828200000000002,1.38355,3743
2026-04-08T20:30:00+00:00,1.38355,1.3838700000000002,1.38321,1.38359,2899
2026-04-08T21:00:00+00:00,1.38359,1.38359,1.38271,1.3832900000000004,333.22367916418864
2026-04-08T21:30:00+00:00,1.3832900000000004,1.3842800000000002,1.3831100000000003,1.38406,1211.5011385350633
2026-04-08T22:00:00+00:00,1.38406,1.3845300000000003,1.3838400000000002,1.3842200000000002,929
2026-04-08T22:30:00+00:00,1.3842200000000002,1.3843100000000002,1.3840800000000002,1.3841900000000003,918.0858823529412
2026-04-08T23:00:00+00:00,1.3841900000000003,1.3844000000000003,1.3841400000000001,1.3843400000000003,909.314615168276
2026-04-08T23:30:00+00:00,1.3843400000000003,1.3846900000000004,1.3843300000000003,1.3846700000000003,1719
2026-04-09T00:00:00+00:00,1.3846700000000003,1.3851100000000003,1.3845600000000005,1.3849700000000005,3353
2026-04-09T00:30:00+00:00,1.3849700000000005,1.3849800000000003,1.3846600000000004,1.3848700000000003,3076
2026-04-09T01:00:00+00:00,1.3848700000000003,1.3854600000000004,1.3847200000000004,1.3854000000000004,2236
2026-04-09T01:30:00+00:00,1.3854000000000004,1.3854000000000004,1.3847700000000003,1.3847800000000003,3177
2026-04-09T02:00:00+00:00,1.3847800000000003,1.3850800000000003,1.3846200000000004,1.3846400000000003,2739
2026-04-09T02:30:00+00:00,1.3846400000000003,1.3846600000000004,1.3843900000000005,1.3845000000000003,2067
2026-04-09T03:00:00+00:00,1.3845000000000003,1.3848000000000005,1.3844700000000003,1.3846100000000003,2003
2026-04-09T03:30:00+00:00,1.3846100000000003,1.3848000000000005,1.3843700000000003,1.3844900000000004,1948
2026-04-09T04:00:00+00:00,1.3844900000000004,1.3844900000000004,1.3840200000000005,1.3841900000000005,1753
2026-04-09T04:30:00+00:00,1.3841900000000005,1.3844800000000004,1.3841500000000004,1.3844600000000005,1728
2026-04-09T05:00:00+00:00,1.3844600000000005,1.3844900000000004,1.3840600000000003,1.3841800000000004,2199
2026-04-09T05:30:00+00:00,1.3841800000000004,1.3850200000000004,1.3841800000000004,1.3846600000000004,1971
2026-04-09T06:00:00+00:00,1.3846600000000004,1.3851100000000003,1.3846600000000004,1.3849600000000004,2852
2026-04-09T06:30:00+00:00,1.3849600000000004,1.3853800000000003,1.3847400000000003,1.3849100000000003,3658
2026-04-09T07:00:00+00:00,1.3849100000000003,1.3853400000000005,1.3848000000000005,1.3852600000000004,3629
2026-04-09T07:30:00+00:00,1.3852600000000004,1.3856100000000005,1.3849200000000004,1.3851400000000005,4132
2026-04-09T08:00:00+00:00,1.3851400000000005,1.3853000000000004,1.3849300000000004,1.3852500000000003,2917
2026-04-09T08:30:00+00:00,1.3852500000000003,1.3852900000000004,1.3844400000000003,1.3844900000000004,3184
2026-04-09T09:00:00+00:00,1.3844900000000004,1.3850900000000004,1.3844900000000004,1.3847800000000003,3325
2026-04-09T09:30:00+00:00,1.3847800000000003,1.3852200000000003,1.3847800000000003,1.3851600000000004,1718
2026-04-09T10:00:00+00:00,1.3851600000000004,1.3852600000000004,1.3846800000000004,1.3849400000000003,2540
2026-04-09T10:30:00+00:00,1.3849400000000003,1.3852200000000003,1.3848700000000003,1.3849600000000004,2076
2026-04-09T11:00:00+00:00,1.3849600000000004,1.3849900000000004,1.3841500000000004,1.3841700000000003,2120
2026-04-09T11:30:00+00:00,1.3841700000000003,1.3842000000000003,1.3829200000000004,1.3831200000000003,2547
2026-04-09T12:00:00+00:00,1.3831200000000003,1.3839800000000004,1.3831000000000004,1.3835900000000003,3496
2026-04-09T12:30:00+00:00,1.3835900000000003,1.3836200000000003,1.3825900000000004,1.3830200000000004,4961
2026-04-09T13:00:00+00:00,1.3830200000000004,1.3830500000000003,1.3818200000000003,1.3821700000000003,4307
2026-04-09T13:30:00+00:00,1.3821700000000003,1.3825300000000005,1.3812000000000004,1.3824900000000004,6174
2026-04-09T14:00:00+00:00,1.3824900000000004,1.3825000000000003,1.3805400000000003,1.3805900000000004,7276
2026-04-09T14:30:00+00:00,1.3805900000000004,1.3828800000000003,1.3805900000000004,1.3819400000000004,7965
2026-04-09T15:00:00+00:00,1.3819400000000004,1.3830100000000003,1.3813100000000005,1.3820200000000005,6616
2026-04-09T15:30:00+00:00,1.3820200000000005,1.3820800000000004,1.3801600000000003,1.3803700000000003,8050
2026-04-09T16:00:00+00:00,1.3803700000000003,1.3811400000000005,1.3800000000000003,1.3807500000000004,5882
2026-04-09T16:30:00+00:00,1.3807500000000004,1.3814700000000004,1.3805400000000003,1.3812700000000004,3400
2026-04-09T17:00:00+00:00,1.3812700000000004,1.3814000000000004,1.3808800000000003,1.3810100000000003,3721
2026-04-09T17:30:00+00:00,1.3810100000000003,1.3812200000000003,1.3808400000000003,1.3809300000000004,2587
2026-04-09T18:00:00+00:00,1.3809300000000004,1.3819800000000004,1.3808500000000004,1.3819800000000004,4798
2026-04-09T18:30:00+00:00,1.3819800000000004,1.3820000000000003,1.3814100000000005,1.3814900000000003,3624
2026-04-09T19:00:00+00:00,1.3814900000000003,1.3815900000000003,1.3806200000000004,1.3806200000000004,3155
2026-04-09T19:30:00+00:00,1.3806200000000004,1.3811100000000003,1.3804500000000004,1.3808700000000003,3664
2026-04-09T20:00:00+00:00,1.3808700000000003,1.3816200000000003,1.3807400000000003,1.3815000000000004,2213
2026-04-09T20:30:00+00:00,1.3815000000000004,1.3816400000000004,1.3804300000000003,1.3804300000000003,2294
2026-04-09T21:00:00+00:00,1.3804300000000003,1.3809000000000005,1.3804300000000003,1.3808400000000003,357.734704435282
2026-04-09T21:30:00+00:00,1.3808400000000003,1.3811200000000003,1.3806700000000003,1.3806700000000003,853
2026-04-09T22:00:00+00:00,1.3806700000000003,1.3813800000000003,1.3806700000000003,1.3813600000000004,607
2026-04-09T22:30:00+00:00,1.3813600000000004,1.3814200000000003,1.3811200000000003,1.3812300000000004,1009
2026-04-09T23:00:00+00:00,1.3812300000000004,1.3815300000000004,1.3811700000000005,1.3814100000000005,1088
2026-04-09T23:30:00+00:00,1.3814100000000005,1.3819200000000005,1.3813700000000004,1.3817900000000003,1236
2026-04-10T00:00:00+00:00,1.3817900000000003,1.3822100000000004,1.3817900000000003,1.3820700000000004,2154
2026-04-10T00:30:00+00:00,1.3820700000000004,1.3821200000000005,1.3818300000000003,1.3819600000000003,2181
2026-04-10T01:00:00+00:00,1.3819600000000003,1.3823000000000003,1.3818500000000005,1.3819500000000005,1974
2026-04-10T01:30:00+00:00,1.3819500000000005,1.3820200000000005,1.3813800000000003,1.3816200000000003,1544
2026-04-10T02:00:00+00:00,1.3816200000000003,1.3822400000000004,1.3815500000000003,1.3822300000000003,2173
2026-04-10T02:30:00+00:00,1.3822300000000003,1.3822300000000003,1.3817900000000003,1.3819200000000005,1312
2026-04-10T03:00:00+00:00,1.3819200000000005,1.3819900000000003,1.3817800000000005,1.3818500000000005,1083
2026-04-10T03:30:00+00:00,1.3818500000000005,1.3820300000000003,1.3817000000000004,1.3818900000000003,1397
2026-04-10T04:00:00+00:00,1.3818900000000003,1.3818900000000003,1.3815900000000003,1.3818100000000004,1420
2026-04-10T04:30:00+00:00,1.3818100000000004,1.3821000000000003,1.3817800000000005,1.3820400000000004,1134
2026-04-10T05:00:00+00:00,1.3820400000000004,1.3823300000000003,1.3819900000000003,1.3823300000000003,1426
2026-04-10T05:30:00+00:00,1.3823300000000003,1.3824000000000003,1.3820400000000004,1.3821900000000005,1603
2026-04-10T06:00:00+00:00,1.3821900000000005,1.3827200000000004,1.3819000000000004,1.3824600000000005,2923
2026-04-10T06:30:00+00:00,1.3824600000000005,1.3826700000000003,1.3822000000000003,1.3826600000000004,2040
2026-04-10T07:00:00+00:00,1.3826600000000004,1.3829800000000003,1.3825900000000004,1.3828800000000003,2646
2026-04-10T07:30:00+00:00,1.3828800000000003,1.3839000000000004,1.3827800000000003,1.3838600000000003,2560
2026-04-10T08:00:00+00:00,1.3838600000000003,1.3839600000000003,1.3832600000000004,1.3836500000000003,2654
2026-04-10T08:30:00+00:00,1.3836500000000003,1.3836500000000003,1.3830800000000003,1.3832700000000004,2063
2026-04-10T09:00:00+00:00,1.3832700000000004,1.3837000000000004,1.3825600000000005,1.3832700000000004,5415
2026-04-10T09:30:00+00:00,1.3832700000000004,1.3833900000000003,1.3828500000000004,1.3830400000000003,3139
2026-04-10T10:00:00+00:00,1.3830400000000003,1.3835200000000003,1.3830100000000003,1.3832900000000004,2745
2026-04-10T10:30:00+00:00,1.3832900000000004,1.3835000000000004,1.3831700000000005,1.3833600000000004,2172
2026-04-10T11:00:00+00:00,1.3833600000000004,1.3834300000000004,1.3828600000000004,1.3829800000000003,2408
2026-04-10T11:30:00+00:00,1.3829800000000003,1.3832000000000004,1.3818200000000003,1.3819300000000003,2306
2026-04-10T12:00:00+00:00,1.3819300000000003,1.3821000000000003,1.3811600000000004,1.3815100000000005,4049
2026-04-10T12:30:00+00:00,1.3815100000000005,1.3822500000000004,1.3803600000000005,1.3815600000000003,6279
2026-04-10T13:00:00+00:00,1.3815600000000003,1.3819100000000004,1.3801700000000003,1.3803100000000004,4888
2026-04-10T13:30:00+00:00,1.3803100000000004,1.3815900000000003,1.3802600000000003,1.3812200000000003,6212
2026-04-10T14:00:00+00:00,1.3812200000000003,1.3812800000000003,1.3794600000000004,1.3796300000000004,5330
2026-04-10T14:30:00+00:00,1.3796300000000004,1.3826700000000003,1.3795000000000004,1.3826500000000004,7542
2026-04-10T15:00:00+00:00,1.3826500000000004,1.3831200000000003,1.3818400000000004,1.3822500000000004,5317
2026-04-10T15:30:00+00:00,1.3822500000000004,1.3830000000000005,1.3822100000000004,1.3823800000000004,4576
2026-04-10T16:00:00+00:00,1.3823800000000004,1.3832200000000003,1.3823700000000003,1.3827400000000003,3770
2026-04-10T16:30:00+00:00,1.3827400000000003,1.3834200000000003,1.3826900000000004,1.3829300000000004,3622
2026-04-10T17:00:00+00:00,1.3829300000000004,1.3832800000000003,1.3827500000000004,1.3829100000000003,3133
2026-04-10T17:30:00+00:00,1.3829100000000003,1.3829900000000004,1.3823900000000005,1.3825800000000004,2315
2026-04-10T18:00:00+00:00,1.3825800000000004,1.3832100000000003,1.3819500000000005,1.3821100000000004,3149
2026-04-10T18:30:00+00:00,1.3821100000000004,1.3825200000000004,1.3817000000000004,1.3823000000000003,2964
2026-04-10T19:00:00+00:00,1.3823000000000003,1.3827400000000003,1.3821700000000003,1.3826900000000004,1847
2026-04-10T19:30:00+00:00,1.3826900000000004,1.3832000000000004,1.3825400000000003,1.3831700000000005,2469
2026-04-10T20:00:00+00:00,1.3831700000000005,1.3835300000000004,1.3829700000000005,1.3834300000000004,2158
2026-04-10T20:30:00+00:00,1.3834300000000004,1.3838500000000005,1.3826300000000005,1.3834400000000002,2347.6160138430077
2026-04-12T21:00:00+00:00,1.3834400000000002,1.3835000000000002,1.3828600000000002,1.3830100000000003,383.4874986187385
2026-04-12T21:30:00+00:00,1.3830100000000003,1.3834000000000002,1.3827500000000004,1.3833600000000004,333.63449511761485
2026-04-12T22:00:00+00:00,1.3833600000000004,1.3844700000000003,1.3829300000000002,1.3841400000000004,972
2026-04-12T22:30:00+00:00,1.3841400000000004,1.3844900000000002,1.3840900000000003,1.3842000000000003,1065
2026-04-12T23:00:00+00:00,1.3842000000000003,1.3850600000000002,1.3841900000000003,1.3848900000000002,887.369287490354
2026-04-12T23:30:00+00:00,1.3848900000000002,1.3849900000000002,1.3846100000000003,1.3846200000000002,1618
2026-04-13T00:00:00+00:00,1.3846200000000002,1.3850000000000002,1.3838900000000003,1.3840600000000003,5136
2026-04-13T00:30:00+00:00,1.3840600000000003,1.3841000000000003,1.3835700000000002,1.3835700000000002,4021
2026-04-13T01:00:00+00:00,1.3835700000000002,1.3836500000000003,1.3831200000000003,1.3835200000000003,4517
2026-04-13T01:30:00+00:00,1.3835200000000003,1.3840700000000004,1.3835200000000003,1.3836400000000002,2513
2026-04-13T02:00:00+00:00,1.3836400000000002,1.3837500000000003,1.3832200000000003,1.3834700000000002,2420
2026-04-13T02:30:00+00:00,1.3834700000000002,1.3837500000000003,1.3832800000000003,1.3834900000000003,2428
2026-04-13T03:00:00+00:00,1.3834900000000003,1.3837700000000002,1.3833800000000003,1.3835700000000002,2630
2026-04-13T03:30:00+00:00,1.3835700000000002,1.3836100000000002,1.3830900000000002,1.3833900000000003,2237
2026-04-13T04:00:00+00:00,1.3833900000000003,1.3835400000000002,1.3831500000000003,1.3833000000000002,2223
2026-04-13T04:30:00+00:00,1.3833000000000002,1.3835300000000004,1.3831200000000003,1.3832900000000004,2041
2026-04-13T05:00:00+00:00,1.3832900000000004,1.3836900000000003,1.3832300000000002,1.3834700000000002,2323
2026-04-13T05:30:00+00:00,1.3834700000000002,1.3836800000000002,1.3834300000000002,1.3834800000000003,2221
2026-04-13T06:00:00+00:00,1.3834800000000003,1.3834800000000003,1.3827700000000003,1.3829800000000003,4051
2026-04-13T06:30:00+00:00,1.3829800000000003,1.3832200000000003,1.3826400000000003,1.3828000000000003,5115
2026-04-13T07:00:00+00:00,1.3828000000000003,1.3830200000000004,1.3821200000000002,1.3821400000000004,4020
2026-04-13T07:30:00+00:00,1.3821400000000004,1.3821700000000003,1.3816700000000002,1.3817900000000003,3238
2026-04-13T08:00:00+00:00,1.3817900000000003,1.3820900000000003,1.3815300000000004,1.3818800000000002,2705
2026-04-13T08:30:00+00:00,1.3818800000000002,1.3820000000000003,1.3815400000000002,1.3815600000000003,2963
2026-04-13T09:00:00+00:00,1.3815600000000003,1.3820500000000002,1.3813600000000004,1.3818600000000003,2734
2026-04-13T09:30:00+00:00,1.3818600000000003,1.3820000000000003,1.3815500000000003,1.3817400000000002,3035
2026-04-13T10:00:00+00:00,1.3817400000000002,1.3819000000000004,1.3815000000000002,1.3815200000000003,2731
2026-04-13T10:30:00+00:00,1.3815200000000003,1.3817800000000002,1.3812200000000003,1.3814700000000002,2076
2026-04-13T11:00:00+00:00,1.3814700000000002,1.3814700000000002,1.3807600000000002,1.3811800000000003,2337
2026-04-13T11:30:00+00:00,1.3811800000000003,1.3820700000000004,1.3808500000000004,1.3820000000000003,4132
2026-04-13T12:00:00+00:00,1.3820000000000003,1.3823500000000002,1.3816300000000004,1.3820800000000002,4247
2026-04-13T12:30:00+00:00,1.3820800000000002,1.3825400000000003,1.3812600000000002,1.3815400000000002,4543
2026-04-13T13:00:00+00:00,1.3815400000000002,1.3815900000000003,1.3805600000000002,1.3805700000000003,4537
2026-04-13T13:30:00+00:00,1.3805700000000003,1.3808200000000002,1.3798100000000002,1.3805600000000002,6385
2026-04-13T14:00:00+00:00,1.3805600000000002,1.3806000000000003,1.3783300000000003,1.3784600000000002,6384
2026-04-13T14:30:00+00:00,1.3784600000000002,1.3789100000000003,1.3778000000000004,1.3784200000000002,6474
2026-04-13T15:00:00+00:00,1.3784200000000002,1.3788800000000003,1.3779200000000003,1.3786700000000003,5796
2026-04-13T15:30:00+00:00,1.3786700000000003,1.3790200000000004,1.3778900000000003,1.3785300000000003,4674
2026-04-13T16:00:00+00:00,1.3785300000000003,1.3789300000000002,1.3779200000000003,1.3781800000000002,5833
2026-04-13T16:30:00+00:00,1.3781800000000002,1.3783600000000003,1.3770200000000004,1.3770800000000003,7124
2026-04-13T17:00:00+00:00,1.3770800000000003,1.3772200000000003,1.3763800000000002,1.3764800000000004,3594
2026-04-13T17:30:00+00:00,1.3764800000000004,1.3771500000000003,1.3763800000000002,1.3770100000000003,3147
2026-04-13T18:00:00+00:00,1.3770100000000003,1.3772700000000002,1.3767500000000004,1.3772400000000002,2917
2026-04-13T18:30:00+00:00,1.3772400000000002,1.3772600000000002,1.3763000000000003,1.3763700000000003,4077
2026-04-13T19:00:00+00:00,1.3763700000000003,1.3767600000000002,1.3760900000000003,1.3761100000000002,3270
2026-04-13T19:30:00+00:00,1.3761100000000002,1.3765300000000003,1.3759200000000003,1.3760900000000003,2515
2026-04-13T20:00:00+00:00,1.3760900000000003,1.3764300000000003,1.3760000000000003,1.3760200000000002,1555
2026-04-13T20:30:00+00:00,1.3760200000000002,1.3767100000000003,1.3759700000000004,1.3763600000000002,2272
2026-04-13T21:00:00+00:00,1.3763600000000002,1.3763600000000002,1.3756,1.37568,174.28198963442532
2026-04-13T21:30:00+00:00,1.37568,1.37595,1.37557,1.3758099999999998,722.3178658353963
2026-04-13T22:00:00+00:00,1.3758099999999998,1.3759099999999997,1.3755799999999998,1.3756799999999998,766
2026-04-13T22:30:00+00:00,1.3756799999999998,1.3759399999999997,1.3756499999999998,1.3757999999999997,451
2026-04-13T23:00:00+00:00,1.3757999999999997,1.3758799999999998,1.3756199999999998,1.3756699999999997,1056
2026-04-13T23:30:00+00:00,1.3756699999999997,1.3758299999999999,1.3756099999999998,1.3756599999999999,1621
2026-04-14T00:00:00+00:00,1.3756599999999999,1.3759499999999998,1.3755199999999999,1.3756499999999998,2778
2026-04-14T00:30:00+00:00,1.3756499999999998,1.3758799999999998,1.3755399999999998,1.3756099999999998,2089
2026-04-14T01:00:00+00:00,1.3756099999999998,1.3759399999999997,1.3755099999999998,1.3756699999999997,2065
2026-04-14T01:30:00+00:00,1.3756699999999997,1.3760099999999997,1.3754999999999997,1.3759399999999997,2457
2026-04-14T02:00:00+00:00,1.3759399999999997,1.3759599999999998,1.3757099999999998,1.3757799999999998,1398
2026-04-14T02:30:00+00:00,1.3757799999999998,1.3759399999999997,1.3756199999999998,1.3756799999999998,1552
2026-04-14T03:00:00+00:00,1.3756799999999998,1.3757399999999997,1.3754599999999997,1.3755399999999998,1244
2026-04-14T03:30:00+00:00,1.3755399999999998,1.3755699999999997,1.3752399999999998,1.3752999999999997,1220
2026-04-14T04:00:00+00:00,1.3752999999999997,1.3753799999999998,1.3751599999999997,1.3752599999999997,1033
2026-04-14T04:30:00+00:00,1.3752599999999997,1.3753299999999997,1.3752299999999997,1.3753199999999999,873
2026-04-14T05:00:00+00:00,1.3753199999999999,1.3758799999999998,1.3752799999999998,1.3757399999999997,1587
2026-04-14T05:30:00+00:00,1.3757399999999997,1.3758799999999998,1.3755499999999998,1.3756399999999998,2249
2026-04-14T06:00:00+00:00,1.3756399999999998,1.3757599999999999,1.3752599999999997,1.3753699999999998,3073
2026-04-14T06:30:00+00:00,1.3753699999999998,1.3754099999999998,1.3744199999999998,1.3744399999999999,3394
2026-04-14T07:00:00+00:00,1.3744399999999999,1.3745099999999997,1.3734299999999997,1.3744899999999998,5734
2026-04-14T07:30:00+00:00,1.3744899999999998,1.3745199999999997,1.3736799999999998,1.3739999999999999,4022
2026-04-14T08:00:00+00:00,1.3739999999999999,1.3742499999999997,1.3738499999999998,1.3739399999999997,3286
2026-04-14T08:30:00+00:00,1.3739399999999997,1.3741399999999997,1.3731599999999997,1.3733199999999999,3158
2026-04-14T09:00:00+00:00,1.3733199999999999,1.3736899999999999,1.3730299999999998,1.3734999999999997,3051
2026-04-14T09:30:00+00:00,1.3734999999999997,1.3736799999999998,1.3729899999999997,1.3732099999999998,2814
2026-04-14T10:00:00+00:00,1.3732099999999998,1.3732499999999999,1.3725799999999997,1.3730099999999998,3172
2026-04-14T10:30:00+00:00,1.3730099999999998,1.3730199999999997,1.3723999999999998,1.3725699999999998,2901
2026-04-14T11:00:00+00:00,1.3725699999999998,1.3726499999999997,1.3718799999999998,1.3721899999999998,3325
2026-04-14T11:30:00+00:00,1.3721899999999998,1.3727599999999998,1.3716399999999997,1.3721499999999998,4039
2026-04-14T12:00:00+00:00,1.3721499999999998,1.3729299999999998,1.3715499999999998,1.3716299999999997,6037
2026-04-14T12:30:00+00:00,1.3716299999999997,1.3721399999999997,1.3707199999999997,1.3707399999999998,5065
2026-04-14T13:00:00+00:00,1.3707399999999998,1.3713799999999998,1.3700999999999999,1.3711799999999998,6210
2026-04-14T13:30:00+00:00,1.3711799999999998,1.3718999999999997,1.3709699999999998,1.3714499999999998,7428
2026-04-14T14:00:00+00:00,1.3714499999999998,1.3718299999999999,1.3706699999999998,1.37095,7136
2026-04-14T14:30:00+00:00,1.37095,1.3718399999999997,1.3707399999999998,1.3718099999999998,4898
2026-04-14T15:00:00+00:00,1.3718099999999998,1.3732299999999997,1.37173,1.3730499999999999,7340
2026-04-14T15:30:00+00:00,1.3730499999999999,1.3732099999999998,1.3726199999999997,1.3728899999999997,4850
2026-04-14T16:00:00+00:00,1.3728899999999997,1.3733399999999998,1.3726199999999997,1.3728099999999999,2886
2026-04-14T16:30:00+00:00,1.3728099999999999,1.3732999999999997,1.3728099999999999,1.3731699999999998,2989
2026-04-14T17:00:00+00:00,1.3731699999999998,1.3734699999999997,1.3726899999999997,1.3729799999999999,2658
2026-04-14T17:30:00+00:00,1.3729799999999999,1.3734499999999998,1.3729699999999998,1.3734199999999999,2424
2026-04-14T18:00:00+00:00,1.3734199999999999,1.3745399999999999,1.3732099999999998,1.3743899999999998,3898
2026-04-14T18:30:00+00:00,1.3743899999999998,1.3747699999999998,1.3741299999999999,1.3746499999999997,2750
2026-04-14T19:00:00+00:00,1.3746499999999997,1.3748499999999997,1.3742099999999997,1.3742399999999997,2142
2026-04-14T19:30:00+00:00,1.3742399999999997,1.3743499999999997,1.3738199999999998,1.3740499999999998,3181
2026-04-14T20:00:00+00:00,1.3740499999999998,1.3740999999999999,1.3736599999999999,1.3736599999999999,2210
2026-04-14T20:30:00+00:00,1.3736599999999999,1.3738899999999998,1.3734999999999997,1.3735699999999997,1518
2026-04-14T21:00:00+00:00,1.3735699999999997,1.3736399999999998,1.3731699999999998,1.3736299999999997,140.5236134937361
2026-04-14T21:30:00+00:00,1.3736299999999997,1.3737399999999997,1.3734599999999997,1.3736199999999998,518
2026-04-14T22:00:00+00:00,1.3736199999999998,1.3738799999999998,1.3727899999999997,1.3736599999999999,1015
2026-04-14T22:30:00+00:00,1.3736599999999999,1.3737599999999999,1.3736299999999997,1.3736399999999998,602
2026-04-14T23:00:00+00:00,1.3736399999999998,1.3737299999999997,1.3736199999999998,1.3736899999999999,1119
2026-04-14T23:30:00+00:00,1.3736899999999999,1.3739599999999998,1.3735499999999998,1.3736499999999998,3096
2026-04-15T00:00:00+00:00,1.3736499999999998,1.3739399999999997,1.3735299999999997,1.3736799999999998,2619
2026-04-15T00:30:00+00:00,1.3736799999999998,1.3740699999999997,1.3736699999999997,1.3737499999999998,1936
2026-04-15T01:00:00+00:00,1.3737499999999998,1.3739899999999998,1.3734799999999998,1.3739399999999997,3165
2026-04-15T01:30:00+00:00,1.3739399999999997,1.3741899999999998,1.3738599999999999,1.3741399999999997,2032
2026-04-15T02:00:00+00:00,1.3741399999999997,1.3748899999999997,1.3740599999999998,1.3748899999999997,1736
2026-04-15T02:30:00+00:00,1.3748899999999997,1.3752299999999997,1.3747599999999998,1.3748799999999999,2170
2026-04-15T03:00:00+00:00,1.3748799999999999,1.3751099999999998,1.3746899999999997,1.3746999999999998,1789
2026-04-15T03:30:00+00:00,1.3746999999999998,1.3748299999999998,1.3744699999999999,1.3745699999999998,1310
2026-04-15T04:00:00+00:00,1.3745699999999998,1.3747699999999998,1.3744699999999999,1.3746299999999998,1232
2026-04-15T04:30:00+00:00,1.3746299999999998,1.3746799999999997,1.3745099999999997,1.3745399999999999,917
2026-04-15T05:00:00+00:00,1.3745399999999999,1.3746099999999999,1.3739099999999997,1.3740499999999998,2232
2026-04-15T05:30:00+00:00,1.3740499999999998,1.3742899999999998,1.3739199999999998,1.3741899999999998,1750
2026-04-15T06:00:00+00:00,1.3741899999999998,1.3744199999999998,1.3739099999999997,1.3741899999999998,2614
2026-04-15T06:30:00+00:00,1.3741899999999998,1.3746499999999997,1.3740799999999997,1.3746199999999997,2258
2026-04-15T07:00:00+00:00,1.3746199999999997,1.3746299999999998,1.3734299999999997,1.3734499999999998,3292
2026-04-15T07:30:00+00:00,1.3734499999999998,1.3740299999999999,1.3731799999999998,1.3738099999999998,3091
2026-04-15T08:00:00+00:00,1.3738099999999998,1.3739499999999998,1.3730999999999998,1.3733699999999998,2576
2026-04-15T08:30:00+00:00,1.3733699999999998,1.3740199999999998,1.3733699999999998,1.3736299999999997,2204
2026-04-15T09:00:00+00:00,1.3736299999999997,1.3746599999999998,1.3735099999999998,1.3743999999999998,4633
2026-04-15T09:30:00+00:00,1.3743999999999998,1.3746299999999998,1.3742199999999998,1.3742899999999998,2519
2026-04-15T10:00:00+00:00,1.3742899999999998,1.3749699999999998,1.3737099999999998,1.3748099999999999,4575
2026-04-15T10:30:00+00:00,1.3748099999999999,1.3750699999999998,1.3742099999999997,1.3750699999999998,3755
2026-04-15T11:00:00+00:00,1.3750699999999998,1.3756699999999997,1.3745899999999998,1.3756199999999998,2180
2026-04-15T11:30:00+00:00,1.3756199999999998,1.3758499999999998,1.3750299999999998,1.3755299999999997,4252
2026-04-15T12:00:00+00:00,1.3755299999999997,1.3756099999999998,1.3741399999999997,1.3744099999999997,4796
2026-04-15T12:30:00+00:00,1.3744099999999997,1.3745999999999998,1.3737399999999997,1.3744399999999999,3376
2026-04-15T13:00:00+00:00,1.3744399999999999,1.3746399999999999,1.37356,1.3735699999999997,3609
2026-04-15T13:30:00+00:00,1.3735699999999997,1.3739999999999999,1.3732299999999997,1.3732599999999997,5783
2026-04-15T14:00:00+00:00,1.3732599999999997,1.3732599999999997,1.3710699999999998,1.3711299999999997,5677
2026-04-15T14:30:00+00:00,1.3711299999999997,1.3722599999999998,1.3709399999999998,1.3718299999999999,6563
2026-04-15T15:00:00+00:00,1.3718299999999999,1.3719699999999997,1.3705999999999998,1.3708099999999999,7393
2026-04-15T15:30:00+00:00,1.3708099999999999,1.3713799999999998,1.3703699999999999,1.3711399999999998,4787
2026-04-15T16:00:00+00:00,1.3711399999999998,1.3713099999999998,1.3708899999999997,1.3712599999999997,3191
2026-04-15T16:30:00+00:00,1.3712599999999997,1.3713699999999998,1.3704199999999997,1.3704399999999999,4075
2026-04-15T17:00:00+00:00,1.3704399999999999,1.3707699999999998,1.3703099999999997,1.3706399999999999,2087
2026-04-15T17:30:00+00:00,1.3706399999999999,1.3706699999999998,1.3701699999999999,1.3702999999999999,2808
2026-04-15T18:00:00+00:00,1.3702999999999999,1.3704299999999998,1.3696999999999997,1.3700599999999998,3562
2026-04-15T18:30:00+00:00,1.3700599999999998,1.3700699999999997,1.3696899999999999,1.3700299999999999,2186
2026-04-15T19:00:00+00:00,1.3700299999999999,1.3703899999999998,1.3697999999999997,1.3698999999999997,2205
2026-04-15T19:30:00+00:00,1.3698999999999997,1.3701399999999997,1.3697899999999998,1.3701199999999998,2295
2026-04-15T20:00:00+00:00,1.3701199999999998,1.3708799999999999,1.3700799999999997,1.3707999999999998,1699
2026-04-15T20:30:00+00:00,1.3707999999999998,1.3712999999999997,1.3705699999999998,1.3710699999999998,2152
2026-04-15T21:00:00+00:00,1.3710699999999998,1.3710699999999998,1.3702699999999997,1.37082,373.56793186521395
2026-04-15T21:30:00+00:00,1.37082,1.3708599999999997,1.3702499999999997,1.3703899999999998,526
2026-04-15T22:00:00+00:00,1.3703899999999998,1.3710999999999998,1.3703899999999998,1.3708299999999998,839
2026-04-15T22:30:00+00:00,1.3708299999999998,1.3708299999999998,1.3704599999999998,1.3704899999999998,561
2026-04-15T23:00:00+00:00,1.3704899999999998,1.3706399999999996,1.3703899999999998,1.3705899999999998,685.4954954954956
2026-04-15T23:30:00+00:00,1.3705899999999998,1.3706299999999998,1.3702099999999997,1.3702699999999997,1453
2026-04-16T00:00:00+00:00,1.3702699999999997,1.3705399999999996,1.3700999999999997,1.3703699999999996,3075
2026-04-16T00:30:00+00:00,1.3703699999999996,1.3704499999999997,1.3699499999999998,1.3699499999999998,1961
2026-04-16T01:00:00+00:00,1.3699499999999998,1.3701199999999998,1.3697799999999998,1.3699699999999997,2813
2026-04-16T01:30:00+00:00,1.3699699999999997,1.3705399999999996,1.3697399999999997,1.3699699999999997,4103
2026-04-16T02:00:00+00:00,1.3699699999999997,1.3700099999999997,1.3696199999999996,1.3697199999999996,2592
2026-04-16T02:30:00+00:00,1.3697199999999996,1.3697199999999996,1.3689999999999998,1.3691099999999996,3331
2026-04-16T03:00:00+00:00,1.3691099999999996,1.3691199999999997,1.3684199999999997,1.3687099999999996,3384
2026-04-16T03:30:00+00:00,1.3687099999999996,1.3688599999999997,1.3685199999999997,1.3687099999999996,2391
2026-04-16T04:00:00+00:00,1.3687099999999996,1.3688499999999997,1.3686199999999997,1.3688199999999997,1371
2026-04-16T04:30:00+00:00,1.3688199999999997,1.3690399999999998,1.3687699999999996,1.3689699999999998,1749
2026-04-16T05:00:00+00:00,1.3689699999999998,1.3694699999999997,1.3688799999999997,1.3693799999999996,2116
2026-04-16T05:30:00+00:00,1.3693799999999996,1.3695599999999997,1.3689999999999998,1.3695099999999998,2373
2026-04-16T06:00:00+00:00,1.3695099999999998,1.3700599999999996,1.3693199999999996,1.3700099999999997,3357
2026-04-16T06:30:00+00:00,1.3700099999999997,1.3702399999999997,1.3688099999999996,1.3688299999999998,4019
2026-04-16T07:00:00+00:00,1.3688299999999998,1.3695899999999996,1.3685399999999996,1.3693099999999998,4561
2026-04-16T07:30:00+00:00,1.3693099999999998,1.3698399999999997,1.3691899999999997,1.3696599999999997,3620
2026-04-16T08:00:00+00:00,1.3696599999999997,1.3700799999999997,1.3690899999999997,1.3698499999999998,5191
2026-04-16T08:30:00+00:00,1.3698499999999998,1.3705499999999997,1.3697099999999998,1.3699399999999997,4141
2026-04-16T09:00:00+00:00,1.3699399999999997,1.3705199999999997,1.3697999999999997,1.3703199999999998,3188
2026-04-16T09:30:00+00:00,1.3703199999999998,1.3705899999999998,1.3698799999999998,1.3700199999999998,4085
2026-04-16T10:00:00+00:00,1.3700199999999998,1.3708999999999998,1.3699499999999998,1.3708799999999997,3365
2026-04-16T10:30:00+00:00,1.3708799999999997,1.3709199999999997,1.3704099999999997,1.3704699999999996,3031
2026-04-16T11:00:00+00:00,1.3704699999999996,1.3704899999999998,1.3700299999999996,1.3702499999999997,3081
2026-04-16T11:30:00+00:00,1.3702499999999997,1.3703499999999997,1.3693499999999996,1.3695199999999996,3926
2026-04-16T12:00:00+00:00,1.3695199999999996,1.3706199999999997,1.3694299999999997,1.3700199999999998,5354
2026-04-16T12:30:00+00:00,1.3700199999999998,1.3704799999999997,1.3691299999999997,1.3694099999999998,3272
2026-04-16T13:00:00+00:00,1.3694099999999998,1.3696199999999996,1.3688899999999997,1.3694599999999997,4087
2026-04-16T13:30:00+00:00,1.3694599999999997,1.3694899999999997,1.3682399999999997,1.3687699999999996,8451
2026-04-16T14:00:00+00:00,1.3687699999999996,1.3691299999999997,1.3678499999999998,1.3680099999999997,8028
2026-04-16T14:30:00+00:00,1.3680099999999997,1.3686099999999997,1.3679299999999996,1.3685699999999996,4390
2026-04-16T15:00:00+00:00,1.3685699999999996,1.3689399999999996,1.3680499999999998,1.3683399999999997,4907
2026-04-16T15:30:00+00:00,1.3683399999999997,1.3684499999999997,1.3676699999999997,1.3676799999999998,4899
2026-04-16T16:00:00+00:00,1.3676799999999998,1.3679999999999997,1.3672899999999997,1.3676599999999997,3189
2026-04-16T16:30:00+00:00,1.3676599999999997,1.3682899999999998,1.3673999999999997,1.3673999999999997,5164
2026-04-16T17:00:00+00:00,1.3673999999999997,1.3679899999999998,1.3671999999999997,1.3677299999999997,3944
2026-04-16T17:30:00+00:00,1.3677299999999997,1.3677899999999996,1.3674399999999998,1.3676799999999998,2535
2026-04-16T18:00:00+00:00,1.3676799999999998,1.3677399999999997,1.3673299999999997,1.3675599999999997,4409
2026-04-16T18:30:00+00:00,1.3675599999999997,1.3675699999999997,1.3670699999999998,1.3672899999999997,2573
2026-04-16T19:00:00+00:00,1.3672899999999997,1.3672899999999997,1.3667899999999997,1.3669099999999996,1886
2026-04-16T19:30:00+00:00,1.3669099999999996,1.3675799999999998,1.3666299999999998,1.3675599999999997,2607
2026-04-16T20:00:00+00:00,1.3675599999999997,1.3677699999999997,1.3670399999999998,1.3670399999999998,2165
2026-04-16T20:30:00+00:00,1.3670399999999998,1.3675999999999997,1.3668999999999998,1.3674299999999997,1378
2026-04-16T21:00:00+00:00,1.3674299999999997,1.3674299999999997,1.3669699999999994,1.3670499999999992,161.73489420616949
2026-04-16T21:30:00+00:00,1.3670499999999992,1.3673299999999993,1.3669499999999992,1.3671399999999996,715.196518649365
2026-04-16T22:00:00+00:00,1.3671399999999996,1.3672399999999996,1.3668499999999995,1.3669299999999995,465.56473469387754
2026-04-16T22:30:00+00:00,1.3669299999999995,1.3670699999999996,1.3668399999999994,1.3668399999999994,350
2026-04-16T23:00:00+00:00,1.3668399999999994,1.3669899999999995,1.3668099999999994,1.3668099999999994,576
2026-04-16T23:30:00+00:00,1.3668099999999994,1.3671599999999995,1.3668099999999994,1.3671299999999995,801
2026-04-17T00:00:00+00:00,1.3671299999999995,1.3674099999999996,1.3670899999999995,1.3672199999999994,2289
2026-04-17T00:30:00+00:00,1.3672199999999994,1.3673699999999995,1.3670099999999994,1.3671099999999994,1812
2026-04-17T01:00:00+00:00,1.3671099999999994,1.3673999999999995,1.3669999999999995,1.3673599999999995,1952
2026-04-17T01:30:00+00:00,1.3673599999999995,1.3673599999999995,1.3671199999999994,1.3672099999999994,1694
2026-04-17T02:00:00+00:00,1.3672099999999994,1.3672499999999994,1.3670899999999995,1.3671699999999996,1104
2026-04-17T02:30:00+00:00,1.3671699999999996,1.3671799999999994,1.3667599999999995,1.3668199999999995,859
2026-04-17T03:00:00+00:00,1.3668199999999995,1.3669699999999996,1.3666299999999996,1.3669399999999994,936
2026-04-17T03:30:00+00:00,1.3669399999999994,1.3669599999999995,1.3663399999999994,1.3664599999999996,943
2026-04-17T04:00:00+00:00,1.3664599999999996,1.3664799999999995,1.3658899999999994,1.3659299999999994,1507
2026-04-17T04:30:00+00:00,1.3659299999999994,1.3661799999999995,1.3657799999999995,1.3658199999999994,1127
2026-04-17T05:00:00+00:00,1.3658199999999994,1.3658999999999994,1.3651699999999996,1.3654299999999995,2295
2026-04-17T05:30:00+00:00,1.3654299999999995,1.3655099999999996,1.3651299999999995,1.3653099999999996,1249
2026-04-17T06:00:00+00:00,1.3653099999999996,1.3655399999999995,1.3649099999999994,1.3654799999999994,2716
2026-04-17T06:30:00+00:00,1.3654799999999994,1.3657299999999994,1.3652099999999994,1.3657099999999995,2541
2026-04-17T07:00:00+00:00,1.3657099999999995,1.3658999999999994,1.3651599999999995,1.3651599999999995,2647
2026-04-17T07:30:00+00:00,1.3651599999999995,1.3656799999999996,1.3651299999999995,1.3652299999999995,3526
2026-04-17T08:00:00+00:00,1.3652299999999995,1.3652299999999995,1.3645599999999996,1.3645899999999995,2438
2026-04-17T08:30:00+00:00,1.3645899999999995,1.3646799999999994,1.3640399999999995,1.3643099999999995,2502
2026-04-17T09:00:00+00:00,1.3643099999999995,1.3647699999999994,1.3642199999999995,1.3646099999999994,2345
2026-04-17T09:30:00+00:00,1.3646099999999994,1.3651399999999996,1.3645599999999996,1.3648099999999994,2625
2026-04-17T10:00:00+00:00,1.3648099999999994,1.3651199999999994,1.3647799999999994,1.3650799999999994,1875
2026-04-17T10:30:00+00:00,1.3650799999999994,1.3653899999999994,1.3650399999999994,1.3653299999999995,1751
2026-04-17T11:00:00+00:00,1.3653299999999995,1.3653399999999996,1.3646999999999996,1.3647899999999995,1831
2026-04-17T11:30:00+00:00,1.3647899999999995,1.3647999999999996,1.3640899999999996,1.3642799999999995,2572
2026-04-17T12:00:00+00:00,1.3642799999999995,1.3650399999999994,1.3639899999999994,1.3647399999999994,4620
2026-04-17T12:30:00+00:00,1.3647399999999994,1.3648999999999996,1.3630599999999995,1.3631299999999995,10595
2026-04-17T13:00:00+00:00,1.3631299999999995,1.3635299999999995,1.3619499999999995,1.3631199999999994,11022
2026-04-17T13:30:00+00:00,1.3631199999999994,1.3645299999999996,1.3627299999999996,1.3639099999999995,11680
2026-04-17T14:00:00+00:00,1.3639099999999995,1.3642299999999994,1.3620799999999995,1.3627299999999996,7860
2026-04-17T14:30:00+00:00,1.3627299999999996,1.3643899999999995,1.3626399999999994,1.3636699999999995,8161
2026-04-17T15:00:00+00:00,1.3636699999999995,1.3644599999999996,1.3634999999999995,1.3641399999999995,7575
2026-04-17T15:30:00+00:00,1.3641399999999995,1.3641499999999995,1.3633099999999996,1.3638599999999994,5654
2026-04-17T16:00:00+00:00,1.3638599999999994,1.3646499999999995,1.3637299999999994,1.3642099999999995,4212
2026-04-17T16:30:00+00:00,1.3642099999999995,1.3643599999999996,1.3638099999999995,1.3638299999999994,2889
2026-04-17T17:00:00+00:00,1.3638299999999994,1.3650199999999995,1.3638199999999994,1.3645899999999995,6466
2026-04-17T17:30:00+00:00,1.3645899999999995,1.3649999999999995,1.3640399999999995,1.3641499999999995,3458
2026-04-17T18:00:00+00:00,1.3641499999999995,1.3648199999999995,1.3641199999999996,1.3647899999999995,3192
2026-04-17T18:30:00+00:00,1.3647899999999995,1.3655899999999994,1.3642099999999995,1.3649599999999995,4079
2026-04-17T19:00:00+00:00,1.3649599999999995,1.3651199999999994,1.3645199999999995,1.3650299999999995,2752
2026-04-17T19:30:00+00:00,1.3650299999999995,1.3665099999999994,1.3649999999999995,1.3662799999999995,3929
2026-04-17T20:00:00+00:00,1.3662799999999995,1.3663699999999994,1.3650499999999994,1.3656899999999994,2169
2026-04-17T20:30:00+00:00,1.3656899999999994,1.3663399999999994,1.3653699999999995,1.3660499999999993,2825.607665268171
2026-04-19T21:00:00+00:00,1.3660499999999993,1.3667599999999995,1.3659099999999997,1.3666099999999997,374.9243983155244
2026-04-19T21:30:00+00:00,1.3666099999999997,1.3671899999999997,1.3664899999999995,1.3670899999999997,830.4843806843319
2026-04-19T22:00:00+00:00,1.3670899999999997,1.3687299999999998,1.3670099999999996,1.3683799999999997,1953
2026-04-19T22:30:00+00:00,1.3683799999999997,1.3686599999999998,1.3680699999999997,1.3681399999999997,1401
2026-04-19T23:00:00+00:00,1.3681399999999997,1.3684199999999997,1.3680199999999998,1.3684099999999997,1584
2026-04-19T23:30:00+00:00,1.3684099999999997,1.3687499999999997,1.3681999999999996,1.3683899999999998,2165
2026-04-20T00:00:00+00:00,1.3683899999999998,1.3685799999999997,1.3674499999999998,1.3674999999999997,4270
2026-04-20T00:30:00+00:00,1.3674999999999997,1.3676699999999997,1.3671999999999997,1.3672799999999998,2047
2026-04-20T01:00:00+00:00,1.3672799999999998,1.3679899999999998,1.3672499999999996,1.3679699999999997,2991
2026-04-20T01:30:00+00:00,1.3679699999999997,1.3679899999999998,1.3674199999999996,1.3678299999999997,3057
2026-04-20T02:00:00+00:00,1.3678299999999997,1.3679199999999998,1.3673399999999998,1.3674499999999998,2081
2026-04-20T02:30:00+00:00,1.3674499999999998,1.3676999999999997,1.3672699999999998,1.3675299999999997,1702
2026-04-20T03:00:00+00:00,1.3675299999999997,1.3676599999999997,1.3672299999999997,1.3672699999999998,2473
2026-04-20T03:30:00+00:00,1.3672699999999998,1.3673099999999998,1.3670299999999997,1.3672499999999996,1895
2026-04-20T04:00:00+00:00,1.3672499999999996,1.3672899999999997,1.3670299999999997,1.3671399999999998,1225.2664663363926
2026-04-20T04:30:00+00:00,1.3671399999999998,1.3672599999999997,1.3670399999999998,1.3672499999999996,1647
2026-04-20T05:00:00+00:00,1.3672499999999996,1.3677199999999998,1.3671799999999996,1.3677099999999998,2100
2026-04-20T05:30:00+00:00,1.3677099999999998,1.3680699999999997,1.3675999999999997,1.3678199999999998,2771
2026-04-20T06:00:00+00:00,1.3678199999999998,1.3678899999999998,1.3673299999999997,1.3676299999999997,2913
2026-04-20T06:30:00+00:00,1.3676299999999997,1.3679199999999998,1.3672699999999998,1.3674299999999997,3783
2026-04-20T07:00:00+00:00,1.3674299999999997,1.3674799999999998,1.3665199999999997,1.3669999999999998,3929
2026-04-20T07:30:00+00:00,1.3669999999999998,1.3674799999999998,1.3667899999999997,1.3671299999999997,4266
2026-04-20T08:00:00+00:00,1.3671299999999997,1.3673199999999996,1.3667299999999998,1.3671299999999997,3554
2026-04-20T08:30:00+00:00,1.3671299999999997,1.3674499999999998,1.3668599999999997,1.3671099999999998,3688
2026-04-20T09:00:00+00:00,1.3671099999999998,1.3671599999999997,1.3667599999999998,1.3670799999999996,3135
2026-04-20T09:30:00+00:00,1.3670799999999996,1.3670899999999997,1.3667199999999997,1.3667399999999996,2126
2026-04-20T10:00:00+00:00,1.3667399999999996,1.3673299999999997,1.3665099999999997,1.3672999999999997,2147
2026-04-20T10:30:00+00:00,1.3672999999999997,1.3673199999999996,1.3667499999999997,1.3669799999999996,2474
2026-04-20T11:00:00+00:00,1.3669799999999996,1.3670099999999996,1.3660999999999996,1.3664299999999998,2361
2026-04-20T11:30:00+00:00,1.3664299999999998,1.3668199999999997,1.3660699999999997,1.3668199999999997,2602
2026-04-20T12:00:00+00:00,1.3668199999999997,1.3676899999999996,1.3666199999999997,1.3674699999999997,4216
2026-04-20T12:30:00+00:00,1.3674699999999997,1.3678599999999996,1.3669399999999998,1.3669899999999997,3614
2026-04-20T13:00:00+00:00,1.3669899999999997,1.3676699999999997,1.3663299999999998,1.3663999999999996,5012
2026-04-20T13:30:00+00:00,1.3663999999999996,1.3664899999999998,1.3651699999999998,1.3656099999999998,5458
2026-04-20T14:00:00+00:00,1.3656099999999998,1.3659699999999997,1.3643899999999998,1.3646599999999998,5343
2026-04-20T14:30:00+00:00,1.3646599999999998,1.3653699999999998,1.3638699999999997,1.3639499999999998,8328
2026-04-20T15:00:00+00:00,1.3639499999999998,1.3643799999999997,1.3627699999999998,1.3628099999999996,5716
2026-04-20T15:30:00+00:00,1.3628099999999996,1.3633199999999996,1.3619599999999996,1.3627899999999997,6439
2026-04-20T16:00:00+00:00,1.3627899999999997,1.3627999999999998,1.3617599999999996,1.3622199999999998,3563
2026-04-20T16:30:00+00:00,1.3622199999999998,1.3625299999999998,1.3620199999999998,1.3622999999999996,2331
2026-04-20T17:00:00+00:00,1.3622999999999996,1.3626199999999997,1.3619999999999997,1.3624299999999998,2495
2026-04-20T17:30:00+00:00,1.3624299999999998,1.3624699999999996,1.3619099999999997,1.3619199999999998,2341
2026-04-20T18:00:00+00:00,1.3619199999999998,1.3619899999999998,1.3612899999999997,1.3614599999999997,2780
2026-04-20T18:30:00+00:00,1.3614599999999997,1.3622699999999996,1.3614199999999996,1.3621599999999998,2598
2026-04-20T19:00:00+00:00,1.3621599999999998,1.3621799999999997,1.3617599999999996,1.3619799999999997,1566
2026-04-20T19:30:00+00:00,1.3619799999999997,1.3625499999999997,1.3617799999999998,1.3624899999999998,3036
2026-04-20T20:00:00+00:00,1.3624899999999998,1.3626899999999997,1.3622299999999998,1.3626099999999997,1597
2026-04-20T20:30:00+00:00,1.3626099999999997,1.3628699999999998,1.3620399999999997,1.3620399999999997,1888
2026-04-20T21:00:00+00:00,1.3620399999999997,1.3620699999999994,1.3614799999999996,1.3619999999999997,278.04753656008904
2026-04-20T21:30:00+00:00,1.3619999999999997,1.3628599999999995,1.3618699999999995,1.3623399999999994,1336
2026-04-20T22:00:00+00:00,1.3623399999999994,1.3624299999999996,1.3620599999999996,1.3622699999999996,685
2026-04-20T22:30:00+00:00,1.3622699999999996,1.3624499999999995,1.3615799999999996,1.3615799999999996,686
2026-04-20T23:00:00+00:00,1.3615799999999996,1.3620199999999996,1.3615699999999995,1.3620199999999996,848
2026-04-20T23:30:00+00:00,1.3620199999999996,1.3622899999999996,1.3619799999999995,1.3621999999999996,1216
2026-04-21T00:00:00+00:00,1.3621999999999996,1.3622799999999995,1.3618099999999995,1.3622499999999995,2731
2026-04-21T00:30:00+00:00,1.3622499999999995,1.3623299999999996,1.3618499999999996,1.3620099999999995,2920
2026-04-21T01:00:00+00:00,1.3620099999999995,1.3622899999999996,1.3619599999999996,1.3620199999999996,2221
2026-04-21T01:30:00+00:00,1.3620199999999996,1.3621199999999996,1.3618199999999996,1.3620499999999995,2076
2026-04-21T02:00:00+00:00,1.3620499999999995,1.3622999999999996,1.3620199999999996,1.3620999999999996,1763
2026-04-21T02:30:00+00:00,1.3620999999999996,1.3624899999999995,1.3620499999999995,1.3623499999999995,1601
2026-04-21T03:00:00+00:00,1.3623499999999995,1.3625799999999995,1.3622499999999995,1.3624699999999996,1721
2026-04-21T03:30:00+00:00,1.3624699999999996,1.3628299999999995,1.3623999999999996,1.3625199999999995,1338
2026-04-21T04:00:00+00:00,1.3625199999999995,1.3625899999999995,1.3624299999999996,1.3624399999999997,1276
2026-04-21T04:30:00+00:00,1.3624399999999997,1.3625699999999996,1.3623899999999995,1.3625199999999995,1053
2026-04-21T05:00:00+00:00,1.3625199999999995,1.3625299999999996,1.3620399999999995,1.3621999999999996,1907
2026-04-21T05:30:00+00:00,1.3621999999999996,1.3626299999999996,1.3620699999999994,1.3625999999999996,1937
2026-04-21T06:00:00+00:00,1.3625999999999996,1.3629199999999995,1.3623599999999996,1.3624799999999995,2675
2026-04-21T06:30:00+00:00,1.3624799999999995,1.3626099999999997,1.3622499999999995,1.3624699999999996,2497
2026-04-21T07:00:00+00:00,1.3624699999999996,1.3626899999999995,1.3620799999999995,1.3625899999999995,2907
2026-04-21T07:30:00+00:00,1.3625899999999995,1.3632999999999995,1.3624999999999996,1.3632999999999995,3347
2026-04-21T08:00:00+00:00,1.3632999999999995,1.3640999999999996,1.3630999999999995,1.3636799999999996,4857
2026-04-21T08:30:00+00:00,1.3636799999999996,1.3636999999999995,1.3631899999999995,1.3635099999999996,2668
2026-04-21T09:00:00+00:00,1.3635099999999996,1.3639599999999996,1.3632899999999994,1.3637699999999995,2447
2026-04-21T09:30:00+00:00,1.3637699999999995,1.3638199999999996,1.3634299999999995,1.3637899999999996,2111
2026-04-21T10:00:00+00:00,1.3637899999999996,1.3638299999999997,1.3630799999999996,1.3633799999999996,2341
2026-04-21T10:30:00+00:00,1.3633799999999996,1.3637799999999995,1.3632599999999995,1.3637099999999995,2098
2026-04-21T11:00:00+00:00,1.3637099999999995,1.3637999999999995,1.3632699999999995,1.3632999999999995,3000
2026-04-21T11:30:00+00:00,1.3632999999999995,1.3635099999999996,1.3631099999999996,1.3632499999999996,2295
2026-04-21T12:00:00+00:00,1.3632499999999996,1.3634599999999995,1.3631899999999995,1.3631899999999995,2295
2026-04-21T12:30:00+00:00,1.3631899999999995,1.3636799999999996,1.3628199999999995,1.3628399999999996,3879
2026-04-21T13:00:00+00:00,1.3628399999999996,1.3630599999999995,1.3620399999999995,1.3620899999999996,3062
2026-04-21T13:30:00+00:00,1.3620899999999996,1.3622699999999996,1.3614199999999996,1.3616099999999995,5483
2026-04-21T14:00:00+00:00,1.3616099999999995,1.3618399999999995,1.3612099999999996,1.3612399999999996,3811
2026-04-21T14:30:00+00:00,1.3612399999999996,1.3627499999999995,1.3608299999999995,1.3626599999999995,7746
2026-04-21T15:00:00+00:00,1.3626599999999995,1.3627899999999995,1.3616199999999996,1.3626799999999994,6406
2026-04-21T15:30:00+00:00,1.3626799999999994,1.3630699999999996,1.3620299999999996,1.3620799999999995,4807
2026-04-21T16:00:00+00:00,1.3620799999999995,1.3628599999999995,1.3617199999999996,1.3628599999999995,4940
2026-04-21T16:30:00+00:00,1.3628599999999995,1.3636399999999995,1.3626099999999997,1.3636299999999995,3120
2026-04-21T17:00:00+00:00,1.3636299999999995,1.3654199999999996,1.3635999999999995,1.3645299999999996,6834
2026-04-21T17:30:00+00:00,1.3645299999999996,1.3645799999999995,1.3626499999999995,1.3637499999999996,7481
2026-04-21T18:00:00+00:00,1.3637499999999996,1.3646099999999997,1.3634799999999996,1.3644499999999995,5810
2026-04-21T18:30:00+00:00,1.3644499999999995,1.3644699999999996,1.3635999999999995,1.3636599999999997,4828
2026-04-21T19:00:00+00:00,1.3636599999999997,1.3638499999999996,1.3631899999999995,1.3633899999999997,5851
2026-04-21T19:30:00+00:00,1.3633899999999997,1.3652699999999995,1.3633699999999995,1.3649199999999995,7779
2026-04-21T20:00:00+00:00,1.3649199999999995,1.3650199999999995,1.3627999999999996,1.3633199999999996,8675
2026-04-21T20:30:00+00:00,1.3633199999999996,1.3640399999999995,1.3632799999999996,1.3639699999999995,2825
2026-04-21T21:00:00+00:00,1.3639699999999995,1.3641899999999996,1.3636899999999996,1.3639799999999995,267.2844897810343
2026-04-21T21:30:00+00:00,1.3639799999999995,1.3640499999999995,1.3636499999999996,1.3637499999999996,524.3662898333793
2026-04-21T22:00:00+00:00,1.3637499999999996,1.3641799999999995,1.3637499999999996,1.3641499999999995,576
2026-04-21T22:30:00+00:00,1.3641499999999995,1.3641599999999996,1.3638899999999996,1.3640399999999997,867
2026-04-21T23:00:00+00:00,1.3640399999999997,1.3641199999999996,1.3637099999999995,1.3637699999999995,871
2026-04-21T23:30:00+00:00,1.3637699999999995,1.3638699999999997,1.3634699999999995,1.3636099999999995,1281
2026-04-22T00:00:00+00:00,1.3636099999999995,1.3636199999999996,1.3631999999999995,1.3634399999999995,2762
2026-04-22T00:30:00+00:00,1.3634399999999995,1.3635699999999995,1.3631699999999995,1.3633899999999997,2622
2026-04-22T01:00:00+00:00,1.3633899999999997,1.3641099999999995,1.3633599999999997,1.3640699999999997,2247
2026-04-22T01:30:00+00:00,1.3640699999999997,1.3640699999999997,1.3636499999999996,1.3637099999999995,2269
2026-04-22T02:00:00+00:00,1.3637099999999995,1.3637299999999997,1.3633799999999996,1.3634199999999996,1954
2026-04-22T02:30:00+00:00,1.3634199999999996,1.3637899999999996,1.3633999999999995,1.3637299999999997,1641
2026-04-22T03:00:00+00:00,1.3637299999999997,1.3639199999999996,1.3634899999999996,1.3635299999999997,1560
2026-04-22T03:30:00+00:00,1.3635299999999997,1.3638499999999996,1.3634599999999997,1.3637699999999995,1778
2026-04-22T04:00:00+00:00,1.3637699999999995,1.3638699999999997,1.3635799999999996,1.3636099999999995,1494
2026-04-22T04:30:00+00:00,1.3636099999999995,1.3637299999999997,1.3633599999999997,1.3634399999999995,1339
2026-04-22T05:00:00+00:00,1.3634399999999995,1.3634999999999995,1.3623299999999996,1.3625299999999996,4001
2026-04-22T05:30:00+00:00,1.3625299999999996,1.3628799999999996,1.3624499999999995,1.3628199999999997,2208
2026-04-22T06:00:00+00:00,1.3628199999999997,1.3638599999999996,1.3627499999999997,1.3633799999999996,2727
2026-04-22T06:30:00+00:00,1.3633799999999996,1.3633899999999997,1.3629699999999996,1.3632899999999997,2581
2026-04-22T07:00:00+00:00,1.3632899999999997,1.3636699999999995,1.3630099999999996,1.3632799999999996,3080
2026-04-22T07:30:00+00:00,1.3632799999999996,1.3634799999999996,1.3629299999999995,1.3629999999999995,2601
2026-04-22T08:00:00+00:00,1.3629999999999995,1.3630099999999996,1.3620799999999995,1.3624199999999995,3003
2026-04-22T08:30:00+00:00,1.3624199999999995,1.3626799999999997,1.3622799999999995,1.3624599999999996,2494
2026-04-22T09:00:00+00:00,1.3624599999999996,1.3629399999999996,1.3622299999999996,1.3628399999999996,2534
2026-04-22T09:30:00+00:00,1.3628399999999996,1.3632499999999996,1.3627999999999996,1.3630999999999995,2789
2026-04-22T10:00:00+00:00,1.3630999999999995,1.3633999999999995,1.3628899999999995,1.3631699999999995,2772
2026-04-22T10:30:00+00:00,1.3631699999999995,1.3632999999999995,1.3630199999999997,1.3631299999999995,2206
2026-04-22T11:00:00+00:00,1.3631299999999995,1.3635799999999996,1.3631099999999996,1.3635599999999997,2311
2026-04-22T11:30:00+00:00,1.3635599999999997,1.3643099999999997,1.3633199999999996,1.3641499999999995,2629
2026-04-22T12:00:00+00:00,1.3641499999999995,1.3645799999999997,1.3639299999999996,1.3645199999999995,3401
2026-04-22T12:30:00+00:00,1.3645199999999995,1.3649999999999995,1.3640899999999996,1.3645699999999996,4486
2026-04-22T13:00:00+00:00,1.3645699999999996,1.3647099999999996,1.3634799999999996,1.3646099999999997,6035
2026-04-22T13:30:00+00:00,1.3646099999999997,1.3646099999999997,1.3626799999999997,1.3628299999999995,6115
2026-04-22T14:00:00+00:00,1.3628299999999995,1.3633099999999996,1.3623799999999995,1.3626299999999996,4793
2026-04-22T14:30:00+00:00,1.3626299999999996,1.3644799999999997,1.3626199999999995,1.3643499999999995,5488
2026-04-22T15:00:00+00:00,1.3643499999999995,1.3645999999999996,1.3637699999999995,1.3638499999999996,4416
2026-04-22T15:30:00+00:00,1.3638499999999996,1.3643399999999997,1.3635199999999996,1.3638799999999995,3356
2026-04-22T16:00:00+00:00,1.3638799999999995,1.3641299999999996,1.3636099999999995,1.3637499999999996,3340
2026-04-22T16:30:00+00:00,1.3637499999999996,1.3638899999999996,1.3633999999999995,1.3635299999999997,3559
2026-04-22T17:00:00+00:00,1.3635299999999997,1.3637599999999996,1.3632099999999996,1.3634899999999996,3458
2026-04-22T17:30:00+00:00,1.3634899999999996,1.3640499999999995,1.3632699999999995,1.3640499999999995,2176
2026-04-22T18:00:00+00:00,1.3640499999999995,1.3645499999999995,1.3639999999999997,1.3643299999999996,2389
2026-04-22T18:30:00+00:00,1.3643299999999996,1.3644399999999997,1.3640699999999997,1.3643299999999996,1847
2026-04-22T19:00:00+00:00,1.3643299999999996,1.3645199999999995,1.3638999999999997,1.3643399999999997,2531
2026-04-22T19:30:00+00:00,1.3643399999999997,1.3651399999999996,1.3643199999999995,1.3649999999999995,2181
2026-04-22T20:00:00+00:00,1.3649999999999995,1.3652399999999996,1.3647199999999995,1.3647199999999995,1852
2026-04-22T20:30:00+00:00,1.3647199999999995,1.3652199999999997,1.3646799999999997,1.3648399999999996,2625
2026-04-22T21:00:00+00:00,1.3648399999999996,1.3648399999999996,1.3640399999999997,1.3646799999999997,206.21193057938513
2026-04-22T21:30:00+00:00,1.3646799999999997,1.3651599999999997,1.3641099999999997,1.3641099999999997,1445.9055606001862
2026-04-22T22:00:00+00:00,1.3641099999999997,1.3647199999999997,1.3641099999999997,1.3646399999999999,487.34329054842476
2026-04-22T22:30:00+00:00,1.3646399999999999,1.36472,1.36446,1.3645399999999999,568.4447489901904
2026-04-22T23:00:00+00:00,1.3645399999999999,1.36476,1.3644399999999999,1.36448,948.8124719605204
2026-04-22T23:30:00+00:00,1.36448,1.36463,1.36443,1.36458,1049
2026-04-23T00:00:00+00:00,1.36458,1.36554,1.36413,1.36418,9740
2026-04-23T00:30:00+00:00,1.36418,1.36429,1.36397,1.36414,5127
2026-04-23T01:00:00+00:00,1.36414,1.36446,1.36407,1.36435,4002
2026-04-23T01:30:00+00:00,1.36435,1.3644,1.36412,1.36428,4022
2026-04-23T02:00:00+00:00,1.36428,1.36456,1.36421,1.36441,4160
2026-04-23T02:30:00+00:00,1.36441,1.36504,1.3642699999999999,1.36485,4775
2026-04-23T03:00:00+00:00,1.36485,1.36516,1.3646099999999999,1.36493,4427
2026-04-23T03:30:00+00:00,1.36493,1.36523,1.36479,1.36516,2486
2026-04-23T04:00:00+00:00,1.36516,1.36524,1.36466,1.36482,1748
2026-04-23T04:30:00+00:00,1.36482,1.3649,1.36465,1.36472,1201
2026-04-23T05:00:00+00:00,1.36472,1.36501,1.36463,1.36493,1588
2026-04-23T05:30:00+00:00,1.36493,1.365,1.36438,1.36449,2162
2026-04-23T06:00:00+00:00,1.36449,1.3648099999999999,1.36421,1.36472,2896
2026-04-23T06:30:00+00:00,1.36472,1.3648099999999999,1.36438,1.3646099999999999,2984
2026-04-23T07:00:00+00:00,1.3646099999999999,1.36473,1.36414,1.36459,3811
2026-04-23T07:30:00+00:00,1.36459,1.36502,1.36423,1.3643,3460
2026-04-23T08:00:00+00:00,1.3643,1.36442,1.36361,1.3637599999999999,2603
2026-04-23T08:30:00+00:00,1.3637599999999999,1.36396,1.36365,1.36396,2617
2026-04-23T09:00:00+00:00,1.36396,1.36462,1.36382,1.36453,2508
2026-04-23T09:30:00+00:00,1.36453,1.36474,1.3641699999999999,1.36433,2706
2026-04-23T10:00:00+00:00,1.36433,1.3652,1.36431,1.36518,2861
2026-04-23T10:30:00+00:00,1.36518,1.36561,1.3649799999999999,1.3654199999999999,2581
2026-04-23T11:00:00+00:00,1.3654199999999999,1.36557,1.36459,1.36462,3135
2026-04-23T11:30:00+00:00,1.36462,1.3651,1.36396,1.36435,4505
2026-04-23T12:00:00+00:00,1.36435,1.36562,1.36415,1.3654899999999999,5203
2026-04-23T12:30:00+00:00,1.3654899999999999,1.36604,1.36509,1.3655899999999999,5511
2026-04-23T13:00:00+00:00,1.3655899999999999,1.36638,1.36541,1.36597,3975
2026-04-23T13:30:00+00:00,1.36597,1.36615,1.36527,1.36589,5569
2026-04-23T14:00:00+00:00,1.36589,1.36632,1.36429,1.36482,5918
2026-04-23T14:30:00+00:00,1.36482,1.36557,1.36468,1.36527,5469
2026-04-23T15:00:00+00:00,1.36527,1.36615,1.36506,1.36574,4735
2026-04-23T15:30:00+00:00,1.36574,1.36652,1.36544,1.3659,5040
2026-04-23T16:00:00+00:00,1.3659,1.36711,1.3658299999999999,1.36684,4395
2026-04-23T16:30:00+00:00,1.36684,1.36702,1.36657,1.36694,3124
2026-04-23T17:00:00+00:00,1.36694,1.36875,1.36683,1.36795,9603
2026-04-23T17:30:00+00:00,1.36795,1.36903,1.367,1.36713,13781
2026-04-23T18:00:00+00:00,1.36713,1.36725,1.3663399999999999,1.3667,8464
2026-04-23T18:30:00+00:00,1.3667,1.36709,1.36651,1.36708,4094
2026-04-23T19:00:00+00:00,1.36708,1.36743,1.3669,1.3672199999999999,3425
2026-04-23T19:30:00+00:00,1.3672199999999999,1.3676,1.36691,1.36706,4306
2026-04-23T20:00:00+00:00,1.36706,1.3677099999999998,1.36706,1.3672099999999998,1906.8844501034537
2026-04-23T20:30:00+00:00,1.3672099999999998,1.3676099999999998,1.36702,1.3675799999999998,1992
2026-04-23T21:00:00+00:00,1.3675799999999998,1.36824,1.3673199999999999,1.3677599999999999,317
2026-04-23T21:30:00+00:00,1.3677599999999999,1.3677599999999999,1.3663699999999999,1.3668799999999999,839
2026-04-23T22:00:00+00:00,1.3668799999999999,1.3676599999999999,1.3668799999999999,1.36746,583
2026-04-23T22:30:00+00:00,1.36746,1.36746,1.3672099999999998,1.3672999999999997,421
2026-04-23T23:00:00+00:00,1.3672999999999997,1.3676399999999997,1.3672199999999999,1.3673699999999998,835
2026-04-23T23:30:00+00:00,1.3673699999999998,1.3675599999999999,1.3673499999999998,1.3674899999999999,1217
2026-04-24T00:00:00+00:00,1.3674899999999999,1.3676399999999997,1.36726,1.3673399999999998,3015
2026-04-24T00:30:00+00:00,1.3673399999999998,1.36763,1.3672299999999997,1.3674099999999998,2622
2026-04-24T01:00:00+00:00,1.3674099999999998,1.3675699999999997,1.3672499999999999,1.3674199999999999,2510
2026-04-24T01:30:00+00:00,1.3674199999999999,1.3676199999999998,1.3673499999999998,1.3673899999999999,2021
2026-04-24T02:00:00+00:00,1.3673899999999999,1.3678399999999997,1.36736,1.3678399999999997,2537
2026-04-24T02:30:00+00:00,1.3678399999999997,1.3684699999999999,1.3676799999999998,1.3683499999999997,1777
2026-04-24T03:00:00+00:00,1.3683499999999997,1.36885,1.3682699999999999,1.3688299999999998,2246
2026-04-24T03:30:00+00:00,1.3688299999999998,1.3690399999999998,1.3683699999999999,1.3686299999999998,2134
2026-04-24T04:00:00+00:00,1.3686299999999998,1.3687999999999998,1.3684499999999997,1.3685599999999998,2013
2026-04-24T04:30:00+00:00,1.3685599999999998,1.3688399999999998,1.3684499999999997,1.3685699999999998,1862
2026-04-24T05:00:00+00:00,1.3685699999999998,1.3687699999999998,1.3683299999999998,1.3684199999999997,1892
2026-04-24T05:30:00+00:00,1.3684199999999997,1.3684199999999997,1.3679599999999998,1.3680999999999999,2018
2026-04-24T06:00:00+00:00,1.3680999999999999,1.3688299999999998,1.3680499999999998,1.3687099999999999,2681
2026-04-24T06:30:00+00:00,1.3687099999999999,1.3687699999999998,1.3683599999999998,1.3685699999999998,2545
2026-04-24T07:00:00+00:00,1.3685699999999998,1.3689599999999997,1.3681599999999998,1.3682599999999998,3797
2026-04-24T07:30:00+00:00,1.3682599999999998,1.3685299999999998,1.3672999999999997,1.3673499999999998,2335
2026-04-24T08:00:00+00:00,1.3673499999999998,1.3678,1.3665499999999997,1.3667599999999998,3427
2026-04-24T08:30:00+00:00,1.3667599999999998,1.36685,1.3662699999999999,1.3665199999999997,3009
2026-04-24T09:00:00+00:00,1.3665199999999997,1.3665999999999998,1.3662699999999999,1.3665699999999998,3078
2026-04-24T09:30:00+00:00,1.3665699999999998,1.3667899999999997,1.3663699999999999,1.3664599999999998,2542
2026-04-24T10:00:00+00:00,1.3664599999999998,1.3667699999999998,1.3659899999999998,1.3660999999999999,2685
2026-04-24T10:30:00+00:00,1.3660999999999999,1.3662199999999998,1.3657199999999998,1.3657699999999997,2835
2026-04-24T11:00:00+00:00,1.3657699999999997,1.3665499999999997,1.3654799999999998,1.3663599999999998,6385
2026-04-24T11:30:00+00:00,1.3663599999999998,1.36668,1.3655399999999998,1.3655999999999997,3710
2026-04-24T12:00:00+00:00,1.3655999999999997,1.3661499999999998,1.3654099999999998,1.3656499999999998,3661
2026-04-24T12:30:00+00:00,1.3656499999999998,1.3662099999999997,1.36563,1.3657299999999999,4171
2026-04-24T13:00:00+00:00,1.3657299999999999,1.3666299999999998,1.3657,1.36658,4953
2026-04-24T13:30:00+00:00,1.36658,1.3673799999999998,1.3664699999999999,1.3667699999999998,5565
2026-04-24T14:00:00+00:00,1.3667699999999998,1.3675399999999998,1.3661899999999998,1.3662899999999998,7585
2026-04-24T14:30:00+00:00,1.3662899999999998,1.3668799999999999,1.3658499999999998,1.3661599999999998,5803
2026-04-24T15:00:00+00:00,1.3661599999999998,1.3662999999999998,1.3658099999999997,1.3658299999999999,3852
2026-04-24T15:30:00+00:00,1.3658299999999999,1.3661599999999998,1.3651099999999998,1.3651999999999997,6041
2026-04-24T16:00:00+00:00,1.3651999999999997,1.3656899999999998,1.36512,1.3653199999999999,3426
2026-04-24T16:30:00+00:00,1.3653199999999999,1.3653899999999999,1.3648699999999998,1.3649899999999997,2559
2026-04-24T17:00:00+00:00,1.3649899999999997,1.3650299999999997,1.3643799999999997,1.3644199999999997,2765
2026-04-24T17:30:00+00:00,1.3644199999999997,1.3648399999999998,1.3642999999999998,1.3645499999999997,3374
2026-04-24T18:00:00+00:00,1.3645499999999997,1.3649499999999999,1.3642099999999997,1.3642099999999997,2211
2026-04-24T18:30:00+00:00,1.3642099999999997,1.3642599999999998,1.3639199999999998,1.3642499999999997,2173
2026-04-24T19:00:00+00:00,1.3642499999999997,1.3643199999999998,1.3639499999999998,1.3640499999999998,1527
2026-04-24T19:30:00+00:00,1.3640499999999998,1.3642199999999998,1.3639,1.3641599999999998,1652
2026-04-24T20:00:00+00:00,1.3641599999999998,1.3647199999999997,1.3640099999999997,1.3644399999999999,1752
2026-04-24T20:30:00+00:00,1.3644399999999999,1.3646999999999998,1.3638599999999999,1.3640999999999999,1745.0229548605762
2026-04-26T21:00:00+00:00,1.3640999999999999,1.3640999999999999,1.36276,1.36308,195.1501558377964
2026-04-26T21:30:00+00:00,1.36308,1.3632100000000003,1.3622200000000002,1.3630700000000002,1216.0063666974795
2026-04-26T22:00:00+00:00,1.3630700000000002,1.3639800000000002,1.36281,1.36376,974
2026-04-26T22:30:00+00:00,1.36376,1.3637700000000001,1.3634600000000001,1.36359,709
2026-04-26T23:00:00+00:00,1.36359,1.3637100000000002,1.3634800000000002,1.3636400000000002,851.4122516556291
2026-04-26T23:30:00+00:00,1.3636400000000002,1.36368,1.36345,1.36367,606.8766767633059
2026-04-27T00:00:00+00:00,1.36367,1.36372,1.36332,1.36335,1248
2026-04-27T00:30:00+00:00,1.36335,1.3634600000000001,1.36273,1.36283,1196
2026-04-27T01:00:00+00:00,1.36283,1.36283,1.36211,1.36244,4600
2026-04-27T01:30:00+00:00,1.36244,1.36259,1.362,1.36212,2807
2026-04-27T02:00:00+00:00,1.36212,1.36271,1.36198,1.36238,2254
2026-04-27T02:30:00+00:00,1.36238,1.3624100000000001,1.36203,1.36223,1587
2026-04-27T03:00:00+00:00,1.36223,1.36232,1.36205,1.36217,1755
2026-04-27T03:30:00+00:00,1.36217,1.36225,1.36196,1.36217,1659
2026-04-27T04:00:00+00:00,1.36217,1.3624,1.36212,1.3621400000000001,1365
2026-04-27T04:30:00+00:00,1.3621400000000001,1.36239,1.3619700000000001,1.36226,1441
2026-04-27T05:00:00+00:00,1.36226,1.3624100000000001,1.36215,1.36217,1259
2026-04-27T05:30:00+00:00,1.36217,1.36259,1.3621400000000001,1.36228,1787
2026-04-27T06:00:00+00:00,1.36228,1.3624,1.36187,1.36234,2117
2026-04-27T06:30:00+00:00,1.36234,1.36236,1.36148,1.36148,2384
2026-04-27T07:00:00+00:00,1.36148,1.36149,1.36048,1.36066,2868
2026-04-27T07:30:00+00:00,1.36066,1.3608,1.35931,1.35947,2827
2026-04-27T08:00:00+00:00,1.35947,1.35955,1.35772,1.35789,4463
2026-04-27T08:30:00+00:00,1.35789,1.35832,1.3569,1.35755,3038
2026-04-27T09:00:00+00:00,1.35755,1.35764,1.3568,1.3569,2709
2026-04-27T09:30:00+00:00,1.3569,1.35715,1.35669,1.35673,2831
2026-04-27T10:00:00+00:00,1.35673,1.35711,1.3565,1.35682,2506
2026-04-27T10:30:00+00:00,1.35682,1.35701,1.35662,1.35672,2767
2026-04-27T11:00:00+00:00,1.35672,1.35732,1.35643,1.3570900000000001,2809
2026-04-27T11:30:00+00:00,1.3570900000000001,1.35748,1.35677,1.35686,2605
2026-04-27T12:00:00+00:00,1.35686,1.35689,1.3556,1.35572,3807
2026-04-27T12:30:00+00:00,1.35572,1.35666,1.3556300000000001,1.35612,4290
2026-04-27T13:00:00+00:00,1.35612,1.3564800000000001,1.35572,1.35647,4329
2026-04-27T13:30:00+00:00,1.35647,1.35703,1.35601,1.3568,4065
2026-04-27T14:00:00+00:00,1.3568,1.35694,1.356,1.35655,4334
2026-04-27T14:30:00+00:00,1.35655,1.35805,1.3559700000000001,1.35733,5392
2026-04-27T15:00:00+00:00,1.35733,1.35809,1.3573,1.35773,4986
2026-04-27T15:30:00+00:00,1.35773,1.358,1.35731,1.35748,3810
2026-04-27T16:00:00+00:00,1.35748,1.35782,1.35732,1.35758,2894
2026-04-27T16:30:00+00:00,1.35758,1.35781,1.35741,1.35761,2447
2026-04-27T17:00:00+00:00,1.35761,1.35823,1.35755,1.35815,2536
2026-04-27T17:30:00+00:00,1.35815,1.35818,1.3575300000000001,1.35794,2680
2026-04-27T18:00:00+00:00,1.35794,1.35804,1.35735,1.3579700000000001,1915
2026-04-27T18:30:00+00:00,1.3579700000000001,1.35864,1.35793,1.3585800000000001,2184
2026-04-27T19:00:00+00:00,1.3585800000000001,1.35872,1.35834,1.35849,2014
2026-04-27T19:30:00+00:00,1.35849,1.35937,1.35849,1.35927,2355
2026-04-27T20:00:00+00:00,1.35927,1.35948,1.3587500000000001,1.35886,1277
2026-04-27T20:30:00+00:00,1.35886,1.35894,1.3582,1.35846,1441
2026-04-27T21:00:00+00:00,1.35846,1.35847,1.3576700000000002,1.3578900000000003,100.91430690224473
2026-04-27T21:30:00+00:00,1.3578900000000003,1.3583700000000003,1.3577700000000004,1.3579000000000003,639
2026-04-27T22:00:00+00:00,1.3579000000000003,1.3586100000000003,1.3578700000000004,1.3581700000000003,662
2026-04-27T22:30:00+00:00,1.3581700000000003,1.3582400000000003,1.3580500000000002,1.3581500000000002,418
2026-04-27T23:00:00+00:00,1.3581500000000002,1.3583000000000003,1.3580600000000003,1.3581700000000003,885
2026-04-27T23:30:00+00:00,1.3581700000000003,1.3582700000000003,1.3580100000000002,1.3580200000000002,873
2026-04-28T00:00:00+00:00,1.3580200000000002,1.3581200000000002,1.3571000000000002,1.3580400000000004,2894
2026-04-28T00:30:00+00:00,1.3580400000000004,1.3583400000000003,1.3579100000000002,1.3583400000000003,2253
2026-04-28T01:00:00+00:00,1.3583400000000003,1.3589900000000004,1.3582900000000002,1.3589500000000003,2820
2026-04-28T01:30:00+00:00,1.3589500000000003,1.3594600000000003,1.3587700000000003,1.3594000000000002,2372
2026-04-28T02:00:00+00:00,1.3594000000000002,1.3597100000000002,1.3593300000000004,1.3596300000000003,2317
2026-04-28T02:30:00+00:00,1.3596300000000003,1.3598900000000003,1.3593900000000003,1.3596900000000003,2266
2026-04-28T03:00:00+00:00,1.3596900000000003,1.3597500000000002,1.3591300000000002,1.3592400000000002,2886
2026-04-28T03:30:00+00:00,1.3592400000000002,1.3594400000000002,1.3590000000000002,1.3590200000000003,2068
2026-04-28T04:00:00+00:00,1.3590200000000003,1.3593500000000003,1.3590200000000003,1.3592700000000002,2048
2026-04-28T04:30:00+00:00,1.3592700000000002,1.3593000000000002,1.3589200000000003,1.3591600000000004,1721
2026-04-28T05:00:00+00:00,1.3591600000000004,1.3596300000000003,1.3590900000000004,1.3591600000000004,2549
2026-04-28T05:30:00+00:00,1.3591600000000004,1.3596900000000003,1.3591600000000004,1.3595900000000003,2887
2026-04-28T06:00:00+00:00,1.3595900000000003,1.3599300000000003,1.3591500000000003,1.3596900000000003,3714
2026-04-28T06:30:00+00:00,1.3596900000000003,1.3606200000000002,1.3594200000000003,1.3605400000000003,4369
2026-04-28T07:00:00+00:00,1.3605400000000003,1.3605600000000002,1.3588500000000003,1.3599000000000003,5372
2026-04-28T07:30:00+00:00,1.3599000000000003,1.3599400000000004,1.3594300000000004,1.3597000000000004,3313
2026-04-28T08:00:00+00:00,1.3597000000000004,1.3603100000000004,1.3595800000000002,1.3598400000000002,5304
2026-04-28T08:30:00+00:00,1.3598400000000002,1.3606800000000003,1.3598100000000002,1.3605300000000002,2547
2026-04-28T09:00:00+00:00,1.3605300000000002,1.3608600000000002,1.3603400000000003,1.3608300000000002,3964
2026-04-28T09:30:00+00:00,1.3608300000000002,1.3616000000000004,1.3607800000000003,1.3612700000000002,3491
2026-04-28T10:00:00+00:00,1.3612700000000002,1.3618800000000002,1.3609900000000004,1.3618300000000003,3507
2026-04-28T10:30:00+00:00,1.3618300000000003,1.3624900000000002,1.3617100000000002,1.3623400000000003,3425
2026-04-28T11:00:00+00:00,1.3623400000000003,1.3629100000000003,1.3618400000000002,1.3625100000000003,3958
2026-04-28T11:30:00+00:00,1.3625100000000003,1.3632700000000002,1.3624800000000004,1.3631500000000003,4475
2026-04-28T12:00:00+00:00,1.3631500000000003,1.3638000000000003,1.3626400000000003,1.3633000000000002,6721
2026-04-28T12:30:00+00:00,1.3633000000000002,1.3636900000000003,1.3628000000000002,1.3633100000000002,5133
2026-04-28T13:00:00+00:00,1.3633100000000002,1.3636100000000002,1.3626100000000003,1.3632200000000003,4850
2026-04-28T13:30:00+00:00,1.3632200000000003,1.3637500000000002,1.3622000000000003,1.3623900000000002,6976
2026-04-28T14:00:00+00:00,1.3623900000000002,1.3630600000000002,1.3622800000000004,1.3627100000000003,5622
2026-04-28T14:30:00+00:00,1.3627100000000003,1.3650000000000002,1.3622700000000003,1.3648200000000004,10041
2026-04-28T15:00:00+00:00,1.3648200000000004,1.3648600000000002,1.3634500000000003,1.3635500000000003,5340
2026-04-28T15:30:00+00:00,1.3635500000000003,1.3636500000000003,1.3629900000000004,1.3630200000000003,3763
2026-04-28T16:00:00+00:00,1.3630200000000003,1.3638800000000002,1.3629400000000003,1.3638100000000002,3783
2026-04-28T16:30:00+00:00,1.3638100000000002,1.3643000000000003,1.3637900000000003,1.3639600000000003,3351
2026-04-28T17:00:00+00:00,1.3639600000000003,1.3642300000000003,1.3637900000000003,1.3640500000000002,3110
2026-04-28T17:30:00+00:00,1.3640500000000002,1.3641300000000003,1.3632500000000003,1.3635600000000003,3395
2026-04-28T18:00:00+00:00,1.3635600000000003,1.3638800000000002,1.3633400000000002,1.3636400000000002,2823
2026-04-28T18:30:00+00:00,1.3636400000000002,1.3644400000000003,1.3635900000000003,1.3642900000000002,2496
2026-04-28T19:00:00+00:00,1.3642900000000002,1.3643300000000003,1.3639100000000002,1.3642700000000003,2023
2026-04-28T19:30:00+00:00,1.3642700000000003,1.3645400000000003,1.3639600000000003,1.3643500000000002,2546
2026-04-28T20:00:00+00:00,1.3643500000000002,1.3646300000000002,1.3641400000000004,1.3645500000000004,1996
2026-04-28T20:30:00+00:00,1.3645500000000004,1.3645500000000004,1.3637800000000002,1.3641600000000003,1765
2026-04-28T21:00:00+00:00,1.3641600000000003,1.3641600000000003,1.3625000000000003,1.3631000000000002,226
2026-04-28T21:30:00+00:00,1.3631000000000002,1.3632300000000004,1.3627400000000003,1.3630100000000003,507.9524818976844
2026-04-28T22:00:00+00:00,1.3630100000000003,1.3640900000000005,1.3630100000000003,1.3640900000000005,569
2026-04-28T22:30:00+00:00,1.3640900000000005,1.3640900000000005,1.3638800000000004,1.3639400000000004,320.38937682977837
2026-04-28T23:00:00+00:00,1.3639400000000004,1.3641000000000005,1.3639300000000005,1.3640000000000003,658
2026-04-28T23:30:00+00:00,1.3640000000000003,1.3640800000000004,1.3638300000000003,1.3638500000000005,862
2026-04-29T00:00:00+00:00,1.3638500000000005,1.3639300000000005,1.3634600000000003,1.3638600000000005,1946
2026-04-29T00:30:00+00:00,1.3638600000000005,1.3639100000000004,1.3636600000000003,1.3639100000000004,1835
2026-04-29T01:00:00+00:00,1.3639100000000004,1.3647600000000004,1.3638900000000005,1.3641200000000004,3563
2026-04-29T01:30:00+00:00,1.3641200000000004,1.3644800000000004,1.3638000000000003,1.3641200000000004,4460
2026-04-29T02:00:00+00:00,1.3641200000000004,1.3641200000000004,1.3636900000000005,1.3640200000000005,2423
2026-04-29T02:30:00+00:00,1.3640200000000005,1.3644700000000005,1.3639600000000005,1.3642900000000004,2132
2026-04-29T03:00:00+00:00,1.3642900000000004,1.3643200000000004,1.3640100000000004,1.3643100000000004,1919
2026-04-29T03:30:00+00:00,1.3643100000000004,1.3646800000000003,1.3643100000000004,1.3644600000000005,1466
2026-04-29T04:00:00+00:00,1.3644600000000005,1.3645700000000005,1.3643600000000005,1.3644500000000004,1673
2026-04-29T04:30:00+00:00,1.3644500000000004,1.3645200000000004,1.3642500000000004,1.3644000000000005,1389
2026-04-29T05:00:00+00:00,1.3644000000000005,1.3648700000000005,1.3643800000000004,1.3646800000000003,1361
2026-04-29T05:30:00+00:00,1.3646800000000003,1.3649300000000004,1.3645700000000005,1.3647600000000004,2156
2026-04-29T06:00:00+00:00,1.3647600000000004,1.3650500000000003,1.3645300000000005,1.3647500000000004,2471
2026-04-29T06:30:00+00:00,1.3647500000000004,1.3649800000000005,1.3644600000000005,1.3647300000000004,3057
2026-04-29T07:00:00+00:00,1.3647300000000004,1.3647800000000003,1.3639700000000003,1.3642200000000004,3613
2026-04-29T07:30:00+00:00,1.3642200000000004,1.3642200000000004,1.3636100000000004,1.3638200000000005,3749
2026-04-29T08:00:00+00:00,1.3638200000000005,1.3641300000000005,1.3634300000000004,1.3639000000000003,4309
2026-04-29T08:30:00+00:00,1.3639000000000003,1.3643000000000005,1.3638200000000005,1.3642900000000004,2931
2026-04-29T09:00:00+00:00,1.3642900000000004,1.3645800000000003,1.3640000000000003,1.3644700000000005,2283
2026-04-29T09:30:00+00:00,1.3644700000000005,1.3650100000000005,1.3642600000000005,1.3650000000000004,2858
2026-04-29T10:00:00+00:00,1.3650000000000004,1.3651400000000005,1.3642800000000004,1.3646600000000004,2837
2026-04-29T10:30:00+00:00,1.3646600000000004,1.3648400000000005,1.3641800000000004,1.3641900000000005,2404
2026-04-29T11:00:00+00:00,1.3641900000000005,1.3644000000000005,1.3636600000000003,1.3638200000000005,3104
2026-04-29T11:30:00+00:00,1.3638200000000005,1.3642000000000005,1.3635400000000004,1.3638000000000003,2442
2026-04-29T12:00:00+00:00,1.3638000000000003,1.3638200000000005,1.3631200000000003,1.3635200000000005,3228
2026-04-29T12:30:00+00:00,1.3635200000000005,1.3636700000000004,1.3631500000000005,1.3635200000000005,3323
2026-04-29T13:00:00+00:00,1.3635200000000005,1.3646900000000004,1.3629800000000005,1.3646000000000005,5608
2026-04-29T13:30:00+00:00,1.3646000000000005,1.3668900000000004,1.3645400000000005,1.3656600000000003,8883
2026-04-29T14:00:00+00:00,1.3656600000000003,1.3663300000000005,1.3644200000000004,1.3647200000000004,7292
2026-04-29T14:30:00+00:00,1.3647200000000004,1.3654100000000005,1.3631500000000005,1.3635700000000004,7387
2026-04-29T15:00:00+00:00,1.3635700000000004,1.3642300000000005,1.3633300000000004,1.3640300000000005,5810
2026-04-29T15:30:00+00:00,1.3640300000000005,1.3641900000000005,1.3627900000000004,1.3631300000000004,7573
2026-04-29T16:00:00+00:00,1.3631300000000004,1.3634000000000004,1.3625700000000005,1.3626000000000005,4602
2026-04-29T16:30:00+00:00,1.3626000000000005,1.3635200000000005,1.3625600000000004,1.3633900000000003,4129
2026-04-29T17:00:00+00:00,1.3633900000000003,1.3641200000000004,1.3632300000000004,1.3639400000000004,4179
2026-04-29T17:30:00+00:00,1.3639400000000004,1.3641200000000004,1.3631000000000004,1.3631000000000004,3984
2026-04-29T18:00:00+00:00,1.3631000000000004,1.3648900000000004,1.3631000000000004,1.3641800000000004,7081
2026-04-29T18:30:00+00:00,1.3641800000000004,1.3650100000000005,1.3634200000000005,1.3644700000000005,9195
2026-04-29T19:00:00+00:00,1.3644700000000005,1.3646400000000005,1.3638100000000004,1.3644100000000003,5482
2026-04-29T19:30:00+00:00,1.3644100000000003,1.3647700000000005,1.3638700000000004,1.3641000000000005,4160
2026-04-29T20:00:00+00:00,1.3641000000000005,1.3645200000000004,1.3637200000000005,1.3639600000000005,4702
2026-04-29T20:30:00+00:00,1.3639600000000005,1.3643800000000004,1.3636000000000004,1.3641800000000004,3131
2026-04-29T21:00:00+00:00,1.3641800000000004,1.3643900000000004,1.3636300000000003,1.3637500000000007,299.73496518552565
2026-04-29T21:30:00+00:00,1.3637500000000007,1.3642000000000005,1.3632600000000008,1.3639500000000009,2244.882510625911
2026-04-29T22:00:00+00:00,1.3639500000000009,1.364290000000001,1.363720000000001,1.363790000000001,1083
2026-04-29T22:30:00+00:00,1.363790000000001,1.3640300000000007,1.363560000000001,1.3640300000000007,833.1557332685907
2026-04-29T23:00:00+00:00,1.3640300000000007,1.3640300000000007,1.3637600000000007,1.363990000000001,1052.9746434231379
2026-04-29T23:30:00+00:00,1.363990000000001,1.363990000000001,1.362970000000001,1.3630500000000008,2321
2026-04-30T00:00:00+00:00,1.3630500000000008,1.363070000000001,1.3625600000000009,1.3628500000000008,3536
2026-04-30T00:30:00+00:00,1.3628500000000008,1.3634300000000008,1.362700000000001,1.3634000000000008,3342
2026-04-30T01:00:00+00:00,1.3634000000000008,1.3637300000000008,1.363280000000001,1.3636000000000008,3315
2026-04-30T01:30:00+00:00,1.3636000000000008,1.3638100000000009,1.3632600000000008,1.3634900000000008,3080
2026-04-30T02:00:00+00:00,1.3634900000000008,1.363820000000001,1.3633900000000008,1.363750000000001,2691
2026-04-30T02:30:00+00:00,1.363750000000001,1.364260000000001,1.3637300000000008,1.363920000000001,4888
2026-04-30T03:00:00+00:00,1.363920000000001,1.3639500000000009,1.3634900000000008,1.363550000000001,2971
2026-04-30T03:30:00+00:00,1.363550000000001,1.3639000000000008,1.363480000000001,1.3637100000000009,2397
2026-04-30T04:00:00+00:00,1.3637100000000009,1.364400000000001,1.3636700000000008,1.3642500000000009,3458
2026-04-30T04:30:00+00:00,1.3642500000000009,1.364740000000001,1.364230000000001,1.364430000000001,3453
2026-04-30T05:00:00+00:00,1.364430000000001,1.3644400000000008,1.363990000000001,1.3641400000000008,2772
2026-04-30T05:30:00+00:00,1.3641400000000008,1.364570000000001,1.3637600000000007,1.3645100000000008,2807
2026-04-30T06:00:00+00:00,1.3645100000000008,1.3647200000000008,1.3640100000000008,1.364090000000001,3469
2026-04-30T06:30:00+00:00,1.364090000000001,1.3642000000000007,1.363650000000001,1.3638700000000008,3939
2026-04-30T07:00:00+00:00,1.3638700000000008,1.363960000000001,1.3624100000000008,1.3624700000000007,4187
2026-04-30T07:30:00+00:00,1.3624700000000007,1.3631300000000008,1.362460000000001,1.3627600000000009,3463
2026-04-30T08:00:00+00:00,1.3627600000000009,1.3630300000000009,1.362260000000001,1.362910000000001,5011
2026-04-30T08:30:00+00:00,1.362910000000001,1.3633000000000008,1.362600000000001,1.3629600000000008,5212
2026-04-30T09:00:00+00:00,1.3629600000000008,1.3630800000000007,1.362630000000001,1.3628600000000008,3996
2026-04-30T09:30:00+00:00,1.3628600000000008,1.3628800000000008,1.3620500000000009,1.3622100000000008,5151
2026-04-30T10:00:00+00:00,1.3622100000000008,1.3627100000000008,1.3616400000000008,1.361680000000001,4298
2026-04-30T10:30:00+00:00,1.361680000000001,1.3620300000000007,1.3610500000000008,1.3611900000000008,9218
2026-04-30T11:00:00+00:00,1.3611900000000008,1.3619400000000008,1.3605800000000008,1.3617400000000008,7327
2026-04-30T11:30:00+00:00,1.3617400000000008,1.362460000000001,1.3613600000000008,1.3621000000000008,5916
2026-04-30T12:00:00+00:00,1.3621000000000008,1.363210000000001,1.3618400000000008,1.3624800000000008,5805
2026-04-30T12:30:00+00:00,1.3624800000000008,1.3635000000000008,1.362360000000001,1.362970000000001,6505
2026-04-30T13:00:00+00:00,1.362970000000001,1.3630000000000009,1.3618000000000008,1.362670000000001,7203
2026-04-30T13:30:00+00:00,1.362670000000001,1.3629500000000008,1.3619700000000008,1.3620500000000009,5876
2026-04-30T14:00:00+00:00,1.3620500000000009,1.362060000000001,1.3594200000000007,1.3598800000000009,8439
2026-04-30T14:30:00+00:00,1.3598800000000009,1.3613600000000008,1.3568500000000008,1.3570700000000009,13900
2026-04-30T15:00:00+00:00,1.3570700000000009,1.3576100000000009,1.3566400000000007,1.357080000000001,9835
2026-04-30T15:30:00+00:00,1.357080000000001,1.357080000000001,1.3562100000000008,1.3569800000000007,6610
2026-04-30T16:00:00+00:00,1.3569800000000007,1.357210000000001,1.3564100000000008,1.3568900000000008,4497
2026-04-30T16:30:00+00:00,1.3568900000000008,1.3571200000000008,1.3564400000000008,1.3570900000000008,2958
2026-04-30T17:00:00+00:00,1.3570900000000008,1.357410000000001,1.3566400000000007,1.3571000000000009,3746
2026-04-30T17:30:00+00:00,1.3571000000000009,1.357310000000001,1.3568300000000009,1.3569900000000008,3191
2026-04-30T18:00:00+00:00,1.3569900000000008,1.3569900000000008,1.3555900000000007,1.355690000000001,3458
2026-04-30T18:30:00+00:00,1.355690000000001,1.3557000000000008,1.3543800000000008,1.3544600000000009,3308
2026-04-30T19:00:00+00:00,1.3544600000000009,1.3548800000000008,1.3540500000000009,1.354670000000001,4106
2026-04-30T19:30:00+00:00,1.354670000000001,1.3548600000000008,1.3539100000000008,1.3542200000000009,4383
2026-04-30T20:00:00+00:00,1.3542200000000009,1.3544100000000008,1.3540400000000008,1.3541700000000008,2877
2026-04-30T20:30:00+00:00,1.3541700000000008,1.3543200000000009,1.3538500000000009,1.3539400000000008,1996
2026-04-30T21:00:00+00:00,1.3539400000000008,1.3542900000000009,1.3533300000000008,1.3542200000000009,426.28572275584014
2026-04-30T21:30:00+00:00,1.3542200000000009,1.3542900000000009,1.3540500000000009,1.3541700000000008,1810
2026-04-30T22:00:00+00:00,1.3541700000000008,1.3543100000000008,1.353820000000001,1.3542200000000009,651
2026-04-30T22:30:00+00:00,1.3542200000000009,1.3542400000000008,1.353820000000001,1.3539400000000008,863
2026-04-30T23:00:00+00:00,1.3539400000000008,1.3540800000000008,1.3535400000000009,1.3536000000000008,1129
2026-04-30T23:30:00+00:00,1.3536000000000008,1.3540100000000008,1.353480000000001,1.3538700000000008,1627
2026-05-01T00:00:00+00:00,1.3538700000000008,1.3540100000000008,1.3534000000000008,1.3536800000000009,3866
2026-05-01T00:30:00+00:00,1.3536800000000009,1.353790000000001,1.3530700000000009,1.3537800000000009,2687
2026-05-01T01:00:00+00:00,1.3537800000000009,1.3541400000000008,1.353480000000001,1.3535000000000008,2937
2026-05-01T01:30:00+00:00,1.3535000000000008,1.353690000000001,1.3534300000000008,1.3534900000000007,3165
2026-05-01T02:00:00+00:00,1.3534900000000007,1.3535300000000008,1.3531300000000008,1.3532200000000008,1988
2026-05-01T02:30:00+00:00,1.3532200000000008,1.353720000000001,1.3531700000000009,1.3534000000000008,1908
2026-05-01T03:00:00+00:00,1.3534000000000008,1.353550000000001,1.3531200000000008,1.3531600000000008,1170
2026-05-01T03:30:00+00:00,1.3531600000000008,1.3539100000000008,1.3531500000000007,1.3538400000000008,2244
2026-05-01T04:00:00+00:00,1.3538400000000008,1.354430000000001,1.3538400000000008,1.3543400000000008,2026
2026-05-01T04:30:00+00:00,1.3543400000000008,1.3545400000000007,1.3543100000000008,1.3545100000000008,1142
2026-05-01T05:00:00+00:00,1.3545100000000008,1.3545500000000008,1.354360000000001,1.3545100000000008,1296
2026-05-01T05:30:00+00:00,1.3545100000000008,1.3546600000000009,1.354430000000001,1.3544400000000008,2597
2026-05-01T06:00:00+00:00,1.3544400000000008,1.3545900000000008,1.354090000000001,1.3545100000000008,3429
2026-05-01T06:30:00+00:00,1.3545100000000008,1.3546100000000008,1.3528900000000008,1.3536700000000008,5257
2026-05-01T07:00:00+00:00,1.3536700000000008,1.3540800000000008,1.3535100000000009,1.3535600000000008,5369
2026-05-01T07:30:00+00:00,1.3535600000000008,1.354060000000001,1.353410000000001,1.353650000000001,3534
2026-05-01T08:00:00+00:00,1.353650000000001,1.3540800000000008,1.353210000000001,1.3532700000000009,3651
2026-05-01T08:30:00+00:00,1.3532700000000009,1.3536000000000008,1.3530200000000008,1.3531200000000008,3191
2026-05-01T09:00:00+00:00,1.3531200000000008,1.3538300000000008,1.3528800000000007,1.3537100000000009,2835
2026-05-01T09:30:00+00:00,1.3537100000000009,1.3539000000000008,1.3534400000000009,1.3537600000000007,2392
2026-05-01T10:00:00+00:00,1.3537600000000007,1.353890000000001,1.3527500000000008,1.3529500000000008,2633
2026-05-01T10:30:00+00:00,1.3529500000000008,1.3531600000000008,1.3528500000000008,1.352970000000001,2182
2026-05-01T11:00:00+00:00,1.352970000000001,1.352970000000001,1.3520200000000009,1.3523100000000008,2990
2026-05-01T11:30:00+00:00,1.3523100000000008,1.3528500000000008,1.3522100000000008,1.3526500000000008,2392
2026-05-01T12:00:00+00:00,1.3526500000000008,1.3528300000000009,1.350840000000001,1.351310000000001,6002
2026-05-01T12:30:00+00:00,1.351310000000001,1.352300000000001,1.3512000000000008,1.352260000000001,4357
2026-05-01T13:00:00+00:00,1.352260000000001,1.3523100000000008,1.351280000000001,1.351350000000001,3631
2026-05-01T13:30:00+00:00,1.351350000000001,1.3530600000000008,1.3512600000000008,1.3521100000000008,7048
2026-05-01T14:00:00+00:00,1.3521100000000008,1.3528900000000008,1.3518100000000008,1.3526900000000008,8237
2026-05-01T14:30:00+00:00,1.3526900000000008,1.3535400000000009,1.3524400000000008,1.3532200000000008,6568
2026-05-01T15:00:00+00:00,1.3532200000000008,1.3532600000000008,1.352500000000001,1.3530700000000009,4900
2026-05-01T15:30:00+00:00,1.3530700000000009,1.3538800000000009,1.3529000000000009,1.3533200000000007,5416
2026-05-01T16:00:00+00:00,1.3533200000000007,1.3543900000000009,1.3532200000000008,1.354190000000001,4878
2026-05-01T16:30:00+00:00,1.354190000000001,1.354670000000001,1.354060000000001,1.3546500000000008,3389
2026-05-01T17:00:00+00:00,1.3546500000000008,1.3547200000000008,1.3543100000000008,1.354670000000001,2764
2026-05-01T17:30:00+00:00,1.354670000000001,1.3547800000000008,1.3542700000000008,1.3545400000000007,2057
2026-05-01T18:00:00+00:00,1.3545400000000007,1.355190000000001,1.3544900000000009,1.354790000000001,2208.845701977678
2026-05-01T18:30:00+00:00,1.354790000000001,1.354970000000001,1.354360000000001,1.354370000000001,2713
2026-05-01T19:00:00+00:00,1.354370000000001,1.354750000000001,1.354240000000001,1.354570000000001,1728
2026-05-01T19:30:00+00:00,1.354570000000001,1.355010000000001,1.354500000000001,1.355000000000001,1913
2026-05-01T20:00:00+00:00,1.355000000000001,1.355100000000001,1.354590000000001,1.354980000000001,1066
2026-05-01T20:30:00+00:00,1.354980000000001,1.355170000000001,1.354380000000001,1.3544000000000012,2805.15998726047
2026-05-03T21:00:00+00:00,1.3544000000000012,1.3545700000000012,1.3540400000000012,1.3540700000000012,62.256251532389996
2026-05-03T21:30:00+00:00,1.3540700000000012,1.3547400000000014,1.3539900000000011,1.3546400000000014,246.66534478547564
2026-05-03T22:00:00+00:00,1.3546400000000014,1.3549200000000015,1.3534900000000014,1.3547000000000013,766
2026-05-03T22:30:00+00:00,1.3547000000000013,1.3547400000000014,1.3543400000000014,1.3546400000000014,486
2026-05-03T23:00:00+00:00,1.3546400000000014,1.3547700000000014,1.3545300000000013,1.3546500000000015,553
2026-05-03T23:30:00+00:00,1.3546500000000015,1.3550400000000014,1.3545200000000013,1.3549200000000015,1732
2026-05-04T00:00:00+00:00,1.3549200000000015,1.3550200000000014,1.3543300000000014,1.3548200000000015,3419
2026-05-04T00:30:00+00:00,1.3548200000000015,1.3550600000000013,1.3546000000000014,1.3549300000000013,2468
2026-05-04T01:00:00+00:00,1.3549300000000013,1.3556700000000013,1.3549100000000014,1.3554500000000014,2966
2026-05-04T01:30:00+00:00,1.3554500000000014,1.3556400000000013,1.3550800000000014,1.3550900000000015,2859
2026-05-04T02:00:00+00:00,1.3550900000000015,1.3556100000000013,1.3549400000000014,1.3555600000000014,2756
2026-05-04T02:30:00+00:00,1.3555600000000014,1.3555900000000014,1.3550900000000015,1.3551500000000014,2088
2026-05-04T03:00:00+00:00,1.3551500000000014,1.3554200000000014,1.3551400000000013,1.3553400000000013,2196
2026-05-04T03:30:00+00:00,1.3553400000000013,1.3554700000000013,1.3545100000000014,1.3546500000000015,4487
2026-05-04T04:00:00+00:00,1.3546500000000015,1.3551700000000013,1.3545700000000014,1.3550700000000013,2656
2026-05-04T04:30:00+00:00,1.3550700000000013,1.3551900000000014,1.3549900000000015,1.3551100000000014,1542
2026-05-04T05:00:00+00:00,1.3551100000000014,1.3552900000000014,1.3549000000000013,1.3552800000000014,2576
2026-05-04T05:30:00+00:00,1.3552800000000014,1.3553000000000013,1.3549600000000013,1.3550900000000015,2072
2026-05-04T06:00:00+00:00,1.3550900000000015,1.3554400000000013,1.3550300000000013,1.3551700000000013,2587
2026-05-04T06:30:00+00:00,1.3551700000000013,1.3559800000000013,1.3551200000000014,1.3557100000000013,3435
2026-05-04T07:00:00+00:00,1.3557100000000013,1.3565800000000015,1.3557000000000015,1.3565600000000013,3887
2026-05-04T07:30:00+00:00,1.3565600000000013,1.3568200000000015,1.3563500000000013,1.3566300000000013,3044
2026-05-04T08:00:00+00:00,1.3566300000000013,1.3568700000000014,1.3562700000000014,1.3563400000000014,3329
2026-05-04T08:30:00+00:00,1.3563400000000014,1.3564800000000015,1.3561600000000014,1.3562600000000014,2182
2026-05-04T09:00:00+00:00,1.3562600000000014,1.3564800000000015,1.3559000000000014,1.3563900000000013,2821
2026-05-04T09:30:00+00:00,1.3563900000000013,1.3566100000000014,1.3561900000000013,1.3565200000000013,2253
2026-05-04T10:00:00+00:00,1.3565200000000013,1.3580500000000013,1.3564500000000013,1.3570900000000015,8995
2026-05-04T10:30:00+00:00,1.3570900000000015,1.3571900000000015,1.3562600000000014,1.3564700000000014,4858
2026-05-04T11:00:00+00:00,1.3564700000000014,1.3572500000000014,1.3562300000000014,1.3572000000000013,3360
2026-05-04T11:30:00+00:00,1.3572000000000013,1.3579300000000014,1.3572000000000013,1.3577800000000013,3106
2026-05-04T12:00:00+00:00,1.3577800000000013,1.3578500000000013,1.3568900000000013,1.3570800000000014,4532
2026-05-04T12:30:00+00:00,1.3570800000000014,1.3578700000000015,1.3570100000000014,1.3578100000000013,3368
2026-05-04T13:00:00+00:00,1.3578100000000013,1.3580600000000014,1.3569400000000014,1.3575700000000013,5425
2026-05-04T13:30:00+00:00,1.3575700000000013,1.3577700000000015,1.3569300000000013,1.3569800000000014,5190
2026-05-04T14:00:00+00:00,1.3569800000000014,1.3572500000000014,1.3566500000000015,1.3567300000000013,5088
2026-05-04T14:30:00+00:00,1.3567300000000013,1.3571700000000013,1.3563800000000015,1.3568900000000013,4949
2026-05-04T15:00:00+00:00,1.3568900000000013,1.3573400000000013,1.3562000000000014,1.3565900000000013,8297
2026-05-04T15:30:00+00:00,1.3565900000000013,1.3577500000000013,1.3563100000000015,1.3571000000000013,7505
2026-05-04T16:00:00+00:00,1.3571000000000013,1.3578800000000013,1.3569300000000013,1.3572300000000013,7869
2026-05-04T16:30:00+00:00,1.3572300000000013,1.3577800000000013,1.3570900000000015,1.3577000000000015,4368
2026-05-04T17:00:00+00:00,1.3577000000000015,1.3577100000000013,1.3570800000000014,1.3573300000000015,4262
2026-05-04T17:30:00+00:00,1.3573300000000015,1.3574500000000014,1.3569900000000015,1.3572400000000013,3139
2026-05-04T18:00:00+00:00,1.3572400000000013,1.3572400000000013,1.3565100000000014,1.3565100000000014,3242
2026-05-04T18:30:00+00:00,1.3565100000000014,1.3572000000000013,1.3564800000000015,1.3565200000000013,2898
2026-05-04T19:00:00+00:00,1.3565200000000013,1.3571700000000013,1.3564900000000013,1.3571500000000014,3372
2026-05-04T19:30:00+00:00,1.3571500000000014,1.3575000000000013,1.3569100000000014,1.3574300000000015,2213
2026-05-04T20:00:00+00:00,1.3574300000000015,1.3587300000000013,1.3574300000000015,1.3581700000000014,1690
2026-05-04T20:30:00+00:00,1.3581700000000014,1.3586200000000013,1.3579300000000014,1.3585100000000014,1958
2026-05-04T21:00:00+00:00,1.3585100000000014,1.3585100000000014,1.3579100000000013,1.3581400000000015,173.51777548867227
2026-05-04T21:30:00+00:00,1.3581400000000015,1.3582800000000013,1.3577300000000014,1.3579000000000014,1010
2026-05-04T22:00:00+00:00,1.3579000000000014,1.3586900000000013,1.3578400000000013,1.3584400000000014,696
2026-05-04T22:30:00+00:00,1.3584400000000014,1.3585800000000015,1.3582700000000014,1.3585400000000014,535
2026-05-04T23:00:00+00:00,1.3585400000000014,1.3585600000000013,1.3582400000000014,1.3583300000000014,804
2026-05-04T23:30:00+00:00,1.3583300000000014,1.3584600000000013,1.3581200000000013,1.3581900000000013,1144
2026-05-05T00:00:00+00:00,1.3581900000000013,1.3586100000000014,1.3578900000000014,1.3585500000000015,2830
2026-05-05T00:30:00+00:00,1.3585500000000015,1.3588200000000015,1.3584600000000013,1.3587000000000014,1579
2026-05-05T01:00:00+00:00,1.3587000000000014,1.3589200000000015,1.3585200000000013,1.3587100000000014,2191
2026-05-05T01:30:00+00:00,1.3587100000000014,1.3588000000000013,1.3581500000000013,1.3583000000000014,2111
2026-05-05T02:00:00+00:00,1.3583000000000014,1.3583500000000013,1.3580700000000014,1.3581500000000013,1414
2026-05-05T02:30:00+00:00,1.3581500000000013,1.3583500000000013,1.3580100000000013,1.3583400000000014,1410
2026-05-05T03:00:00+00:00,1.3583400000000014,1.3584500000000013,1.3581400000000015,1.3582600000000014,1302
2026-05-05T03:30:00+00:00,1.3582600000000014,1.3585800000000015,1.3582400000000014,1.3585400000000014,1607
2026-05-05T04:00:00+00:00,1.3585400000000014,1.3585800000000015,1.3583200000000013,1.3583500000000013,1198
2026-05-05T04:30:00+00:00,1.3583500000000013,1.3589400000000014,1.3581900000000013,1.3589100000000014,2965
2026-05-05T05:00:00+00:00,1.3589100000000014,1.3591100000000014,1.3586900000000013,1.3589000000000013,1773
2026-05-05T05:30:00+00:00,1.3589000000000013,1.3589200000000015,1.3584900000000013,1.3585800000000015,2797
2026-05-05T06:00:00+00:00,1.3585800000000015,1.3587400000000014,1.3581200000000013,1.3581500000000013,3116
2026-05-05T06:30:00+00:00,1.3581500000000013,1.3581600000000014,1.3577800000000013,1.3579900000000014,2979
2026-05-05T07:00:00+00:00,1.3579900000000014,1.3582700000000014,1.3576400000000013,1.3579800000000013,3664
2026-05-05T07:30:00+00:00,1.3579800000000013,1.3581000000000014,1.3573900000000014,1.3580700000000014,4166
2026-05-05T08:00:00+00:00,1.3580700000000014,1.3581200000000013,1.3572800000000014,1.3575000000000013,3389
2026-05-05T08:30:00+00:00,1.3575000000000013,1.3578400000000013,1.3573900000000014,1.3578300000000014,3311
2026-05-05T09:00:00+00:00,1.3578300000000014,1.3581200000000013,1.3575500000000014,1.3579500000000013,3844
2026-05-05T09:30:00+00:00,1.3579500000000013,1.3581500000000013,1.3571700000000013,1.3572600000000015,3358
2026-05-05T10:00:00+00:00,1.3572600000000015,1.3575400000000013,1.3565200000000013,1.3565900000000013,2550
2026-05-05T10:30:00+00:00,1.3565900000000013,1.3575100000000013,1.3565700000000014,1.3573300000000015,2959
2026-05-05T11:00:00+00:00,1.3573300000000015,1.3580700000000014,1.3569300000000013,1.3569400000000014,3531
2026-05-05T11:30:00+00:00,1.3569400000000014,1.3575100000000013,1.3569000000000013,1.3574200000000014,2637
2026-05-05T12:00:00+00:00,1.3574200000000014,1.3579800000000013,1.3573200000000014,1.3576900000000014,4919
2026-05-05T12:30:00+00:00,1.3576900000000014,1.3588300000000013,1.3576900000000014,1.3583700000000014,3355
2026-05-05T13:00:00+00:00,1.3583700000000014,1.3583800000000015,1.3569300000000013,1.3571800000000014,3956
2026-05-05T13:30:00+00:00,1.3571800000000014,1.3580000000000014,1.3570500000000014,1.3572800000000014,4818
2026-05-05T14:00:00+00:00,1.3572800000000014,1.3578400000000013,1.3568100000000014,1.3569200000000015,6398
2026-05-05T14:30:00+00:00,1.3569200000000015,1.3579400000000015,1.3567900000000013,1.3578700000000015,5521
2026-05-05T15:00:00+00:00,1.3578700000000015,1.3581900000000013,1.3572400000000013,1.3575400000000013,3877
2026-05-05T15:30:00+00:00,1.3575400000000013,1.3578300000000014,1.3567900000000013,1.3570500000000014,4143
2026-05-05T16:00:00+00:00,1.3570500000000014,1.3580900000000014,1.3567500000000015,1.3579400000000015,2989
2026-05-05T16:30:00+00:00,1.3579400000000015,1.3582900000000013,1.3578000000000015,1.3581200000000013,2773
2026-05-05T17:00:00+00:00,1.3581200000000013,1.3587600000000013,1.3579900000000014,1.3584500000000013,2731
2026-05-05T17:30:00+00:00,1.3584500000000013,1.3584500000000013,1.3579000000000014,1.3580100000000013,3064
2026-05-05T18:00:00+00:00,1.3580100000000013,1.3581200000000013,1.3578900000000014,1.3579200000000013,1767
2026-05-05T18:30:00+00:00,1.3579200000000013,1.3581100000000015,1.3577300000000014,1.3578000000000015,1705
2026-05-05T19:00:00+00:00,1.3578000000000015,1.3581200000000013,1.3577500000000013,1.3581000000000014,1916
2026-05-05T19:30:00+00:00,1.3581000000000014,1.3585800000000015,1.3580400000000015,1.3584800000000015,2222
2026-05-05T20:00:00+00:00,1.3584800000000015,1.3586000000000014,1.3578700000000015,1.3580800000000013,2065
2026-05-05T20:30:00+00:00,1.3580800000000013,1.3585200000000013,1.3578600000000014,1.3579900000000014,1788
2026-05-05T21:00:00+00:00,1.3579900000000014,1.3579900000000014,1.3571100000000014,1.3576300000000014,488.63200555812875
2026-05-05T21:30:00+00:00,1.3576300000000014,1.3581700000000014,1.3571300000000015,1.3571600000000015,2388
2026-05-05T22:00:00+00:00,1.3571600000000015,1.3582900000000016,1.3571600000000015,1.3582000000000014,358
2026-05-05T22:30:00+00:00,1.3582000000000014,1.3582000000000014,1.3569900000000015,1.3571200000000014,2130
2026-05-05T23:00:00+00:00,1.3571200000000014,1.3572600000000015,1.3557300000000014,1.3562800000000015,3551
2026-05-05T23:30:00+00:00,1.3562800000000015,1.3566500000000015,1.3559900000000016,1.3565600000000015,1838
2026-05-06T00:00:00+00:00,1.3565600000000015,1.3569300000000015,1.3562900000000015,1.3567000000000016,5987
2026-05-06T00:30:00+00:00,1.3567000000000016,1.3567900000000015,1.3558000000000014,1.3558600000000014,3538
2026-05-06T01:00:00+00:00,1.3558600000000014,1.3561500000000015,1.3556900000000014,1.3558700000000015,3812
2026-05-06T01:30:00+00:00,1.3558700000000015,1.3562000000000014,1.3556600000000014,1.3558900000000016,3573
2026-05-06T02:00:00+00:00,1.3558900000000016,1.3561600000000016,1.3557400000000015,1.3561200000000015,2646
2026-05-06T02:30:00+00:00,1.3561200000000015,1.3564700000000014,1.3560800000000015,1.3562600000000016,1899
2026-05-06T03:00:00+00:00,1.3562600000000016,1.3563300000000016,1.3558300000000014,1.3561100000000015,2527
2026-05-06T03:30:00+00:00,1.3561100000000015,1.3563000000000014,1.3559400000000015,1.3561500000000015,2728
2026-05-06T04:00:00+00:00,1.3561500000000015,1.3562300000000016,1.3557000000000015,1.3557200000000016,2493
2026-05-06T04:30:00+00:00,1.3557200000000016,1.3557800000000015,1.3544500000000015,1.3548500000000014,6783
2026-05-06T05:00:00+00:00,1.3548500000000014,1.3554500000000016,1.3546500000000015,1.3551800000000016,4325
2026-05-06T05:30:00+00:00,1.3551800000000016,1.3553800000000016,1.3550100000000016,1.3550600000000015,2997
2026-05-06T06:00:00+00:00,1.3550600000000015,1.3560500000000015,1.3550200000000014,1.3556300000000014,3867
2026-05-06T06:30:00+00:00,1.3556300000000014,1.3557400000000015,1.3547000000000016,1.3548200000000015,3572
2026-05-06T07:00:00+00:00,1.3548200000000015,1.3557400000000015,1.3544200000000015,1.3554400000000015,4074
2026-05-06T07:30:00+00:00,1.3554400000000015,1.3558500000000016,1.3551900000000014,1.3553200000000014,4612
2026-05-06T08:00:00+00:00,1.3553200000000014,1.3559100000000015,1.3551700000000015,1.3554200000000014,4603
2026-05-06T08:30:00+00:00,1.3554200000000014,1.3554900000000014,1.3539200000000016,1.3546400000000014,6655
2026-05-06T09:00:00+00:00,1.3546400000000014,1.3557500000000016,1.3544500000000015,1.3553700000000015,5466
2026-05-06T09:30:00+00:00,1.3553700000000015,1.3555200000000016,1.3549900000000015,1.3552200000000014,3043
2026-05-06T10:00:00+00:00,1.3552200000000014,1.3564000000000016,1.3550300000000015,1.3562000000000014,4057
2026-05-06T10:30:00+00:00,1.3562000000000014,1.3563800000000015,1.3544200000000015,1.3550400000000016,6891
2026-05-06T11:00:00+00:00,1.3550400000000016,1.3562200000000015,1.3550300000000015,1.3561000000000014,5362
2026-05-06T11:30:00+00:00,1.3561000000000014,1.3566300000000016,1.3554700000000015,1.3557300000000014,5470
2026-05-06T12:00:00+00:00,1.3557300000000014,1.3571000000000015,1.3556500000000016,1.3564800000000015,7477
2026-05-06T12:30:00+00:00,1.3564800000000015,1.3574900000000014,1.3563300000000016,1.3572200000000014,5544
2026-05-06T13:00:00+00:00,1.3572200000000014,1.3578500000000016,1.3568200000000015,1.3575500000000016,6441
2026-05-06T13:30:00+00:00,1.3575500000000016,1.3579900000000016,1.3573900000000014,1.3579600000000016,5944
2026-05-06T14:00:00+00:00,1.3579600000000016,1.3584800000000015,1.3574600000000014,1.3581600000000016,6745
2026-05-06T14:30:00+00:00,1.3581600000000016,1.3585300000000016,1.3573800000000016,1.3577500000000016,7467
2026-05-06T15:00:00+00:00,1.3577500000000016,1.3587000000000016,1.3576800000000016,1.3583500000000015,5482
2026-05-06T15:30:00+00:00,1.3583500000000015,1.3586900000000015,1.3579900000000016,1.3584000000000016,4894
2026-05-06T16:00:00+00:00,1.3584000000000016,1.3593100000000016,1.3583800000000015,1.3591400000000016,4127
2026-05-06T16:30:00+00:00,1.3591400000000016,1.3597100000000015,1.3587200000000015,1.3596000000000015,3868
2026-05-06T17:00:00+00:00,1.3596000000000015,1.3602700000000014,1.3594000000000015,1.3594700000000015,2911
2026-05-06T17:30:00+00:00,1.3594700000000015,1.3601500000000015,1.3594500000000016,1.3599700000000015,2973
2026-05-06T18:00:00+00:00,1.3599700000000015,1.3601200000000015,1.3597000000000015,1.3600500000000015,2477
2026-05-06T18:30:00+00:00,1.3600500000000015,1.3602600000000016,1.3595100000000016,1.3597600000000014,2527
2026-05-06T19:00:00+00:00,1.3597600000000014,1.3598600000000014,1.3591600000000015,1.3594000000000015,2549
2026-05-06T19:30:00+00:00,1.3594000000000015,1.3597000000000015,1.3592300000000015,1.3597000000000015,2685
2026-05-06T20:00:00+00:00,1.3597000000000015,1.3600400000000015,1.3590100000000016,1.3591300000000015,2270
2026-05-06T20:30:00+00:00,1.3591300000000015,1.3595400000000015,1.3590400000000016,1.3594200000000014,1345
2026-05-06T21:00:00+00:00,1.3594200000000014,1.3594200000000014,1.3584500000000013,1.3587100000000014,308.69393962191174
2026-05-06T21:30:00+00:00,1.3587100000000014,1.3594100000000013,1.3587100000000014,1.3589900000000013,1700.0042243537118
2026-05-06T22:00:00+00:00,1.3589900000000013,1.3595200000000014,1.3589500000000014,1.3593900000000014,455
2026-05-06T22:30:00+00:00,1.3593900000000014,1.3594600000000014,1.3591800000000014,1.3593700000000015,499.64330971977415
2026-05-06T23:00:00+00:00,1.3593700000000015,1.3595100000000016,1.3591900000000015,1.3594900000000014,811.9881313828319
2026-05-06T23:30:00+00:00,1.3594900000000014,1.3598800000000015,1.3594500000000014,1.3597300000000014,1069
2026-05-07T00:00:00+00:00,1.3597300000000014,1.3601500000000015,1.3595200000000014,1.3600600000000014,3934
2026-05-07T00:30:00+00:00,1.3600600000000014,1.3602400000000014,1.3597600000000014,1.3598800000000015,2597
2026-05-07T01:00:00+00:00,1.3598800000000015,1.3600700000000014,1.3591700000000015,1.3592100000000016,3317
2026-05-07T01:30:00+00:00,1.3592100000000016,1.3593500000000014,1.3588300000000015,1.3592400000000016,3038
2026-05-07T02:00:00+00:00,1.3592400000000016,1.3598800000000015,1.3591300000000015,1.3597500000000016,2575
2026-05-07T02:30:00+00:00,1.3597500000000016,1.3602200000000015,1.3596400000000015,1.3597500000000016,2400
2026-05-07T03:00:00+00:00,1.3597500000000016,1.3598700000000015,1.3596200000000014,1.3597800000000015,1648
2026-05-07T03:30:00+00:00,1.3597800000000015,1.3600700000000014,1.3597200000000016,1.3600100000000015,1321
2026-05-07T04:00:00+00:00,1.3600100000000015,1.3600400000000015,1.3593900000000014,1.3594500000000014,1515
2026-05-07T04:30:00+00:00,1.3594500000000014,1.3596000000000015,1.3592600000000015,1.3595900000000014,1627
2026-05-07T05:00:00+00:00,1.3595900000000014,1.3597400000000015,1.3594600000000014,1.3596100000000015,1586
2026-05-07T05:30:00+00:00,1.3596100000000015,1.3600000000000014,1.3594600000000014,1.3597900000000014,2081
2026-05-07T06:00:00+00:00,1.3597900000000014,1.3603300000000016,1.3597500000000016,1.3603000000000014,2459
2026-05-07T06:30:00+00:00,1.3603000000000014,1.3604000000000014,1.3591900000000015,1.3597500000000016,4119
2026-05-07T07:00:00+00:00,1.3597500000000016,1.3599400000000015,1.3585700000000014,1.3598300000000014,6410
2026-05-07T07:30:00+00:00,1.3598300000000014,1.3599300000000014,1.3585100000000014,1.3586900000000015,4454
2026-05-07T08:00:00+00:00,1.3586900000000015,1.3590300000000015,1.3584400000000014,1.3585600000000015,4066
2026-05-07T08:30:00+00:00,1.3585600000000015,1.3588000000000016,1.3583700000000014,1.3586400000000014,2832
2026-05-07T09:00:00+00:00,1.3586400000000014,1.3590300000000015,1.3585300000000016,1.3588100000000014,2264
2026-05-07T09:30:00+00:00,1.3588100000000014,1.3589200000000015,1.3580700000000014,1.3585400000000014,3281
2026-05-07T10:00:00+00:00,1.3585400000000014,1.3586400000000014,1.3580900000000016,1.3582700000000014,3048
2026-05-07T10:30:00+00:00,1.3582700000000014,1.3589700000000016,1.3581800000000015,1.3586900000000015,3185
2026-05-07T11:00:00+00:00,1.3586900000000015,1.3589400000000016,1.3582000000000014,1.3587200000000015,2440
2026-05-07T11:30:00+00:00,1.3587200000000015,1.3593100000000016,1.3585600000000015,1.3590000000000015,2728
2026-05-07T12:00:00+00:00,1.3590000000000015,1.3596000000000015,1.3584500000000015,1.3592200000000014,3817
2026-05-07T12:30:00+00:00,1.3592200000000014,1.3596300000000014,1.3589600000000015,1.3595000000000015,3765
2026-05-07T13:00:00+00:00,1.3595000000000015,1.3602000000000014,1.3592800000000016,1.3593100000000016,3902
2026-05-07T13:30:00+00:00,1.3593100000000016,1.3600000000000014,1.3590900000000015,1.3599800000000015,5694
2026-05-07T14:00:00+00:00,1.3599800000000015,1.3605600000000015,1.3594700000000015,1.3595800000000016,5366
2026-05-07T14:30:00+00:00,1.3595800000000016,1.3596500000000016,1.3589100000000014,1.3595400000000015,5665
2026-05-07T15:00:00+00:00,1.3595400000000015,1.3603500000000015,1.3592000000000015,1.3599400000000015,4654
2026-05-07T15:30:00+00:00,1.3599400000000015,1.3600900000000016,1.3593800000000016,1.3598100000000015,4542
2026-05-07T16:00:00+00:00,1.3598100000000015,1.3602800000000015,1.3592000000000015,1.3592300000000015,4990
2026-05-07T16:30:00+00:00,1.3592300000000015,1.3595400000000015,1.3589800000000014,1.3591900000000015,3615
2026-05-07T17:00:00+00:00,1.3591900000000015,1.3595300000000015,1.3586900000000015,1.3595100000000016,5078
2026-05-07T17:30:00+00:00,1.3595100000000016,1.3599600000000014,1.3594000000000015,1.3596400000000015,4919
2026-05-07T18:00:00+00:00,1.3596400000000015,1.3598600000000014,1.3594700000000015,1.3597500000000016,3471
2026-05-07T18:30:00+00:00,1.3597500000000016,1.3604300000000016,1.3596500000000016,1.3597400000000015,4944
2026-05-07T19:00:00+00:00,1.3597400000000015,1.3601300000000014,1.3592000000000015,1.3599000000000014,4513
2026-05-07T19:30:00+00:00,1.3599000000000014,1.3614500000000014,1.3596000000000015,1.3614400000000015,3959
2026-05-07T20:00:00+00:00,1.3614400000000015,1.3616300000000015,1.3606400000000014,1.3615200000000014,3594
2026-05-07T20:30:00+00:00,1.3615200000000014,1.3625800000000015,1.3611500000000014,1.3624800000000015,3855
2026-05-07T21:00:00+00:00,1.3624800000000015,1.3624800000000015,1.3614400000000015,1.3615500000000016,205
2026-05-07T21:30:00+00:00,1.3615500000000016,1.3620900000000016,1.3611500000000014,1.3617900000000014,2553
2026-05-07T22:00:00+00:00,1.3617900000000014,1.3624700000000014,1.3617500000000016,1.3621500000000015,1352
2026-05-07T22:30:00+00:00,1.3621500000000015,1.3624900000000015,1.3621000000000014,1.3623900000000015,756
2026-05-07T23:00:00+00:00,1.3623900000000015,1.3625200000000015,1.3621900000000016,1.3623000000000014,902
2026-05-07T23:30:00+00:00,1.3623000000000014,1.3623600000000016,1.3619700000000015,1.3621300000000014,1063.3814832199014
2026-05-08T00:00:00+00:00,1.3621300000000014,1.3623800000000015,1.3617100000000015,1.3621000000000014,3896
2026-05-08T00:30:00+00:00,1.3621000000000014,1.3621300000000014,1.3618200000000016,1.3620200000000016,2633
2026-05-08T01:00:00+00:00,1.3620200000000016,1.3620200000000016,1.3616100000000015,1.3618800000000015,3470
2026-05-08T01:30:00+00:00,1.3618800000000015,1.3619700000000015,1.3617000000000015,1.3618000000000015,2453
2026-05-08T02:00:00+00:00,1.3618000000000015,1.3620400000000015,1.3617800000000015,1.3619500000000015,2155
2026-05-08T02:30:00+00:00,1.3619500000000015,1.3624800000000015,1.3619100000000015,1.3620000000000014,2873
2026-05-08T03:00:00+00:00,1.3620000000000014,1.3621300000000014,1.3618000000000015,1.3620000000000014,1888
2026-05-08T03:30:00+00:00,1.3620000000000014,1.3620300000000014,1.3616000000000015,1.3619400000000015,2104
2026-05-08T04:00:00+00:00,1.3619400000000015,1.3620900000000016,1.3618000000000015,1.3619700000000015,2108
2026-05-08T04:30:00+00:00,1.3619700000000015,1.3620700000000014,1.3615200000000014,1.3616400000000015,1934
2026-05-08T05:00:00+00:00,1.3616400000000015,1.3617100000000015,1.3614100000000016,1.3614400000000015,1927
2026-05-08T05:30:00+00:00,1.3614400000000015,1.3617100000000015,1.3612400000000016,1.3615600000000014,2583
2026-05-08T06:00:00+00:00,1.3615600000000014,1.3616300000000015,1.3611000000000015,1.3611000000000015,3444
2026-05-08T06:30:00+00:00,1.3611000000000015,1.3614200000000014,1.3610400000000016,1.3614100000000016,2712
2026-05-08T07:00:00+00:00,1.3614100000000016,1.3616300000000015,1.3612400000000016,1.3615700000000015,3661
2026-05-08T07:30:00+00:00,1.3615700000000015,1.3617400000000015,1.3612600000000015,1.3617200000000016,2398
2026-05-08T08:00:00+00:00,1.3617200000000016,1.3619900000000016,1.3615400000000015,1.3617200000000016,2895
2026-05-08T08:30:00+00:00,1.3617200000000016,1.3617400000000015,1.3611600000000015,1.3611900000000015,2780
2026-05-08T09:00:00+00:00,1.3611900000000015,1.3612100000000016,1.3606100000000014,1.3608600000000015,2591
2026-05-08T09:30:00+00:00,1.3608600000000015,1.3609700000000016,1.3605700000000014,1.3605900000000015,1888
2026-05-08T10:00:00+00:00,1.3605900000000015,1.3607200000000015,1.3604700000000014,1.3607000000000016,1949
2026-05-08T10:30:00+00:00,1.3607000000000016,1.3613700000000015,1.3604000000000014,1.3611700000000015,2487
2026-05-08T11:00:00+00:00,1.3611700000000015,1.3613000000000015,1.3606700000000014,1.3607600000000015,2326
2026-05-08T11:30:00+00:00,1.3607600000000015,1.3607900000000015,1.3603400000000014,1.3604400000000014,2427
2026-05-08T12:00:00+00:00,1.3604400000000014,1.3622700000000014,1.3603900000000015,1.3616200000000014,5078
2026-05-08T12:30:00+00:00,1.3616200000000014,1.3653600000000015,1.3613900000000014,1.3651000000000015,10930
2026-05-08T13:00:00+00:00,1.3651000000000015,1.3667600000000015,1.3651000000000015,1.3658000000000015,7117
2026-05-08T13:30:00+00:00,1.3658000000000015,1.3670100000000014,1.3654100000000016,1.3667100000000014,6560
2026-05-08T14:00:00+00:00,1.3667100000000014,1.3670800000000014,1.3654700000000015,1.3660300000000014,5920
2026-05-08T14:30:00+00:00,1.3660300000000014,1.3660500000000015,1.3648900000000015,1.3651400000000016,5436
2026-05-08T15:00:00+00:00,1.3651400000000016,1.3656100000000015,1.3649000000000016,1.3649500000000014,4906
2026-05-08T15:30:00+00:00,1.3649500000000014,1.3651600000000015,1.3637700000000015,1.3640400000000015,4862
2026-05-08T16:00:00+00:00,1.3640400000000015,1.3648200000000015,1.3639300000000014,1.3645000000000014,3153
2026-05-08T16:30:00+00:00,1.3645000000000014,1.3651500000000014,1.3643100000000015,1.3650100000000014,2910
2026-05-08T17:00:00+00:00,1.3650100000000014,1.3650400000000016,1.3643700000000014,1.3644800000000015,2333
2026-05-08T17:30:00+00:00,1.3644800000000015,1.3646000000000016,1.3643700000000014,1.3645400000000014,1955
2026-05-08T18:00:00+00:00,1.3645400000000014,1.3646200000000015,1.3641400000000015,1.3643200000000015,2955
2026-05-08T18:30:00+00:00,1.3643200000000015,1.3644600000000016,1.3639400000000015,1.3641200000000016,2259
2026-05-08T19:00:00+00:00,1.3641200000000016,1.3642300000000014,1.3636300000000015,1.3637600000000014,1800
2026-05-08T19:30:00+00:00,1.3637600000000014,1.3645700000000014,1.3636400000000015,1.3642400000000015,2308
2026-05-08T20:00:00+00:00,1.3642400000000015,1.3643300000000016,1.3636000000000015,1.3639000000000014,1534
2026-05-08T20:30:00+00:00,1.3639000000000014,1.3641200000000016,1.3630400000000016,1.3635300000000015,1660.473263916073
2026-05-10T21:00:00+00:00,1.3635300000000015,1.3663700000000014,1.3635300000000015,1.366210000000001,400.5240800806495
2026-05-10T21:30:00+00:00,1.366210000000001,1.3664700000000012,1.366080000000001,1.3663300000000007,1090.7704298602914
2026-05-10T22:00:00+00:00,1.3663300000000007,1.3674900000000008,1.3661800000000008,1.3672100000000007,967
2026-05-10T22:30:00+00:00,1.3672100000000007,1.3673000000000008,1.3670600000000008,1.3672100000000007,615.2956891317547
2026-05-10T23:00:00+00:00,1.3672100000000007,1.3672100000000007,1.3667100000000008,1.3668000000000007,1130
2026-05-10T23:30:00+00:00,1.3668000000000007,1.3668600000000009,1.3665500000000008,1.3666900000000008,1734
2026-05-11T00:00:00+00:00,1.3666900000000008,1.3669800000000008,1.3662100000000008,1.3666600000000009,3195
2026-05-11T00:30:00+00:00,1.3666600000000009,1.3670300000000009,1.3663700000000008,1.3667000000000007,2995
2026-05-11T01:00:00+00:00,1.3667000000000007,1.3672200000000008,1.3665800000000008,1.3667600000000009,3805
2026-05-11T01:30:00+00:00,1.3667600000000009,1.3673700000000009,1.3666600000000009,1.3669600000000008,3333
2026-05-11T02:00:00+00:00,1.3669600000000008,1.3670600000000008,1.3666800000000008,1.3667000000000007,2303
2026-05-11T02:30:00+00:00,1.3667000000000007,1.3671800000000007,1.3666100000000008,1.3671000000000009,2432
2026-05-11T03:00:00+00:00,1.3671000000000009,1.3671600000000008,1.3668300000000009,1.3669300000000009,2407
2026-05-11T03:30:00+00:00,1.3669300000000009,1.367240000000001,1.3668600000000009,1.367240000000001,2059
2026-05-11T04:00:00+00:00,1.367240000000001,1.3675600000000008,1.3672000000000009,1.3675400000000009,1790
2026-05-11T04:30:00+00:00,1.3675400000000009,1.3678300000000008,1.3675200000000007,1.3677300000000008,1559
2026-05-11T05:00:00+00:00,1.3677300000000008,1.3677600000000008,1.3673700000000009,1.3674900000000008,1749
2026-05-11T05:30:00+00:00,1.3674900000000008,1.3677300000000008,1.3674100000000007,1.3676000000000008,2121
2026-05-11T06:00:00+00:00,1.3676000000000008,1.3676000000000008,1.3660100000000008,1.3660300000000007,3409
2026-05-11T06:30:00+00:00,1.3660300000000007,1.3667100000000008,1.3659500000000009,1.3663100000000008,3632
2026-05-11T07:00:00+00:00,1.3663100000000008,1.3663100000000008,1.3651800000000007,1.3653700000000009,4288
2026-05-11T07:30:00+00:00,1.3653700000000009,1.3657100000000009,1.3650500000000008,1.365510000000001,3106
2026-05-11T08:00:00+00:00,1.365510000000001,1.3656700000000008,1.3651400000000007,1.365410000000001,3344
2026-05-11T08:30:00+00:00,1.365410000000001,1.3654700000000008,1.3650200000000008,1.3653000000000008,2601
2026-05-11T09:00:00+00:00,1.3653000000000008,1.3655200000000007,1.3651600000000008,1.3654700000000008,2807
2026-05-11T09:30:00+00:00,1.3654700000000008,1.3656700000000008,1.3651400000000007,1.3652600000000008,2424
2026-05-11T10:00:00+00:00,1.3652600000000008,1.3654800000000007,1.3647600000000009,1.3648900000000008,2545
2026-05-11T10:30:00+00:00,1.3648900000000008,1.3649500000000008,1.3644400000000008,1.3645300000000007,2800
2026-05-11T11:00:00+00:00,1.3645300000000007,1.364900000000001,1.3645000000000007,1.3645500000000008,2530
2026-05-11T11:30:00+00:00,1.3645500000000008,1.3653500000000007,1.3644800000000008,1.365070000000001,2662
2026-05-11T12:00:00+00:00,1.365070000000001,1.3653100000000007,1.3647700000000007,1.3653000000000008,3803
2026-05-11T12:30:00+00:00,1.3653000000000008,1.3666100000000008,1.3650500000000008,1.3650600000000008,4514
2026-05-11T13:00:00+00:00,1.3650600000000008,1.3653700000000009,1.364800000000001,1.3650100000000007,3051
2026-05-11T13:30:00+00:00,1.3650100000000007,1.3652100000000007,1.3641400000000008,1.364290000000001,4224
2026-05-11T14:00:00+00:00,1.364290000000001,1.3648700000000007,1.3633400000000009,1.3634000000000008,5012
2026-05-11T14:30:00+00:00,1.3634000000000008,1.3651500000000008,1.3631600000000008,1.3648400000000007,6675
2026-05-11T15:00:00+00:00,1.3648400000000007,1.3652800000000007,1.3646600000000009,1.365070000000001,3825
2026-05-11T15:30:00+00:00,1.365070000000001,1.3652800000000007,1.3647200000000008,1.3648900000000008,3587
2026-05-11T16:00:00+00:00,1.3648900000000008,1.3652900000000008,1.3647900000000008,1.3651900000000008,2124
2026-05-11T16:30:00+00:00,1.3651900000000008,1.3651900000000008,1.3643900000000009,1.3647700000000007,4071
2026-05-11T17:00:00+00:00,1.3647700000000007,1.3652500000000007,1.3647100000000008,1.3648100000000007,2793
2026-05-11T17:30:00+00:00,1.3648100000000007,1.3649500000000008,1.3646000000000007,1.3649100000000007,1891
2026-05-11T18:00:00+00:00,1.3649100000000007,1.3654700000000008,1.3646800000000008,1.3654300000000008,2578
2026-05-11T18:30:00+00:00,1.3654300000000008,1.3658900000000007,1.365410000000001,1.3656300000000008,2618
2026-05-11T19:00:00+00:00,1.3656300000000008,1.3659500000000009,1.3653900000000008,1.3657500000000007,2286
2026-05-11T19:30:00+00:00,1.3657500000000007,1.3663400000000008,1.3656100000000009,1.3661100000000008,2607
2026-05-11T20:00:00+00:00,1.3661100000000008,1.3665400000000008,1.3660900000000007,1.3665000000000007,1871
2026-05-11T20:30:00+00:00,1.3665000000000007,1.3665000000000007,1.3660600000000007,1.3661100000000008,1828
2026-05-11T21:00:00+00:00,1.3661100000000008,1.3661100000000008,1.3652700000000009,1.3657800000000009,267.3952670961837
2026-05-11T21:30:00+00:00,1.3657800000000009,1.3657800000000009,1.3652500000000007,1.3657600000000008,581
2026-05-11T22:00:00+00:00,1.3657600000000008,1.3658400000000008,1.3653100000000007,1.3656200000000007,496
2026-05-11T22:30:00+00:00,1.3656200000000007,1.3660600000000007,1.3656200000000007,1.3660000000000008,603
2026-05-11T23:00:00+00:00,1.3660000000000008,1.3661600000000007,1.3659500000000009,1.3661500000000009,656
2026-05-11T23:30:00+00:00,1.3661500000000009,1.3663200000000009,1.3660800000000008,1.3662400000000008,944
2026-05-12T00:00:00+00:00,1.3662400000000008,1.3667700000000007,1.3662400000000008,1.3666100000000008,3093
2026-05-12T00:30:00+00:00,1.3666100000000008,1.3672100000000007,1.3665700000000007,1.3671400000000007,2515
2026-05-12T01:00:00+00:00,1.3671400000000007,1.3676200000000007,1.3670300000000009,1.367510000000001,3321
2026-05-12T01:30:00+00:00,1.367510000000001,1.3677700000000008,1.3671800000000007,1.3672900000000008,4271
2026-05-12T02:00:00+00:00,1.3672900000000008,1.3676100000000009,1.3672200000000008,1.367510000000001,2165
2026-05-12T02:30:00+00:00,1.367510000000001,1.3675800000000007,1.3670900000000008,1.3673000000000008,2712
2026-05-12T03:00:00+00:00,1.3673000000000008,1.3676600000000008,1.3671600000000008,1.3676400000000009,1945
2026-05-12T03:30:00+00:00,1.3676400000000009,1.3678100000000009,1.3674900000000008,1.3677000000000008,1871
2026-05-12T04:00:00+00:00,1.3677000000000008,1.3677700000000008,1.3675600000000008,1.3676400000000009,2031
2026-05-12T04:30:00+00:00,1.3676400000000009,1.3676600000000008,1.3674100000000007,1.3676000000000008,2207
2026-05-12T05:00:00+00:00,1.3676000000000008,1.3677300000000008,1.3672900000000008,1.3675400000000009,2631
2026-05-12T05:30:00+00:00,1.3675400000000009,1.3676600000000008,1.3670300000000009,1.3670800000000007,3682
2026-05-12T06:00:00+00:00,1.3670800000000007,1.3677700000000008,1.3667500000000008,1.3675900000000007,4423
2026-05-12T06:30:00+00:00,1.3675900000000007,1.3679700000000008,1.3673700000000009,1.3676400000000009,4071
2026-05-12T07:00:00+00:00,1.3676400000000009,1.3682100000000008,1.367510000000001,1.3678900000000007,4391
2026-05-12T07:30:00+00:00,1.3678900000000007,1.3689800000000008,1.3678600000000007,1.368730000000001,3796
2026-05-12T08:00:00+00:00,1.368730000000001,1.3692700000000009,1.3685600000000009,1.3687500000000008,4473
2026-05-12T08:30:00+00:00,1.3687500000000008,1.3693300000000008,1.3686600000000009,1.3688500000000008,4132
2026-05-12T09:00:00+00:00,1.3688500000000008,1.369240000000001,1.3683900000000009,1.3690200000000008,3470
2026-05-12T09:30:00+00:00,1.3690200000000008,1.3694600000000008,1.3688000000000007,1.3693500000000007,4089
2026-05-12T10:00:00+00:00,1.3693500000000007,1.3694800000000007,1.3689400000000007,1.3689600000000008,2829
2026-05-12T10:30:00+00:00,1.3689600000000008,1.3693800000000007,1.3688900000000008,1.3692900000000008,2924
2026-05-12T11:00:00+00:00,1.3692900000000008,1.3696100000000009,1.3691200000000008,1.3693300000000008,3243
2026-05-12T11:30:00+00:00,1.3693300000000008,1.3693500000000007,1.3684900000000009,1.3687000000000007,2749
2026-05-12T12:00:00+00:00,1.3687000000000007,1.3690400000000007,1.3686100000000008,1.3687200000000008,3752
2026-05-12T12:30:00+00:00,1.3687200000000008,1.3696000000000008,1.3684100000000008,1.3684900000000009,5261
2026-05-12T13:00:00+00:00,1.3684900000000009,1.3701400000000008,1.3682000000000007,1.3697700000000008,5833
2026-05-12T13:30:00+00:00,1.3697700000000008,1.3702700000000008,1.3693700000000009,1.369950000000001,7237
2026-05-12T14:00:00+00:00,1.369950000000001,1.369950000000001,1.3691300000000008,1.3693200000000008,7045
2026-05-12T14:30:00+00:00,1.3693200000000008,1.3701700000000008,1.3692000000000009,1.3692200000000008,7063
2026-05-12T15:00:00+00:00,1.3692200000000008,1.3708000000000007,1.3691600000000008,1.3705600000000009,6571
2026-05-12T15:30:00+00:00,1.3705600000000009,1.3706400000000007,1.3694800000000007,1.3697200000000007,5276
2026-05-12T16:00:00+00:00,1.3697200000000007,1.3698900000000007,1.3693000000000008,1.3695300000000008,4577
2026-05-12T16:30:00+00:00,1.3695300000000008,1.3700300000000007,1.3694600000000008,1.3696900000000007,3846
2026-05-12T17:00:00+00:00,1.3696900000000007,1.369950000000001,1.3693300000000008,1.3697400000000008,3784
2026-05-12T17:30:00+00:00,1.3697400000000008,1.3699000000000008,1.369510000000001,1.369510000000001,2499
2026-05-12T18:00:00+00:00,1.369510000000001,1.3697400000000008,1.3690400000000007,1.3690900000000008,3084
2026-05-12T18:30:00+00:00,1.3690900000000008,1.3691000000000009,1.3683800000000008,1.3684100000000008,3090
2026-05-12T19:00:00+00:00,1.3684100000000008,1.3685400000000008,1.3677700000000008,1.3681500000000009,3186
2026-05-12T19:30:00+00:00,1.3681500000000009,1.3683400000000008,1.3677200000000007,1.368290000000001,3286
2026-05-12T20:00:00+00:00,1.368290000000001,1.3685300000000007,1.3682400000000008,1.3685100000000008,1615
2026-05-12T20:30:00+00:00,1.3685100000000008,1.3685200000000008,1.3676300000000008,1.3679300000000008,1557
2026-05-12T21:00:00+00:00,1.3679300000000008,1.3679400000000008,1.3673600000000008,1.3676000000000008,258.42363411960616
2026-05-12T21:30:00+00:00,1.3676000000000008,1.3676300000000008,1.3673600000000008,1.367580000000001,970
2026-05-12T22:00:00+00:00,1.367580000000001,1.367920000000001,1.367580000000001,1.3676400000000009,480
2026-05-12T22:30:00+00:00,1.3676400000000009,1.3678100000000009,1.3676300000000008,1.3677700000000008,735
2026-05-12T23:00:00+00:00,1.3677700000000008,1.3678900000000007,1.3676200000000007,1.3676600000000008,962
2026-05-12T23:30:00+00:00,1.3676600000000008,1.3680900000000007,1.3676400000000009,1.3680500000000009,1051
2026-05-13T00:00:00+00:00,1.3680500000000009,1.368190000000001,1.3678000000000008,1.3679900000000007,2863
2026-05-13T00:30:00+00:00,1.3679900000000007,1.3682000000000007,1.3677200000000007,1.3677300000000008,2334
2026-05-13T01:00:00+00:00,1.3677300000000008,1.3680700000000008,1.3676300000000008,1.3676600000000008,2936
2026-05-13T01:30:00+00:00,1.3676600000000008,1.3677600000000008,1.3669400000000007,1.3671000000000009,2417
2026-05-13T02:00:00+00:00,1.3671000000000009,1.3671100000000007,1.3666600000000009,1.3668100000000007,2341
2026-05-13T02:30:00+00:00,1.3668100000000007,1.3670500000000008,1.3667800000000008,1.3670200000000008,2191
2026-05-13T03:00:00+00:00,1.3670200000000008,1.3675900000000007,1.3669900000000008,1.3672100000000007,2603
2026-05-13T03:30:00+00:00,1.3672100000000007,1.3673600000000008,1.3670400000000007,1.3672700000000009,2165
2026-05-13T04:00:00+00:00,1.3672700000000009,1.3677200000000007,1.3672500000000007,1.3676900000000007,1418
2026-05-13T04:30:00+00:00,1.3676900000000007,1.3678700000000008,1.3676500000000007,1.3677000000000008,1527
2026-05-13T05:00:00+00:00,1.3677000000000008,1.3679000000000008,1.3676100000000009,1.3677800000000009,1888
2026-05-13T05:30:00+00:00,1.3677800000000009,1.368120000000001,1.367750000000001,1.3678800000000009,2084
2026-05-13T06:00:00+00:00,1.3678800000000009,1.3683200000000009,1.3677000000000008,1.3681400000000008,3164
2026-05-13T06:30:00+00:00,1.3681400000000008,1.3687200000000008,1.3681300000000007,1.3685000000000007,3364
2026-05-13T07:00:00+00:00,1.3685000000000007,1.369140000000001,1.3685000000000007,1.3688900000000008,3445
2026-05-13T07:30:00+00:00,1.3688900000000008,1.3693200000000008,1.3686600000000009,1.3687800000000008,3611
2026-05-13T08:00:00+00:00,1.3687800000000008,1.3692000000000009,1.3682400000000008,1.3683200000000009,3279
2026-05-13T08:30:00+00:00,1.3683200000000009,1.3687700000000007,1.3682000000000007,1.3682100000000008,3487
2026-05-13T09:00:00+00:00,1.3682100000000008,1.3691100000000007,1.3681700000000008,1.3689800000000008,3128
2026-05-13T09:30:00+00:00,1.3689800000000008,1.3689900000000008,1.3681300000000007,1.3681500000000009,2635
2026-05-13T10:00:00+00:00,1.3681500000000009,1.3682000000000007,1.3675600000000008,1.3677800000000009,4324
2026-05-13T10:30:00+00:00,1.3677800000000009,1.3679900000000007,1.3673000000000008,1.3673800000000007,2974
2026-05-13T11:00:00+00:00,1.3673800000000007,1.3678100000000009,1.3672800000000007,1.3673900000000008,2265
2026-05-13T11:30:00+00:00,1.3673900000000008,1.3678900000000007,1.3672000000000009,1.3677000000000008,2603
2026-05-13T12:00:00+00:00,1.3677000000000008,1.368360000000001,1.3672300000000008,1.3682600000000007,4075
2026-05-13T12:30:00+00:00,1.3682600000000007,1.3686800000000008,1.3676000000000008,1.3678700000000008,5664
2026-05-13T13:00:00+00:00,1.3678700000000008,1.368190000000001,1.3675400000000009,1.3679600000000007,4816
2026-05-13T13:30:00+00:00,1.3679600000000007,1.3694800000000007,1.3679500000000009,1.3690500000000008,7517
2026-05-13T14:00:00+00:00,1.3690500000000008,1.369410000000001,1.3675400000000009,1.3679600000000007,6726
2026-05-13T14:30:00+00:00,1.3679600000000007,1.3688400000000007,1.367750000000001,1.368730000000001,6533
2026-05-13T15:00:00+00:00,1.368730000000001,1.3687700000000007,1.368020000000001,1.3680500000000009,4409
2026-05-13T15:30:00+00:00,1.3680500000000009,1.3685700000000007,1.3674800000000007,1.3685500000000008,4052
2026-05-13T16:00:00+00:00,1.3685500000000008,1.3686100000000008,1.3678400000000008,1.3680600000000007,3388
2026-05-13T16:30:00+00:00,1.3680600000000007,1.3688400000000007,1.3678700000000008,1.368800000000001,3163
2026-05-13T17:00:00+00:00,1.368800000000001,1.3688500000000008,1.3684800000000008,1.3687200000000008,2936
2026-05-13T17:30:00+00:00,1.3687200000000008,1.3692200000000008,1.3687000000000007,1.3691000000000009,2182
2026-05-13T18:00:00+00:00,1.3691000000000009,1.3694800000000007,1.3688500000000008,1.3693900000000008,2772
2026-05-13T18:30:00+00:00,1.3693900000000008,1.3701400000000008,1.369240000000001,1.3696000000000008,3659
2026-05-13T19:00:00+00:00,1.3696000000000008,1.3696300000000008,1.3688800000000008,1.3688800000000008,2654
2026-05-13T19:30:00+00:00,1.3688800000000008,1.3690100000000007,1.3685400000000008,1.3687600000000009,2576
2026-05-13T20:00:00+00:00,1.3687600000000009,1.3690600000000008,1.3686000000000007,1.3688800000000008,1678
2026-05-13T20:30:00+00:00,1.3688800000000008,1.369070000000001,1.3685700000000007,1.3689300000000009,2061
2026-05-13T21:00:00+00:00,1.3689300000000009,1.3689300000000009,1.3683200000000006,1.3684500000000008,204.4356430080615
2026-05-13T21:30:00+00:00,1.3684500000000008,1.3689400000000007,1.3684200000000009,1.3685500000000008,1558
2026-05-13T22:00:00+00:00,1.3685500000000008,1.3687500000000008,1.3684100000000008,1.368430000000001,601
2026-05-13T22:30:00+00:00,1.368430000000001,1.3686000000000007,1.3682800000000008,1.3685500000000008,451.635679044404
2026-05-13T23:00:00+00:00,1.3685500000000008,1.3686300000000007,1.3684700000000007,1.3685400000000008,764.7821057255821
2026-05-13T23:30:00+00:00,1.3685400000000008,1.3687000000000007,1.3685400000000008,1.3686200000000006,1033
2026-05-14T00:00:00+00:00,1.3686200000000006,1.3689000000000007,1.3685500000000006,1.3686900000000006,3247
2026-05-14T00:30:00+00:00,1.3686900000000006,1.3689200000000006,1.3685500000000006,1.3686900000000006,2220
2026-05-14T01:00:00+00:00,1.3686900000000006,1.3688400000000007,1.3685300000000007,1.3687800000000008,3572
2026-05-14T01:30:00+00:00,1.3687800000000008,1.3690600000000006,1.3685500000000006,1.3689800000000008,2526
2026-05-14T02:00:00+00:00,1.3689800000000008,1.3690500000000008,1.3687700000000007,1.3688800000000008,2191
2026-05-14T02:30:00+00:00,1.3688800000000008,1.3689700000000007,1.3687500000000006,1.3688200000000006,2120
2026-05-14T03:00:00+00:00,1.3688200000000006,1.3690100000000007,1.3687600000000006,1.3687700000000007,1959
2026-05-14T03:30:00+00:00,1.3687700000000007,1.3690200000000008,1.3687400000000007,1.3690200000000008,1517
2026-05-14T04:00:00+00:00,1.3690200000000008,1.3690800000000007,1.3684500000000006,1.3686200000000006,2519
2026-05-14T04:30:00+00:00,1.3686200000000006,1.3687300000000007,1.3683600000000007,1.3686200000000006,1937
2026-05-14T05:00:00+00:00,1.3686200000000006,1.3689000000000007,1.3686000000000007,1.3687600000000006,2665
2026-05-14T05:30:00+00:00,1.3687600000000006,1.3687900000000006,1.3684100000000008,1.3687300000000007,2592
2026-05-14T06:00:00+00:00,1.3687300000000007,1.3690200000000008,1.3685100000000008,1.3687200000000006,2703
2026-05-14T06:30:00+00:00,1.3687200000000006,1.3687400000000007,1.3682800000000006,1.3684300000000007,2825
2026-05-14T07:00:00+00:00,1.3684300000000007,1.3689900000000006,1.3684200000000006,1.3688900000000006,3022
2026-05-14T07:30:00+00:00,1.3688900000000006,1.3697400000000006,1.3687500000000006,1.3696500000000007,2732
2026-05-14T08:00:00+00:00,1.3696500000000007,1.3696700000000006,1.3687600000000006,1.3687900000000006,3747
2026-05-14T08:30:00+00:00,1.3687900000000006,1.3690700000000007,1.3685600000000007,1.3686900000000006,2751
2026-05-14T09:00:00+00:00,1.3686900000000006,1.3688700000000007,1.3685500000000006,1.3687200000000006,2520
2026-05-14T09:30:00+00:00,1.3687200000000006,1.3690900000000006,1.3686700000000007,1.3689700000000007,3130
2026-05-14T10:00:00+00:00,1.3689700000000007,1.3695700000000006,1.3688500000000008,1.3694500000000007,2751
2026-05-14T10:30:00+00:00,1.3694500000000007,1.3699100000000006,1.3693000000000006,1.3698700000000006,2532
2026-05-14T11:00:00+00:00,1.3698700000000006,1.3702400000000008,1.3698200000000007,1.3702200000000007,2348
2026-05-14T11:30:00+00:00,1.3702200000000007,1.3703300000000007,1.3700100000000006,1.3702800000000006,1855
2026-05-14T12:00:00+00:00,1.3702800000000006,1.3708900000000006,1.3700900000000007,1.3707200000000006,3465
2026-05-14T12:30:00+00:00,1.3707200000000006,1.3708600000000006,1.3702700000000008,1.3706100000000008,2923
2026-05-14T13:00:00+00:00,1.3706100000000008,1.3707600000000006,1.3703700000000008,1.3704700000000007,3748
2026-05-14T13:30:00+00:00,1.3704700000000007,1.3709400000000007,1.3699200000000007,1.3708800000000008,7630
2026-05-14T14:00:00+00:00,1.3708800000000008,1.3710500000000008,1.3694600000000008,1.3703000000000007,5252
2026-05-14T14:30:00+00:00,1.3703000000000007,1.3712800000000007,1.3702800000000006,1.3711700000000007,4879
2026-05-14T15:00:00+00:00,1.3711700000000007,1.3719100000000006,1.3711700000000007,1.3714500000000007,5565
2026-05-14T15:30:00+00:00,1.3714500000000007,1.3715400000000006,1.3704400000000008,1.3706600000000007,4060
2026-05-14T16:00:00+00:00,1.3706600000000007,1.3711100000000007,1.3703700000000008,1.3709800000000008,4929
2026-05-14T16:30:00+00:00,1.3709800000000008,1.3711900000000006,1.3703400000000008,1.3703700000000008,3705
2026-05-14T17:00:00+00:00,1.3703700000000008,1.3709100000000007,1.3700900000000007,1.3708800000000008,3081
2026-05-14T17:30:00+00:00,1.3708800000000008,1.3710100000000007,1.3701600000000007,1.3706100000000008,2777
2026-05-14T18:00:00+00:00,1.3706100000000008,1.3711700000000007,1.3703800000000006,1.3705000000000007,3636
2026-05-14T18:30:00+00:00,1.3705000000000007,1.3709600000000006,1.3704700000000007,1.3705600000000007,2812
2026-05-14T19:00:00+00:00,1.3705600000000007,1.3708300000000007,1.3704300000000007,1.3708200000000006,2481
2026-05-14T19:30:00+00:00,1.3708200000000006,1.3710800000000007,1.3704900000000007,1.3705800000000006,3176
2026-05-14T20:00:00+00:00,1.3705800000000006,1.3708200000000006,1.3703000000000007,1.3703200000000006,2324
2026-05-14T20:30:00+00:00,1.3703200000000006,1.3705100000000008,1.3699000000000008,1.3700600000000007,1629
2026-05-14T21:00:00+00:00,1.3700600000000007,1.3700700000000008,1.3696400000000006,1.3697700000000006,239
2026-05-14T21:30:00+00:00,1.3697700000000006,1.3700700000000008,1.3695200000000007,1.3696000000000006,720
2026-05-14T22:00:00+00:00,1.3696000000000006,1.3700200000000007,1.3696000000000006,1.3698200000000007,684
2026-05-14T22:30:00+00:00,1.3698200000000007,1.3699000000000008,1.3696600000000008,1.3697900000000007,691
2026-05-14T23:00:00+00:00,1.3697900000000007,1.3704300000000007,1.3697900000000007,1.3701600000000007,949
2026-05-14T23:30:00+00:00,1.3701600000000007,1.3706300000000007,1.3701600000000007,1.3705800000000006,1536
2026-05-15T00:00:00+00:00,1.3705800000000006,1.3709800000000008,1.3705500000000006,1.3709600000000006,3046
2026-05-15T00:30:00+00:00,1.3709600000000006,1.3718500000000007,1.3709400000000007,1.3716600000000008,2583
2026-05-15T01:00:00+00:00,1.3716600000000008,1.3722200000000007,1.3716400000000006,1.3722200000000007,2949
2026-05-15T01:30:00+00:00,1.3722200000000007,1.3724100000000006,1.3718300000000008,1.3722800000000006,3424
2026-05-15T02:00:00+00:00,1.3722800000000006,1.3723700000000008,1.3718800000000007,1.3720600000000007,2601
2026-05-15T02:30:00+00:00,1.3720600000000007,1.3721100000000006,1.3717000000000006,1.3719800000000006,2795
2026-05-15T03:00:00+00:00,1.3719800000000006,1.3721800000000006,1.3718600000000007,1.3720400000000006,2519
2026-05-15T03:30:00+00:00,1.3720400000000006,1.3721700000000008,1.3719400000000006,1.3721300000000007,2698
2026-05-15T04:00:00+00:00,1.3721300000000007,1.3723100000000006,1.3721000000000008,1.3723100000000006,1549
2026-05-15T04:30:00+00:00,1.3723100000000006,1.3728400000000007,1.3722500000000006,1.3727500000000006,1972
2026-05-15T05:00:00+00:00,1.3727500000000006,1.3738600000000007,1.3727400000000007,1.3732800000000007,4318
2026-05-15T05:30:00+00:00,1.3732800000000007,1.3736900000000007,1.3726800000000008,1.3734500000000007,4889
2026-05-15T06:00:00+00:00,1.3734500000000007,1.3734700000000006,1.3720400000000006,1.3725300000000007,5941
2026-05-15T06:30:00+00:00,1.3725300000000007,1.3733800000000007,1.3723800000000006,1.3733400000000007,4811
2026-05-15T07:00:00+00:00,1.3733400000000007,1.3736500000000007,1.3720400000000006,1.3723000000000007,5502
2026-05-15T07:30:00+00:00,1.3723000000000007,1.3731400000000007,1.3722800000000006,1.3728400000000007,4534
2026-05-15T08:00:00+00:00,1.3728400000000007,1.3735300000000006,1.3727600000000006,1.3730100000000007,4281
2026-05-15T08:30:00+00:00,1.3730100000000007,1.3732200000000008,1.3726200000000006,1.3729400000000007,4468
2026-05-15T09:00:00+00:00,1.3729400000000007,1.3738800000000007,1.3729000000000007,1.3733600000000006,4802
2026-05-15T09:30:00+00:00,1.3733600000000006,1.3739400000000006,1.3733300000000006,1.3734800000000007,3729
2026-05-15T10:00:00+00:00,1.3734800000000007,1.3735600000000008,1.3723100000000006,1.3725400000000008,4104
2026-05-15T10:30:00+00:00,1.3725400000000008,1.3725500000000006,1.3715900000000008,1.3724100000000006,5761
2026-05-15T11:00:00+00:00,1.3724100000000006,1.3729200000000006,1.3722800000000006,1.3729000000000007,4079
2026-05-15T11:30:00+00:00,1.3729000000000007,1.3735900000000008,1.3727300000000007,1.3733300000000006,3666
2026-05-15T12:00:00+00:00,1.3733300000000006,1.3738800000000007,1.3732900000000008,1.3738400000000006,4220
2026-05-15T12:30:00+00:00,1.3738400000000006,1.3741000000000008,1.3732200000000008,1.3735200000000007,4793
2026-05-15T13:00:00+00:00,1.3735200000000007,1.3739700000000006,1.3732900000000008,1.3739500000000007,5368
2026-05-15T13:30:00+00:00,1.3739500000000007,1.3748500000000006,1.3738400000000006,1.3739600000000007,7538
2026-05-15T14:00:00+00:00,1.3739600000000007,1.3746300000000007,1.3733800000000007,1.3739700000000006,8233
2026-05-15T14:30:00+00:00,1.3739700000000006,1.3746100000000008,1.3732900000000008,1.3740900000000007,6984
2026-05-15T15:00:00+00:00,1.3740900000000007,1.3746100000000008,1.3737200000000007,1.3743300000000007,6396
2026-05-15T15:30:00+00:00,1.3743300000000007,1.3743300000000007,1.3732500000000007,1.3732600000000006,6517
2026-05-15T16:00:00+00:00,1.3732600000000006,1.3735300000000006,1.3725100000000008,1.3725800000000006,4850
2026-05-15T16:30:00+00:00,1.3725800000000006,1.3726000000000007,1.3714500000000007,1.3716200000000007,4597
2026-05-15T17:00:00+00:00,1.3716200000000007,1.3719400000000006,1.3712200000000008,1.3719200000000007,3798
2026-05-15T17:30:00+00:00,1.3719200000000007,1.3724600000000007,1.3717500000000007,1.3722600000000007,2614
2026-05-15T18:00:00+00:00,1.3722600000000007,1.3736100000000007,1.3722300000000007,1.3734400000000007,3784
2026-05-15T18:30:00+00:00,1.3734400000000007,1.3739200000000007,1.3732900000000008,1.3734400000000007,3711
2026-05-15T19:00:00+00:00,1.3734400000000007,1.3736500000000007,1.3732900000000008,1.3733300000000006,2308
2026-05-15T19:30:00+00:00,1.3733300000000006,1.3739900000000007,1.3731800000000007,1.3735100000000007,2870
2026-05-15T20:00:00+00:00,1.3735100000000007,1.3739900000000007,1.3734100000000007,1.3736700000000006,1913
2026-05-15T20:30:00+00:00,1.3736700000000006,1.3739200000000007,1.3723800000000006,1.3725900000000004,2147.822553644803
2026-05-17T21:00:00+00:00,1.3725900000000004,1.3730500000000008,1.3725800000000004,1.3729800000000003,460.7456941960375
2026-05-17T21:30:00+00:00,1.3729800000000003,1.3739500000000002,1.3728000000000002,1.3736600000000003,780.0543164008797
2026-05-17T22:00:00+00:00,1.3736600000000003,1.3741000000000003,1.3728600000000002,1.3739400000000004,1332
2026-05-17T22:30:00+00:00,1.3739400000000004,1.3741900000000002,1.3738700000000004,1.37416,622.7407470786166
2026-05-17T23:00:00+00:00,1.37416,1.37433,1.3739400000000002,1.37427,1096
2026-05-17T23:30:00+00:00,1.37427,1.3751900000000001,1.37427,1.3751000000000002,2908
2026-05-18T00:00:00+00:00,1.3751000000000002,1.37511,1.3744900000000002,1.3749600000000002,5539
2026-05-18T00:30:00+00:00,1.3749600000000002,1.37522,1.37474,1.37491,4326
2026-05-18T01:00:00+00:00,1.37491,1.3751400000000003,1.3744900000000002,1.37467,5389
2026-05-18T01:30:00+00:00,1.37467,1.3749600000000002,1.37427,1.37437,4391
2026-05-18T02:00:00+00:00,1.37437,1.3749700000000002,1.3742900000000002,1.3743800000000002,3090
2026-05-18T02:30:00+00:00,1.3743800000000002,1.37487,1.3741900000000002,1.3746600000000002,3144
2026-05-18T03:00:00+00:00,1.3746600000000002,1.3746600000000002,1.3741400000000001,1.3741800000000002,3065
2026-05-18T03:30:00+00:00,1.3741800000000002,1.3744100000000001,1.37389,1.3741,3285
2026-05-18T04:00:00+00:00,1.3741,1.37423,1.3738400000000002,1.3741800000000002,2572
2026-05-18T04:30:00+00:00,1.3741800000000002,1.37433,1.37396,1.3742200000000002,2637
2026-05-18T05:00:00+00:00,1.3742200000000002,1.37447,1.37389,1.37393,3166
2026-05-18T05:30:00+00:00,1.37393,1.3742900000000002,1.3738700000000001,1.3741,3301
2026-05-18T06:00:00+00:00,1.3741,1.3742200000000002,1.3734600000000001,1.37362,4330
2026-05-18T06:30:00+00:00,1.37362,1.3736800000000002,1.37298,1.37321,3721
2026-05-18T07:00:00+00:00,1.37321,1.37382,1.3729000000000002,1.3729600000000002,4008
2026-05-18T07:30:00+00:00,1.3729600000000002,1.37359,1.37274,1.3734300000000002,4372
2026-05-18T08:00:00+00:00,1.3734300000000002,1.3735400000000002,1.3725900000000002,1.3727600000000002,3889
2026-05-18T08:30:00+00:00,1.3727600000000002,1.3729200000000001,1.3722,1.37257,3635
2026-05-18T09:00:00+00:00,1.37257,1.3732600000000001,1.37247,1.3730700000000002,3366
2026-05-18T09:30:00+00:00,1.3730700000000002,1.37325,1.3728500000000001,1.37325,2627
2026-05-18T10:00:00+00:00,1.37325,1.3735000000000002,1.37284,1.3729500000000001,2677
2026-05-18T10:30:00+00:00,1.3729500000000001,1.3734100000000002,1.3728300000000002,1.3734100000000002,2875
2026-05-18T11:00:00+00:00,1.3734100000000002,1.37403,1.3732300000000002,1.37403,3155
2026-05-18T11:30:00+00:00,1.37403,1.3742400000000001,1.3728900000000002,1.3735400000000002,6512
2026-05-18T12:00:00+00:00,1.3735400000000002,1.3737000000000001,1.3727500000000001,1.3728300000000002,4053
2026-05-18T12:30:00+00:00,1.3728300000000002,1.3728900000000002,1.3720900000000003,1.3728000000000002,5305
2026-05-18T13:00:00+00:00,1.3728000000000002,1.3730200000000001,1.3723,1.3725900000000002,4584
2026-05-18T13:30:00+00:00,1.3725900000000002,1.3734100000000002,1.37257,1.3733300000000002,5925
2026-05-18T14:00:00+00:00,1.3733300000000002,1.3740500000000002,1.3727900000000002,1.37284,6034
2026-05-18T14:30:00+00:00,1.37284,1.37355,1.3726600000000002,1.3730600000000002,6180
2026-05-18T15:00:00+00:00,1.3730600000000002,1.3739500000000002,1.3729500000000001,1.3735400000000002,6095
2026-05-18T15:30:00+00:00,1.3735400000000002,1.37372,1.3730000000000002,1.3732000000000002,4734
2026-05-18T16:00:00+00:00,1.3732000000000002,1.3735400000000002,1.3726500000000001,1.3735100000000002,4841
2026-05-18T16:30:00+00:00,1.3735100000000002,1.3735700000000002,1.3727600000000002,1.3729900000000002,3663
2026-05-18T17:00:00+00:00,1.3729900000000002,1.37315,1.3727600000000002,1.3729600000000002,3286
2026-05-18T17:30:00+00:00,1.3729600000000002,1.3730600000000002,1.3727600000000002,1.37284,2618
2026-05-18T18:00:00+00:00,1.37284,1.37366,1.3727800000000001,1.3735100000000002,3632
2026-05-18T18:30:00+00:00,1.3735100000000002,1.3739200000000003,1.3734100000000002,1.37389,3530
2026-05-18T19:00:00+00:00,1.37389,1.3739200000000003,1.37247,1.3730000000000002,6522
2026-05-18T19:30:00+00:00,1.3730000000000002,1.3731300000000002,1.3724900000000002,1.3727900000000002,3761
2026-05-18T20:00:00+00:00,1.3727900000000002,1.37291,1.3724500000000002,1.37247,1315
2026-05-18T20:30:00+00:00,1.37247,1.3728700000000003,1.37247,1.37271,1233
2026-05-18T21:00:00+00:00,1.37271,1.37271,1.3721100000000002,1.3726,165.56868844404949
2026-05-18T21:30:00+00:00,1.3726,1.3729,1.37253,1.3725699999999998,826.7389517235864
2026-05-18T22:00:00+00:00,1.3725699999999998,1.37297,1.3725699999999998,1.3725999999999998,561
2026-05-18T22:30:00+00:00,1.3725999999999998,1.37279,1.37256,1.3726999999999998,524
2026-05-18T23:00:00+00:00,1.3726999999999998,1.3728,1.3726399999999999,1.37268,966
2026-05-18T23:30:00+00:00,1.37268,1.3728799999999999,1.3726099999999999,1.3728399999999998,928
2026-05-19T00:00:00+00:00,1.3728399999999998,1.37333,1.3726699999999998,1.3730799999999999,4703
2026-05-19T00:30:00+00:00,1.3730799999999999,1.37378,1.3730499999999999,1.3737499999999998,3328
2026-05-19T01:00:00+00:00,1.3737499999999998,1.37391,1.37364,1.3737899999999998,4371
2026-05-19T01:30:00+00:00,1.3737899999999998,1.37404,1.37334,1.37381,4630
2026-05-19T02:00:00+00:00,1.37381,1.3741299999999999,1.3736199999999998,1.3738299999999999,4778
2026-05-19T02:30:00+00:00,1.3738299999999999,1.3739099999999997,1.3735699999999997,1.3736199999999996,3342
2026-05-19T03:00:00+00:00,1.3736199999999996,1.3737699999999997,1.3733299999999997,1.3733999999999997,3281
2026-05-19T03:30:00+00:00,1.3733999999999997,1.3736799999999998,1.3733299999999997,1.3736399999999998,3168
2026-05-19T04:00:00+00:00,1.3736399999999998,1.3738899999999996,1.3735899999999996,1.3738499999999998,3850
2026-05-19T04:30:00+00:00,1.3738499999999998,1.3742499999999997,1.3737399999999997,1.3741899999999998,3123
2026-05-19T05:00:00+00:00,1.3741899999999998,1.3743699999999996,1.3738699999999997,1.3741899999999998,4096
2026-05-19T05:30:00+00:00,1.3741899999999998,1.3742599999999996,1.3735399999999998,1.3736199999999996,4070
2026-05-19T06:00:00+00:00,1.3736199999999996,1.3737299999999997,1.3732699999999998,1.3736099999999996,4447
2026-05-19T06:30:00+00:00,1.3736099999999996,1.3737699999999995,1.3732499999999996,1.3735899999999996,3828
2026-05-19T07:00:00+00:00,1.3735899999999996,1.3739399999999997,1.3733899999999997,1.3734599999999997,3911
2026-05-19T07:30:00+00:00,1.3734599999999997,1.3739199999999996,1.3733299999999997,1.3739099999999997,3444
2026-05-19T08:00:00+00:00,1.3739099999999997,1.3747499999999997,1.3738999999999997,1.3745899999999998,4008
2026-05-19T08:30:00+00:00,1.3745899999999998,1.3750099999999996,1.3742099999999997,1.3749699999999996,2907
2026-05-19T09:00:00+00:00,1.3749699999999996,1.3755099999999998,1.3749199999999997,1.3753699999999998,2831
2026-05-19T09:30:00+00:00,1.3753699999999998,1.3755899999999996,1.3751499999999997,1.3753399999999998,2686
2026-05-19T10:00:00+00:00,1.3753399999999998,1.3755899999999996,1.3749599999999997,1.3754799999999996,2798
2026-05-19T10:30:00+00:00,1.3754799999999996,1.3761599999999996,1.3751699999999998,1.3751699999999998,4232
2026-05-19T11:00:00+00:00,1.3751699999999998,1.3752399999999998,1.3736599999999997,1.3736599999999997,3396
2026-05-19T11:30:00+00:00,1.3736599999999997,1.3742199999999996,1.3733199999999994,1.3742099999999995,3007
2026-05-19T12:00:00+00:00,1.3742099999999995,1.3748799999999994,1.3739199999999996,1.3740099999999995,3815
2026-05-19T12:30:00+00:00,1.3740099999999995,1.3763799999999995,1.3738499999999996,1.3754999999999995,7609
2026-05-19T13:00:00+00:00,1.3754999999999995,1.3759999999999994,1.3750899999999995,1.3752699999999995,5903
2026-05-19T13:30:00+00:00,1.3752699999999995,1.3759799999999995,1.3748899999999995,1.3754499999999996,7639
2026-05-19T14:00:00+00:00,1.3754499999999996,1.3759999999999994,1.3747699999999996,1.3756299999999995,7753
2026-05-19T14:30:00+00:00,1.3756299999999995,1.3761899999999996,1.3752899999999995,1.3760299999999996,6210
2026-05-19T15:00:00+00:00,1.3760299999999996,1.3761099999999995,1.3752599999999995,1.3753199999999994,4504
2026-05-19T15:30:00+00:00,1.3753199999999994,1.3754599999999995,1.3745299999999996,1.3745699999999996,4152
2026-05-19T16:00:00+00:00,1.3745699999999996,1.3751399999999996,1.3739999999999994,1.3740699999999995,4370
2026-05-19T16:30:00+00:00,1.3740699999999995,1.3741099999999995,1.3736499999999996,1.3738799999999995,3713
2026-05-19T17:00:00+00:00,1.3738799999999995,1.3742199999999996,1.3737799999999996,1.3741099999999995,2665
2026-05-19T17:30:00+00:00,1.3741099999999995,1.3742899999999996,1.3740199999999996,1.3741599999999996,2960
2026-05-19T18:00:00+00:00,1.3741599999999996,1.3741599999999996,1.3736299999999995,1.3739999999999994,3689
2026-05-19T18:30:00+00:00,1.3739999999999994,1.3741299999999996,1.3736799999999996,1.3739099999999995,4047
2026-05-19T19:00:00+00:00,1.3739099999999995,1.3741399999999995,1.3735799999999996,1.3738999999999995,3148
2026-05-19T19:30:00+00:00,1.3738999999999995,1.3742199999999996,1.3733199999999994,1.3739599999999996,3126
2026-05-19T20:00:00+00:00,1.3739599999999996,1.3743199999999995,1.3737599999999994,1.3740799999999995,2624
2026-05-19T20:30:00+00:00,1.3740799999999995,1.3740799999999995,1.3732799999999996,1.3733699999999995,2291
2026-05-19T21:00:00+00:00,1.3733699999999995,1.3733699999999995,1.3730999999999995,1.3733199999999997,135.36927559535414
2026-05-19T21:30:00+00:00,1.3733199999999997,1.3733299999999997,1.3732199999999994,1.3732199999999994,227.80953661403794
2026-05-19T22:00:00+00:00,1.3732199999999994,1.3735899999999994,1.3732199999999994,1.3733299999999995,701
2026-05-19T22:30:00+00:00,1.3733299999999995,1.3734999999999995,1.3733199999999994,1.3733199999999994,581
2026-05-19T23:00:00+00:00,1.3733199999999994,1.3733899999999994,1.3732499999999994,1.3732899999999995,570
2026-05-19T23:30:00+00:00,1.3732899999999995,1.3738799999999993,1.3731499999999994,1.3738599999999994,1708
2026-05-20T00:00:00+00:00,1.3738599999999994,1.3746199999999995,1.3738599999999994,1.3743399999999995,5237
2026-05-20T00:30:00+00:00,1.3743399999999995,1.3747799999999994,1.3739999999999994,1.3747199999999995,4657
2026-05-20T01:00:00+00:00,1.3747199999999995,1.3750199999999995,1.3745799999999995,1.3748499999999995,4268
2026-05-20T01:30:00+00:00,1.3748499999999995,1.3750299999999993,1.3741499999999993,1.3744999999999994,5664
2026-05-20T02:00:00+00:00,1.3744999999999994,1.3745799999999995,1.3741499999999993,1.3744199999999993,3610
2026-05-20T02:30:00+00:00,1.3744199999999993,1.3747299999999993,1.3743399999999995,1.3745299999999994,4609
2026-05-20T03:00:00+00:00,1.3745299999999994,1.3746699999999994,1.3741599999999994,1.3742399999999995,3104
2026-05-20T03:30:00+00:00,1.3742399999999995,1.3744999999999994,1.3741499999999993,1.3744699999999994,3171
2026-05-20T04:00:00+00:00,1.3744699999999994,1.3747099999999994,1.3741199999999993,1.3746599999999993,3067
2026-05-20T04:30:00+00:00,1.3746599999999993,1.3749299999999993,1.3746199999999995,1.3748699999999994,2723
2026-05-20T05:00:00+00:00,1.3748699999999994,1.3749699999999994,1.3745299999999994,1.3749399999999994,3091
2026-05-20T05:30:00+00:00,1.3749399999999994,1.3749999999999993,1.3745399999999994,1.3747699999999994,3273
2026-05-20T06:00:00+00:00,1.3747699999999994,1.3751099999999994,1.3746199999999995,1.3746999999999994,3823
2026-05-20T06:30:00+00:00,1.3746999999999994,1.3755799999999994,1.3746899999999993,1.3754499999999994,3867
2026-05-20T07:00:00+00:00,1.3754499999999994,1.3757099999999993,1.3749499999999995,1.3756299999999995,3842
2026-05-20T07:30:00+00:00,1.3756299999999995,1.3762099999999995,1.3755199999999994,1.3761899999999994,3008
2026-05-20T08:00:00+00:00,1.3761899999999994,1.3762099999999995,1.3754199999999994,1.3757699999999995,4042
2026-05-20T08:30:00+00:00,1.3757699999999995,1.3762199999999993,1.3755299999999995,1.3762099999999995,2919
2026-05-20T09:00:00+00:00,1.3762099999999995,1.3763999999999994,1.3758399999999995,1.3763299999999994,1961
2026-05-20T09:30:00+00:00,1.3763299999999994,1.3768099999999994,1.3761999999999994,1.3767099999999994,2280
2026-05-20T10:00:00+00:00,1.3767099999999994,1.3767899999999995,1.3760199999999994,1.3761399999999995,2500
2026-05-20T10:30:00+00:00,1.3761399999999995,1.3761499999999993,1.3757099999999993,1.3758399999999995,2736
2026-05-20T11:00:00+00:00,1.3758399999999995,1.3760199999999994,1.3748399999999994,1.3748699999999994,2460
2026-05-20T11:30:00+00:00,1.3748699999999994,1.3749399999999994,1.3742899999999993,1.3743399999999995,3568
2026-05-20T12:00:00+00:00,1.3743399999999995,1.3755899999999994,1.3742199999999993,1.3755799999999994,3729
2026-05-20T12:30:00+00:00,1.3755799999999994,1.3755799999999994,1.3748499999999995,1.3751299999999993,3453
2026-05-20T13:00:00+00:00,1.3751299999999993,1.3755099999999993,1.3748699999999994,1.3748699999999994,3401
2026-05-20T13:30:00+00:00,1.3748699999999994,1.3763499999999993,1.3745999999999994,1.3762099999999995,6008
2026-05-20T14:00:00+00:00,1.3762099999999995,1.3765699999999994,1.3744699999999994,1.3745799999999995,10467
2026-05-20T14:30:00+00:00,1.3745799999999995,1.3745799999999995,1.3728499999999995,1.3730399999999994,8688
2026-05-20T15:00:00+00:00,1.3730399999999994,1.3743299999999994,1.3720799999999993,1.3732799999999994,11083
2026-05-20T15:30:00+00:00,1.3732799999999994,1.3742199999999993,1.3722099999999995,1.3736899999999994,7623
2026-05-20T16:00:00+00:00,1.3736899999999994,1.3737699999999995,1.3726799999999995,1.3731699999999993,4673
2026-05-20T16:30:00+00:00,1.3731699999999993,1.3738999999999995,1.3727299999999993,1.3737199999999994,4815
2026-05-20T17:00:00+00:00,1.3737199999999994,1.3743999999999994,1.3735799999999994,1.3740199999999994,4135
2026-05-20T17:30:00+00:00,1.3740199999999994,1.3744999999999994,1.3737599999999994,1.3743099999999995,3743
2026-05-20T18:00:00+00:00,1.3743099999999995,1.3745099999999995,1.3734199999999994,1.3734699999999993,3394
2026-05-20T18:30:00+00:00,1.3734699999999993,1.3738799999999993,1.3732799999999994,1.3737899999999994,3961
2026-05-20T19:00:00+00:00,1.3737899999999994,1.3738799999999993,1.3733699999999993,1.3735799999999994,2459
2026-05-20T19:30:00+00:00,1.3735799999999994,1.3736599999999994,1.3731399999999994,1.3732699999999993,3454
2026-05-20T20:00:00+00:00,1.3732699999999993,1.3736099999999993,1.3731299999999993,1.3733199999999994,3050
2026-05-20T20:30:00+00:00,1.3733199999999994,1.3735299999999995,1.3729899999999995,1.3734199999999994,2021
2026-05-20T21:00:00+00:00,1.3734199999999994,1.3734199999999994,1.3723899999999993,1.3730299999999993,206.28522613393181
2026-05-20T21:30:00+00:00,1.3730299999999993,1.3733899999999994,1.3729799999999994,1.3730599999999993,1048
2026-05-20T22:00:00+00:00,1.3730599999999993,1.3737199999999994,1.3730599999999993,1.3734399999999993,611
2026-05-20T22:30:00+00:00,1.3734399999999993,1.3736399999999993,1.3734299999999995,1.3735799999999994,384
2026-05-20T23:00:00+00:00,1.3735799999999994,1.3738199999999994,1.3735399999999993,1.3738099999999993,463
2026-05-20T23:30:00+00:00,1.3738099999999993,1.3739199999999994,1.3736199999999994,1.3738199999999994,847.2375382400576
2026-05-21T00:00:00+00:00,1.3738199999999994,1.3741499999999993,1.3736699999999993,1.3738999999999995,3243
2026-05-21T00:30:00+00:00,1.3738999999999995,1.3740799999999993,1.3737799999999993,1.3739199999999994,2692
2026-05-21T01:00:00+00:00,1.3739199999999994,1.3740399999999995,1.3735899999999994,1.3737599999999994,3191
2026-05-21T01:30:00+00:00,1.3737599999999994,1.3748899999999993,1.3737599999999994,1.3746899999999993,4755
2026-05-21T02:00:00+00:00,1.3746899999999993,1.3751499999999994,1.3744899999999993,1.3751199999999995,3569
2026-05-21T02:30:00+00:00,1.3751199999999995,1.3756399999999993,1.3749199999999995,1.3754399999999993,3333
2026-05-21T03:00:00+00:00,1.3754399999999993,1.3754499999999994,1.3750899999999995,1.3752299999999993,1833
2026-05-21T03:30:00+00:00,1.3752299999999993,1.3754999999999993,1.3751799999999994,1.3753699999999993,1652
2026-05-21T04:00:00+00:00,1.3753699999999993,1.3754299999999995,1.3751099999999994,1.3751199999999995,1799
2026-05-21T04:30:00+00:00,1.3751199999999995,1.3752799999999994,1.3750499999999994,1.3752499999999994,2173
2026-05-21T05:00:00+00:00,1.3752499999999994,1.3756199999999994,1.3750999999999993,1.3756199999999994,2396
2026-05-21T05:30:00+00:00,1.3756199999999994,1.3757299999999995,1.3752699999999993,1.3753199999999994,2724
2026-05-21T06:00:00+00:00,1.3753199999999994,1.3754699999999993,1.3749499999999995,1.3749899999999993,3726
2026-05-21T06:30:00+00:00,1.3749899999999993,1.3755099999999993,1.3749199999999995,1.3753699999999993,3995
2026-05-21T07:00:00+00:00,1.3753699999999993,1.3761799999999993,1.3752699999999993,1.3761499999999993,5407
2026-05-21T07:30:00+00:00,1.3761499999999993,1.3764399999999994,1.3760599999999994,1.3763799999999993,4455
2026-05-21T08:00:00+00:00,1.3763799999999993,1.3766499999999995,1.3751999999999993,1.3752099999999994,5359
2026-05-21T08:30:00+00:00,1.3752099999999994,1.3760199999999994,1.3752099999999994,1.3757599999999994,4179
2026-05-21T09:00:00+00:00,1.3757599999999994,1.3759899999999994,1.3753999999999993,1.3754199999999994,3467
2026-05-21T09:30:00+00:00,1.3754199999999994,1.3758199999999994,1.3751599999999993,1.3756899999999994,2843
2026-05-21T10:00:00+00:00,1.3756899999999994,1.3761499999999993,1.3755499999999994,1.3758799999999993,3813
2026-05-21T10:30:00+00:00,1.3758799999999993,1.3763599999999994,1.3752899999999995,1.3755499999999994,6361
2026-05-21T11:00:00+00:00,1.3755499999999994,1.3756299999999995,1.3750599999999993,1.3754599999999995,3718
2026-05-21T11:30:00+00:00,1.3754599999999995,1.3759499999999993,1.3751999999999993,1.3759099999999993,2737
2026-05-21T12:00:00+00:00,1.3759099999999993,1.3764599999999994,1.3757199999999994,1.3761599999999994,3477
2026-05-21T12:30:00+00:00,1.3761599999999994,1.3764999999999994,1.3755499999999994,1.3764899999999993,5310
2026-05-21T13:00:00+00:00,1.3764899999999993,1.3777999999999995,1.3763199999999993,1.3776899999999994,5144
2026-05-21T13:30:00+00:00,1.3776899999999994,1.3779099999999993,1.3772699999999993,1.3774799999999994,6072
2026-05-21T14:00:00+00:00,1.3774799999999994,1.3786999999999994,1.3774699999999993,1.3781999999999994,6039
2026-05-21T14:30:00+00:00,1.3781999999999994,1.3790099999999994,1.3773099999999994,1.3779299999999994,6452
2026-05-21T15:00:00+00:00,1.3779299999999994,1.3784699999999994,1.3775799999999994,1.3776099999999993,6602
2026-05-21T15:30:00+00:00,1.3776099999999993,1.3781999999999994,1.3774299999999995,1.3778899999999994,5012
2026-05-21T16:00:00+00:00,1.3778899999999994,1.3782799999999993,1.3775899999999994,1.3778599999999994,4663
2026-05-21T16:30:00+00:00,1.3778599999999994,1.3781799999999993,1.3773999999999993,1.3775599999999995,3667
2026-05-21T17:00:00+00:00,1.3775599999999995,1.3778199999999994,1.3764099999999995,1.3766899999999993,8380
2026-05-21T17:30:00+00:00,1.3766899999999993,1.3770599999999993,1.3763899999999993,1.3767499999999995,6029
2026-05-21T18:00:00+00:00,1.3767499999999995,1.3768499999999995,1.3757099999999993,1.3758599999999994,5051
2026-05-21T18:30:00+00:00,1.3758599999999994,1.3774999999999993,1.3757999999999995,1.3772599999999995,5534
2026-05-21T19:00:00+00:00,1.3772599999999995,1.3773399999999993,1.3767699999999994,1.3770099999999994,3679
2026-05-21T19:30:00+00:00,1.3770099999999994,1.3772599999999995,1.3766599999999993,1.3769199999999995,4054
2026-05-21T20:00:00+00:00,1.3769199999999995,1.3770999999999993,1.3766399999999994,1.3767199999999993,2627
2026-05-21T20:30:00+00:00,1.3767199999999993,1.3769499999999995,1.3766799999999995,1.3766799999999995,1760
2026-05-21T21:00:00+00:00,1.3766799999999995,1.3766799999999995,1.3759299999999994,1.3762599999999996,160.18694149906463
2026-05-21T21:30:00+00:00,1.3762599999999996,1.3763299999999996,1.3756399999999995,1.3757599999999996,793.729285614817
2026-05-21T22:00:00+00:00,1.3757599999999996,1.3766499999999995,1.3757599999999996,1.3764799999999995,491
2026-05-21T22:30:00+00:00,1.3764799999999995,1.3765299999999996,1.3762599999999996,1.3764399999999994,500
2026-05-21T23:00:00+00:00,1.3764399999999994,1.3766399999999996,1.3763299999999996,1.3765099999999995,765
2026-05-21T23:30:00+00:00,1.3765099999999995,1.3766599999999996,1.3764399999999994,1.3764999999999996,889
2026-05-22T00:00:00+00:00,1.3764999999999996,1.3776499999999996,1.3764799999999995,1.3773099999999996,3260
2026-05-22T00:30:00+00:00,1.3773099999999996,1.3774999999999995,1.3771699999999996,1.3772199999999994,2691
2026-05-22T01:00:00+00:00,1.3772199999999994,1.3777399999999995,1.3771899999999995,1.3773899999999994,2905
2026-05-22T01:30:00+00:00,1.3773899999999994,1.3778199999999996,1.3772399999999996,1.3777999999999995,2822
2026-05-22T02:00:00+00:00,1.3777999999999995,1.3778899999999996,1.3776199999999996,1.3776399999999995,2156
2026-05-22T02:30:00+00:00,1.3776399999999995,1.3778899999999996,1.3774299999999995,1.3777299999999995,2245
2026-05-22T03:00:00+00:00,1.3777299999999995,1.3781299999999996,1.3776699999999995,1.3777999999999995,2501
2026-05-22T03:30:00+00:00,1.3777999999999995,1.3780599999999996,1.3777099999999995,1.3780499999999996,1424
2026-05-22T04:00:00+00:00,1.3780499999999996,1.3781299999999996,1.3776299999999995,1.3776999999999995,1406
2026-05-22T04:30:00+00:00,1.3776999999999995,1.3780299999999996,1.3776799999999996,1.3777999999999995,1640
2026-05-22T05:00:00+00:00,1.3777999999999995,1.3778799999999995,1.3776499999999996,1.3778599999999996,2132
2026-05-22T05:30:00+00:00,1.3778599999999996,1.3782399999999995,1.3772699999999996,1.3781799999999995,3152
2026-05-22T06:00:00+00:00,1.3781799999999995,1.3783799999999995,1.3778999999999995,1.3780199999999996,3285
2026-05-22T06:30:00+00:00,1.3780199999999996,1.3784099999999995,1.3778499999999996,1.3778599999999996,2860
2026-05-22T07:00:00+00:00,1.3778599999999996,1.3784099999999995,1.3778599999999996,1.3780599999999996,3038
2026-05-22T07:30:00+00:00,1.3780599999999996,1.3783399999999995,1.3778199999999996,1.3779299999999994,2123
2026-05-22T08:00:00+00:00,1.3779299999999994,1.3780399999999995,1.3772299999999995,1.3774599999999995,3585
2026-05-22T08:30:00+00:00,1.3774599999999995,1.3778899999999996,1.3772399999999996,1.3773599999999995,3452
2026-05-22T09:00:00+00:00,1.3773599999999995,1.3782499999999995,1.3772699999999996,1.3779899999999996,3119
2026-05-22T09:30:00+00:00,1.3779899999999996,1.3782299999999996,1.3779099999999995,1.3780199999999996,2420
2026-05-22T10:00:00+00:00,1.3780199999999996,1.3785099999999995,1.3779399999999995,1.3785099999999995,2061
2026-05-22T10:30:00+00:00,1.3785099999999995,1.3787699999999996,1.3784099999999995,1.3786499999999995,2163
2026-05-22T11:00:00+00:00,1.3786499999999995,1.3788899999999995,1.3784499999999995,1.3785399999999994,1996
2026-05-22T11:30:00+00:00,1.3785399999999994,1.3790799999999996,1.3783899999999996,1.3789599999999995,2840
2026-05-22T12:00:00+00:00,1.3789599999999995,1.3795799999999996,1.3785699999999996,1.3795299999999995,5130
2026-05-22T12:30:00+00:00,1.3795299999999995,1.3795499999999996,1.3788099999999994,1.3792599999999995,3887
2026-05-22T13:00:00+00:00,1.3792599999999995,1.3793299999999995,1.3779599999999996,1.3788399999999996,5332
2026-05-22T13:30:00+00:00,1.3788399999999996,1.3793799999999996,1.3786299999999996,1.3786399999999996,5049
2026-05-22T14:00:00+00:00,1.3786399999999996,1.3801999999999994,1.3786399999999996,1.3799999999999994,5327
2026-05-22T14:30:00+00:00,1.3799999999999994,1.3808599999999995,1.3799299999999994,1.3807899999999995,5819
2026-05-22T15:00:00+00:00,1.3807899999999995,1.3809999999999996,1.3803599999999996,1.3806299999999996,4041
2026-05-22T15:30:00+00:00,1.3806299999999996,1.3811099999999996,1.3802899999999996,1.3807099999999994,3885
2026-05-22T16:00:00+00:00,1.3807099999999994,1.3811199999999995,1.3800099999999995,1.3803299999999996,3542
2026-05-22T16:30:00+00:00,1.3803299999999996,1.3803499999999995,1.3796799999999996,1.3796999999999995,2591
2026-05-22T17:00:00+00:00,1.3796999999999995,1.3799299999999994,1.3793799999999996,1.3796399999999995,4159
2026-05-22T17:30:00+00:00,1.3796399999999995,1.3802799999999995,1.3794999999999995,1.3799599999999996,3088
2026-05-22T18:00:00+00:00,1.3799599999999996,1.3801299999999996,1.3794299999999995,1.3796299999999995,2493
2026-05-22T18:30:00+00:00,1.3796299999999995,1.3797899999999996,1.3792999999999995,1.3797899999999996,2006
2026-05-22T19:00:00+00:00,1.3797899999999996,1.3800599999999996,1.3794299999999995,1.3795499999999996,1908
2026-05-22T19:30:00+00:00,1.3795499999999996,1.3803399999999995,1.3795299999999995,1.3803399999999995,2197
2026-05-22T20:00:00+00:00,1.3803399999999995,1.3804199999999995,1.3800099999999995,1.3803799999999995,1447
2026-05-22T20:30:00+00:00,1.3803799999999995,1.3812099999999996,1.3799999999999994,1.3803499999999995,1837.85717328789
2026-05-24T21:00:00+00:00,1.3803499999999995,1.3808499999999995,1.3799899999999994,1.3808499999999995,123.71915680766573
2026-05-24T21:30:00+00:00,1.3808499999999995,1.38106,1.3805399999999994,1.3809399999999998,1023.0125616812979
2026-05-24T22:00:00+00:00,1.3809399999999998,1.3817099999999998,1.3806199999999997,1.3806699999999998,1471
2026-05-24T22:30:00+00:00,1.3806699999999998,1.3806899999999998,1.3803299999999998,1.38061,1099.2315553688927
2026-05-24T23:00:00+00:00,1.38061,1.38062,1.38021,1.38034,1205
2026-05-24T23:30:00+00:00,1.38034,1.3808699999999998,1.3802999999999999,1.38069,1598
2026-05-25T00:00:00+00:00,1.38069,1.38117,1.38065,1.3810099999999998,3606
2026-05-25T00:30:00+00:00,1.3810099999999998,1.38122,1.3805699999999999,1.3808099999999999,3441
2026-05-25T01:00:00+00:00,1.3808099999999999,1.3810399999999998,1.38,1.38001,3352
2026-05-25T01:30:00+00:00,1.38001,1.3803699999999999,1.37998,1.3803599999999998,2020
2026-05-25T02:00:00+00:00,1.3803599999999998,1.3803699999999999,1.38,1.38018,1624.392220047336
2026-05-25T02:30:00+00:00,1.38018,1.3805199999999997,1.3801299999999999,1.3804299999999998,1641
2026-05-25T03:00:00+00:00,1.3804299999999998,1.38093,1.3803199999999998,1.3809,2441.1898523985237
2026-05-25T03:30:00+00:00,1.3809,1.38144,1.38082,1.38129,3266
2026-05-25T04:00:00+00:00,1.38129,1.3814899999999999,1.3811,1.38136,1522
2026-05-25T04:30:00+00:00,1.38136,1.3813799999999998,1.3809099999999999,1.3810399999999998,1732
2026-05-25T05:00:00+00:00,1.3810399999999998,1.38119,1.3808099999999999,1.38113,2025
2026-05-25T05:30:00+00:00,1.38113,1.38153,1.3810099999999998,1.3814199999999999,1715
2026-05-25T06:00:00+00:00,1.3814199999999999,1.3818199999999998,1.38133,1.38154,2002
2026-05-25T06:30:00+00:00,1.38154,1.38163,1.38124,1.3814199999999999,2096
2026-05-25T07:00:00+00:00,1.3814199999999999,1.38248,1.3814,1.38211,4265
2026-05-25T07:30:00+00:00,1.38211,1.38217,1.3818899999999998,1.38198,2707
2026-05-25T08:00:00+00:00,1.38198,1.38248,1.38185,1.38205,2923
2026-05-25T08:30:00+00:00,1.38205,1.38207,1.38164,1.38171,2492
2026-05-25T09:00:00+00:00,1.38171,1.3820299999999999,1.38154,1.38188,1589
2026-05-25T09:30:00+00:00,1.38188,1.3818899999999998,1.38154,1.38187,1706
2026-05-25T10:00:00+00:00,1.38187,1.38197,1.3816599999999999,1.38187,1616
2026-05-25T10:30:00+00:00,1.38187,1.38204,1.38174,1.38188,1851
2026-05-25T11:00:00+00:00,1.38188,1.3822299999999998,1.3815899999999999,1.3816599999999999,1498
2026-05-25T11:30:00+00:00,1.3816599999999999,1.3817599999999999,1.3811399999999998,1.38158,2285
2026-05-25T12:00:00+00:00,1.38158,1.3818199999999998,1.38153,1.3816,2698
2026-05-25T12:30:00+00:00,1.3816,1.3816199999999998,1.38089,1.38112,3094
2026-05-25T13:00:00+00:00,1.38112,1.3812,1.38061,1.38072,3326
2026-05-25T13:30:00+00:00,1.38072,1.3814899999999999,1.3807099999999999,1.3813499999999999,2978
2026-05-25T14:00:00+00:00,1.3813499999999999,1.38139,1.38052,1.3808799999999999,2885
2026-05-25T14:30:00+00:00,1.3808799999999999,1.3809099999999999,1.38029,1.38052,3590
2026-05-25T15:00:00+00:00,1.38052,1.38072,1.3800599999999998,1.38055,4045
2026-05-25T15:30:00+00:00,1.38055,1.3805999999999998,1.37991,1.38014,1964
2026-05-25T16:00:00+00:00,1.38014,1.3804699999999999,1.3800599999999998,1.3803599999999998,1601
2026-05-25T16:30:00+00:00,1.3803599999999998,1.38085,1.38035,1.38072,2376
2026-05-25T17:00:00+00:00,1.38072,1.38095,1.3805299999999998,1.38065,822
2026-05-25T17:30:00+00:00,1.38065,1.38083,1.3805299999999998,1.38075,734
2026-05-25T18:00:00+00:00,1.38075,1.3807699999999998,1.38059,1.3807399999999999,673
2026-05-25T18:30:00+00:00,1.3807399999999999,1.38095,1.3806999999999998,1.38085,530.2207133495883
2026-05-25T19:00:00+00:00,1.38085,1.38093,1.3806999999999998,1.3808099999999999,574
2026-05-25T19:30:00+00:00,1.3808099999999999,1.38085,1.38039,1.38042,955
2026-05-25T20:00:00+00:00,1.38042,1.3806399999999999,1.3803299999999998,1.38061,1037
2026-05-25T20:30:00+00:00,1.38061,1.38073,1.38041,1.3806699999999998,1034
2026-05-25T21:00:00+00:00,1.3806699999999998,1.3806699999999998,1.37969,1.3797000000000001,202.6964666185932
2026-05-25T21:30:00+00:00,1.3797000000000001,1.3807200000000002,1.3797000000000001,1.3804100000000001,884
2026-05-25T22:00:00+00:00,1.3804100000000001,1.38081,1.3804100000000001,1.38067,431
2026-05-25T22:30:00+00:00,1.38067,1.3807,1.3805100000000001,1.3805900000000002,345
2026-05-25T23:00:00+00:00,1.3805900000000002,1.38064,1.3805,1.38063,604
2026-05-25T23:30:00+00:00,1.38063,1.38101,1.3806,1.38091,1089
2026-05-26T00:00:00+00:00,1.38091,1.38118,1.3806500000000002,1.381,3449
2026-05-26T00:30:00+00:00,1.381,1.381,1.3806100000000001,1.3806500000000002,2928
2026-05-26T01:00:00+00:00,1.3806500000000002,1.3808600000000002,1.38053,1.3808200000000002,3852
2026-05-26T01:30:00+00:00,1.3808200000000002,1.38124,1.3807800000000001,1.3810900000000002,3379
2026-05-26T02:00:00+00:00,1.3810900000000002,1.3811300000000002,1.38097,1.38108,2178
2026-05-26T02:30:00+00:00,1.38108,1.3814000000000002,1.3810300000000002,1.3812200000000001,2674
2026-05-26T03:00:00+00:00,1.3812200000000001,1.38124,1.38094,1.3811000000000002,2962
2026-05-26T03:30:00+00:00,1.3811000000000002,1.38114,1.38094,1.3809500000000001,2401
2026-05-26T04:00:00+00:00,1.3809500000000001,1.38121,1.38091,1.3811000000000002,1411
2026-05-26T04:30:00+00:00,1.3811000000000002,1.38141,1.3810300000000002,1.3814000000000002,2722
2026-05-26T05:00:00+00:00,1.3814000000000002,1.3817000000000002,1.38138,1.38151,2550
2026-05-26T05:30:00+00:00,1.38151,1.3817300000000001,1.38145,1.3817100000000002,3375
2026-05-26T06:00:00+00:00,1.3817100000000002,1.3818000000000001,1.38118,1.38132,3893
2026-05-26T06:30:00+00:00,1.38132,1.3814700000000002,1.3810200000000001,1.38145,4533
2026-05-26T07:00:00+00:00,1.38145,1.38178,1.38118,1.38128,4271
2026-05-26T07:30:00+00:00,1.38128,1.38131,1.3805100000000001,1.3807500000000001,4843
2026-05-26T08:00:00+00:00,1.3807500000000001,1.3809200000000001,1.38016,1.3803100000000001,5083
2026-05-26T08:30:00+00:00,1.3803100000000001,1.3807200000000002,1.3801700000000001,1.3805900000000002,3580
2026-05-26T09:00:00+00:00,1.3805900000000002,1.38091,1.38047,1.3805500000000002,3651
2026-05-26T09:30:00+00:00,1.3805500000000002,1.38073,1.3802400000000001,1.3802500000000002,2496
2026-05-26T10:00:00+00:00,1.3802500000000002,1.3806600000000002,1.3802400000000001,1.3805800000000001,3288
2026-05-26T10:30:00+00:00,1.3805800000000001,1.3808600000000002,1.3802100000000002,1.38033,3490
2026-05-26T11:00:00+00:00,1.38033,1.38081,1.38029,1.3807900000000002,2671
2026-05-26T11:30:00+00:00,1.3807900000000002,1.3815300000000001,1.3807200000000002,1.38151,4057
2026-05-26T12:00:00+00:00,1.38151,1.3821100000000002,1.3814300000000002,1.38196,4609
2026-05-26T12:30:00+00:00,1.38196,1.38243,1.38185,1.3821,3631
2026-05-26T13:00:00+00:00,1.3821,1.3821800000000002,1.3817300000000001,1.3819700000000001,5471
2026-05-26T13:30:00+00:00,1.3819700000000001,1.38206,1.38074,1.3809200000000001,6877
2026-05-26T14:00:00+00:00,1.3809200000000001,1.3809500000000001,1.38026,1.38074,6265
2026-05-26T14:30:00+00:00,1.38074,1.3814700000000002,1.3803,1.3809500000000001,8538
2026-05-26T15:00:00+00:00,1.3809500000000001,1.38176,1.38094,1.38131,6056
2026-05-26T15:30:00+00:00,1.38131,1.3815000000000002,1.38073,1.3807500000000001,6221
2026-05-26T16:00:00+00:00,1.3807500000000001,1.381,1.38036,1.3809900000000002,4316
2026-05-26T16:30:00+00:00,1.3809900000000002,1.3816300000000001,1.38064,1.38151,5803
2026-05-26T17:00:00+00:00,1.38151,1.3816000000000002,1.3811300000000002,1.3814600000000001,3383
2026-05-26T17:30:00+00:00,1.3814600000000001,1.38226,1.3814600000000001,1.38209,3657
2026-05-26T18:00:00+00:00,1.38209,1.3821700000000001,1.3817000000000002,1.38178,4545
2026-05-26T18:30:00+00:00,1.38178,1.38202,1.3815000000000002,1.38158,2759
2026-05-26T19:00:00+00:00,1.38158,1.3819700000000001,1.3815700000000002,1.38179,1919
2026-05-26T19:30:00+00:00,1.38179,1.3818800000000002,1.3812900000000001,1.38131,2506
2026-05-26T20:00:00+00:00,1.38131,1.3816300000000001,1.38115,1.3815600000000001,1893
2026-05-26T20:30:00+00:00,1.3815600000000001,1.3817000000000002,1.3813300000000002,1.3815000000000002,1756
2026-05-26T21:00:00+00:00,1.3815000000000002,1.3815000000000002,1.38072,1.3810500000000006,380.49754415952583
2026-05-26T21:30:00+00:00,1.3810500000000006,1.3814400000000004,1.3806000000000003,1.3808300000000004,726.9586772722178
2026-05-26T22:00:00+00:00,1.3808300000000004,1.3815200000000003,1.3808300000000004,1.3814800000000003,798
2026-05-26T22:30:00+00:00,1.3814800000000003,1.3815000000000004,1.3811200000000003,1.3811600000000004,572.919386637459
2026-05-26T23:00:00+00:00,1.3811600000000004,1.3813100000000003,1.3809200000000006,1.3809200000000006,873.423115009195
2026-05-26T23:30:00+00:00,1.3809200000000006,1.3810300000000004,1.3805400000000005,1.3809900000000006,1102
2026-05-27T00:00:00+00:00,1.3809900000000006,1.3811600000000006,1.3807300000000005,1.3807300000000005,4044
2026-05-27T00:30:00+00:00,1.3807300000000005,1.3809700000000005,1.3805200000000004,1.3808900000000004,3648
2026-05-27T01:00:00+00:00,1.3808900000000004,1.3812300000000004,1.3808000000000005,1.3812200000000006,3041
2026-05-27T01:30:00+00:00,1.3812200000000006,1.3816400000000004,1.3812200000000006,1.3815200000000005,2909
2026-05-27T02:00:00+00:00,1.3815200000000005,1.3815300000000006,1.3809900000000006,1.3812800000000005,3193
2026-05-27T02:30:00+00:00,1.3812800000000005,1.3813400000000005,1.3810400000000005,1.3812800000000005,2640
2026-05-27T03:00:00+00:00,1.3812800000000005,1.3813400000000005,1.3809200000000006,1.3812700000000004,2200
2026-05-27T03:30:00+00:00,1.3812700000000004,1.3814300000000006,1.3812100000000005,1.3813600000000006,2327
2026-05-27T04:00:00+00:00,1.3813600000000006,1.3813800000000005,1.3811900000000006,1.3813000000000004,2549
2026-05-27T04:30:00+00:00,1.3813000000000004,1.3813200000000005,1.3810600000000004,1.3810900000000006,2335
2026-05-27T05:00:00+00:00,1.3810900000000006,1.3812000000000004,1.3809900000000006,1.3811200000000006,2318
2026-05-27T05:30:00+00:00,1.3811200000000006,1.3816400000000004,1.3810700000000005,1.3815700000000004,2492
2026-05-27T06:00:00+00:00,1.3815700000000004,1.3819700000000006,1.3814600000000006,1.3816600000000006,2846
2026-05-27T06:30:00+00:00,1.3816600000000006,1.3821500000000004,1.3814700000000004,1.3820900000000005,4108
2026-05-27T07:00:00+00:00,1.3820900000000005,1.3825600000000005,1.3817300000000006,1.3825000000000005,3419
2026-05-27T07:30:00+00:00,1.3825000000000005,1.3829700000000005,1.3823500000000004,1.3829300000000004,2533
2026-05-27T08:00:00+00:00,1.3829300000000004,1.3830800000000005,1.3824700000000005,1.3826400000000005,3240
2026-05-27T08:30:00+00:00,1.3826400000000005,1.3831100000000005,1.3823900000000005,1.3830000000000005,2666
2026-05-27T09:00:00+00:00,1.3830000000000005,1.3830700000000005,1.3824800000000006,1.3825200000000004,1827
2026-05-27T09:30:00+00:00,1.3825200000000004,1.3827200000000004,1.3822800000000004,1.3825700000000005,1977
2026-05-27T10:00:00+00:00,1.3825700000000005,1.3831800000000005,1.3825400000000005,1.3830600000000004,1926
2026-05-27T10:30:00+00:00,1.3830600000000004,1.3838500000000005,1.3830600000000004,1.3837300000000006,2745
2026-05-27T11:00:00+00:00,1.3837300000000006,1.3840100000000004,1.3833300000000004,1.3840000000000006,2855
2026-05-27T11:30:00+00:00,1.3840000000000006,1.3841400000000006,1.3834800000000005,1.3834800000000005,3116
2026-05-27T12:00:00+00:00,1.3834800000000005,1.3838500000000005,1.3826700000000005,1.3827300000000005,8334
2026-05-27T12:30:00+00:00,1.3827300000000005,1.3830900000000006,1.3821900000000005,1.3829800000000005,6562
2026-05-27T13:00:00+00:00,1.3829800000000005,1.3839400000000004,1.3826400000000005,1.3836400000000004,5473
2026-05-27T13:30:00+00:00,1.3836400000000004,1.3837600000000005,1.3828500000000006,1.3828600000000004,7855
2026-05-27T14:00:00+00:00,1.3828600000000004,1.3835500000000005,1.3825400000000005,1.3828900000000004,6826
2026-05-27T14:30:00+00:00,1.3828900000000004,1.3853900000000006,1.3824700000000005,1.3851100000000005,9914
2026-05-27T15:00:00+00:00,1.3851100000000005,1.3852100000000005,1.3833200000000005,1.3835600000000006,9731
2026-05-27T15:30:00+00:00,1.3835600000000006,1.3838200000000005,1.3831300000000004,1.3832100000000005,6443
2026-05-27T16:00:00+00:00,1.3832100000000005,1.3837000000000006,1.3825700000000005,1.3829400000000005,4808
2026-05-27T16:30:00+00:00,1.3829400000000005,1.3832700000000004,1.3827300000000005,1.3828100000000005,3148
2026-05-27T17:00:00+00:00,1.3828100000000005,1.3836500000000005,1.3828100000000005,1.3833400000000005,5128
2026-05-27T17:30:00+00:00,1.3833400000000005,1.3834400000000004,1.3830300000000004,1.3832300000000004,3806
2026-05-27T18:00:00+00:00,1.3832300000000004,1.3838500000000005,1.3832200000000006,1.3836700000000004,3073
2026-05-27T18:30:00+00:00,1.3836700000000004,1.3838000000000006,1.3834500000000005,1.3836500000000005,3177
2026-05-27T19:00:00+00:00,1.3836500000000005,1.3837300000000006,1.3830400000000005,1.3832500000000005,3315
2026-05-27T19:30:00+00:00,1.3832500000000005,1.3836900000000005,1.3832200000000006,1.3833700000000004,2771
2026-05-27T20:00:00+00:00,1.3833700000000004,1.3836700000000004,1.3830600000000004,1.3836500000000005,1564
2026-05-27T20:30:00+00:00,1.3836500000000005,1.3842800000000004,1.3835600000000006,1.3840900000000005,2265
2026-05-27T21:00:00+00:00,1.3840900000000005,1.3841800000000004,1.3833700000000004,1.3838000000000006,183.6324492845066
2026-05-27T21:30:00+00:00,1.3838000000000006,1.3842700000000006,1.3837700000000006,1.3842200000000005,949
2026-05-27T22:00:00+00:00,1.3842200000000005,1.3842600000000005,1.3838100000000004,1.3839800000000004,826
2026-05-27T22:30:00+00:00,1.3839800000000004,1.3840800000000004,1.3839100000000004,1.3840300000000005,444.5927747886241
2026-05-27T23:00:00+00:00,1.3840300000000005,1.3844300000000005,1.3839300000000005,1.3843700000000005,1278
2026-05-27T23:30:00+00:00,1.3843700000000005,1.3846900000000004,1.3843400000000006,1.3846500000000006,1742
2026-05-28T00:00:00+00:00,1.3846500000000006,1.3851300000000004,1.3845600000000005,1.3847500000000006,4307
2026-05-28T00:30:00+00:00,1.3847500000000006,1.3851100000000005,1.3846600000000004,1.3849400000000005,4018
2026-05-28T01:00:00+00:00,1.3849400000000005,1.3851900000000006,1.3848800000000006,1.3851300000000004,4708
2026-05-28T01:30:00+00:00,1.3851300000000004,1.3856400000000004,1.3850900000000006,1.3855800000000005,2163
2026-05-28T02:00:00+00:00,1.3855800000000005,1.3856200000000005,1.3853800000000005,1.3854500000000005,2412
2026-05-28T02:30:00+00:00,1.3854500000000005,1.3857000000000006,1.3853500000000005,1.3853900000000006,2372
2026-05-28T03:00:00+00:00,1.3853900000000006,1.3860100000000004,1.3852200000000006,1.3858700000000006,3293
2026-05-28T03:30:00+00:00,1.3858700000000006,1.3871200000000006,1.3858700000000006,1.3870800000000005,4726
2026-05-28T04:00:00+00:00,1.3870800000000005,1.3871400000000005,1.3865700000000005,1.3867500000000006,3040
2026-05-28T04:30:00+00:00,1.3867500000000006,1.3867500000000006,1.3862400000000006,1.3863300000000005,2881
2026-05-28T05:00:00+00:00,1.3863300000000005,1.3866700000000005,1.3862400000000006,1.3863000000000005,2555
2026-05-28T05:30:00+00:00,1.3863000000000005,1.3863400000000006,1.3857200000000005,1.3860100000000004,2746
2026-05-28T06:00:00+00:00,1.3860100000000004,1.3860900000000005,1.3853200000000006,1.3855100000000005,4052
2026-05-28T06:30:00+00:00,1.3855100000000005,1.3857200000000005,1.3851400000000005,1.3853700000000004,4179
2026-05-28T07:00:00+00:00,1.3853700000000004,1.3855000000000004,1.3847000000000005,1.3854900000000006,8730
2026-05-28T07:30:00+00:00,1.3854900000000006,1.3859600000000005,1.3853100000000005,1.3856700000000004,6454
2026-05-28T08:00:00+00:00,1.3856700000000004,1.3864600000000005,1.3852900000000006,1.3861800000000004,6836
2026-05-28T08:30:00+00:00,1.3861800000000004,1.3864200000000004,1.3859900000000005,1.3861900000000005,4283
2026-05-28T09:00:00+00:00,1.3861900000000005,1.3863100000000006,1.3856600000000006,1.3858700000000006,5428
2026-05-28T09:30:00+00:00,1.3858700000000006,1.3870300000000004,1.3858400000000004,1.3867700000000005,6740
2026-05-28T10:00:00+00:00,1.3867700000000005,1.3871500000000005,1.3864600000000005,1.3866900000000004,6432
2026-05-28T10:30:00+00:00,1.3866900000000004,1.3871600000000004,1.3864400000000006,1.3865600000000005,5771
2026-05-28T11:00:00+00:00,1.3865600000000005,1.3866500000000004,1.3854200000000003,1.3854300000000004,4817.9848921491575
2026-05-28T11:30:00+00:00,1.3854300000000004,1.3857300000000004,1.3850100000000003,1.3851600000000004,3122
2026-05-28T12:00:00+00:00,1.3851600000000004,1.3855900000000003,1.3848500000000004,1.3848600000000004,4927
2026-05-28T12:30:00+00:00,1.3848600000000004,1.3853400000000002,1.3841800000000004,1.3845600000000002,6858
2026-05-28T13:00:00+00:00,1.3845600000000002,1.3853500000000003,1.3838400000000004,1.3849100000000003,7034
2026-05-28T13:30:00+00:00,1.3849100000000003,1.3853800000000003,1.3837900000000003,1.3849700000000003,7519
2026-05-28T14:00:00+00:00,1.3849700000000003,1.3852600000000004,1.3825200000000004,1.3827900000000004,15392
2026-05-28T14:30:00+00:00,1.3827900000000004,1.3828600000000004,1.3818100000000004,1.3820300000000003,9109
2026-05-28T15:00:00+00:00,1.3820300000000003,1.3820300000000003,1.3802600000000003,1.3806800000000004,6867
2026-05-28T15:30:00+00:00,1.3806800000000004,1.3808600000000004,1.3800400000000004,1.3801300000000003,5062
2026-05-28T16:00:00+00:00,1.3801300000000003,1.3803700000000003,1.3793800000000003,1.3796300000000004,5902
2026-05-28T16:30:00+00:00,1.3796300000000004,1.3797500000000003,1.3791000000000004,1.3793600000000004,4741
2026-05-28T17:00:00+00:00,1.3793600000000004,1.3794200000000003,1.3784200000000004,1.3789400000000003,5045
2026-05-28T17:30:00+00:00,1.3789400000000003,1.3792600000000004,1.3786400000000003,1.3787600000000004,4343
2026-05-28T18:00:00+00:00,1.3787600000000004,1.3788700000000003,1.3782100000000004,1.3788500000000004,5209
2026-05-28T18:30:00+00:00,1.3788500000000004,1.3789500000000003,1.3782500000000004,1.3785300000000003,3370
2026-05-28T19:00:00+00:00,1.3785300000000003,1.3786500000000004,1.3780400000000004,1.3780700000000004,2527
2026-05-28T19:30:00+00:00,1.3780700000000004,1.3785500000000004,1.3775600000000003,1.3784900000000004,4689
2026-05-28T20:00:00+00:00,1.3784900000000004,1.3786200000000004,1.3782300000000003,1.3785900000000004,2001
2026-05-28T20:30:00+00:00,1.3785900000000004,1.3789000000000002,1.3783400000000003,1.3784500000000004,2331
2026-05-28T21:00:00+00:00,1.3784500000000004,1.3784500000000004,1.3773300000000004,1.3777500000000003,260.1355799130507
2026-05-28T21:30:00+00:00,1.3777500000000003,1.3786600000000004,1.3773600000000004,1.3784100000000004,1797
2026-05-28T22:00:00+00:00,1.3784100000000004,1.3786800000000003,1.3783600000000003,1.3785100000000003,1928
2026-05-28T22:30:00+00:00,1.3785100000000003,1.3785900000000004,1.3783900000000004,1.3785700000000003,734
2026-05-28T23:00:00+00:00,1.3785700000000003,1.3785900000000004,1.3783400000000003,1.3784700000000003,983
2026-05-28T23:30:00+00:00,1.3784700000000003,1.3786000000000003,1.3783700000000003,1.3785200000000004,1368
2026-05-29T00:00:00+00:00,1.3785200000000004,1.3785200000000004,1.3781400000000004,1.3782200000000004,3182
2026-05-29T00:30:00+00:00,1.3782200000000004,1.3787800000000003,1.3782000000000003,1.3785900000000004,2857
2026-05-29T01:00:00+00:00,1.3785900000000004,1.3786600000000004,1.3779900000000003,1.3781800000000004,4775
2026-05-29T01:30:00+00:00,1.3781800000000004,1.3787000000000003,1.3781700000000003,1.3786900000000004,4156
2026-05-29T02:00:00+00:00,1.3786900000000004,1.3786900000000004,1.3783600000000003,1.3785400000000003,3362
2026-05-29T02:30:00+00:00,1.3785400000000003,1.3787800000000003,1.3784200000000004,1.3787200000000004,2173
2026-05-29T03:00:00+00:00,1.3787200000000004,1.3790900000000004,1.3787200000000004,1.3790200000000004,2834
2026-05-29T03:30:00+00:00,1.3790200000000004,1.3793300000000004,1.3789500000000003,1.3791400000000003,2360
2026-05-29T04:00:00+00:00,1.3791400000000003,1.3791900000000004,1.3789200000000004,1.3791800000000003,2081
2026-05-29T04:30:00+00:00,1.3791800000000003,1.3792600000000004,1.3788600000000004,1.3790900000000004,2297
2026-05-29T05:00:00+00:00,1.3790900000000004,1.3792400000000002,1.3787300000000005,1.3788700000000003,1881
2026-05-29T05:30:00+00:00,1.3788700000000003,1.3789900000000004,1.3786700000000003,1.3789300000000004,2770
2026-05-29T06:00:00+00:00,1.3789300000000004,1.3794700000000004,1.3786700000000003,1.3794600000000004,3133
2026-05-29T06:30:00+00:00,1.3794600000000004,1.3798000000000004,1.3793300000000004,1.3795200000000003,3962
2026-05-29T07:00:00+00:00,1.3795200000000003,1.3802600000000003,1.3795100000000002,1.3802200000000004,5624
2026-05-29T07:30:00+00:00,1.3802200000000004,1.3804800000000004,1.3799400000000004,1.3802600000000003,5000
2026-05-29T08:00:00+00:00,1.3802600000000003,1.3809400000000003,1.3802600000000003,1.3804800000000004,5948
2026-05-29T08:30:00+00:00,1.3804800000000004,1.3809600000000004,1.3801300000000003,1.3807400000000003,4423
2026-05-29T09:00:00+00:00,1.3807400000000003,1.3811300000000004,1.3805800000000004,1.3810100000000003,4048
2026-05-29T09:30:00+00:00,1.3810100000000003,1.3811100000000003,1.3807300000000002,1.3809900000000004,4616
2026-05-29T10:00:00+00:00,1.3809900000000004,1.3812600000000004,1.3807300000000002,1.3807800000000003,4690
2026-05-29T10:30:00+00:00,1.3807800000000003,1.3812400000000002,1.3806400000000003,1.3810200000000004,3394
2026-05-29T11:00:00+00:00,1.3810200000000004,1.3816700000000004,1.3810200000000004,1.3814100000000002,4267
2026-05-29T11:30:00+00:00,1.3814100000000002,1.3816400000000004,1.3801600000000003,1.3802400000000004,5324
2026-05-29T12:00:00+00:00,1.3802400000000004,1.3811100000000003,1.3801400000000004,1.3809100000000003,5181
2026-05-29T12:30:00+00:00,1.3809100000000003,1.3831300000000004,1.3809100000000003,1.3819900000000003,9294
2026-05-29T13:00:00+00:00,1.3819900000000003,1.3822700000000003,1.3807000000000003,1.3810900000000004,6848
2026-05-29T13:30:00+00:00,1.3810900000000004,1.3819200000000003,1.3803800000000004,1.3814500000000003,8800
2026-05-29T14:00:00+00:00,1.3814500000000003,1.3818200000000003,1.3801400000000004,1.3805700000000003,10484
2026-05-29T14:30:00+00:00,1.3805700000000003,1.3812300000000004,1.3772000000000004,1.3777800000000004,18569
2026-05-29T15:00:00+00:00,1.3777800000000004,1.3790600000000004,1.3776000000000004,1.3787200000000004,13984
2026-05-29T15:30:00+00:00,1.3787200000000004,1.3787200000000004,1.3777800000000004,1.3786600000000004,9963
2026-05-29T16:00:00+00:00,1.3786600000000004,1.3799000000000003,1.3785400000000003,1.3798100000000004,6568
2026-05-29T16:30:00+00:00,1.3798100000000004,1.3803900000000004,1.3794700000000004,1.3801000000000003,7713
2026-05-29T17:00:00+00:00,1.3801000000000003,1.3803100000000004,1.3798300000000003,1.3799600000000003,6909
2026-05-29T17:30:00+00:00,1.3799600000000003,1.3800300000000003,1.3793500000000003,1.3794900000000003,5148
2026-05-29T18:00:00+00:00,1.3794900000000003,1.3796200000000003,1.3789200000000004,1.3792800000000003,4652
2026-05-29T18:30:00+00:00,1.3792800000000003,1.3798600000000003,1.3788400000000003,1.3798500000000002,4752
2026-05-29T19:00:00+00:00,1.3798500000000002,1.3799700000000004,1.3787900000000004,1.3788000000000002,2732
2026-05-29T19:30:00+00:00,1.3788000000000002,1.3795100000000002,1.3787000000000003,1.3792000000000004,3765
2026-05-29T20:00:00+00:00,1.3792000000000004,1.3796200000000003,1.3786600000000004,1.3793900000000003,2536
2026-05-29T20:30:00+00:00,1.3793900000000003,1.3799100000000004,1.3788700000000003,1.3789000000000005,3338.456135770235
2026-05-31T21:00:00+00:00,1.3789000000000005,1.3791000000000004,1.3787300000000005,1.3789200000000004,129.37370998286144
2026-05-31T21:30:00+00:00,1.3789200000000004,1.3791400000000003,1.3769200000000001,1.3782900000000005,643.4058285107462
2026-05-31T22:00:00+00:00,1.3782900000000005,1.3789400000000005,1.3778600000000005,1.3785600000000007,695.7791066634122
2026-05-31T22:30:00+00:00,1.3785600000000007,1.3786600000000007,1.3782400000000006,1.3783100000000006,828
2026-05-31T23:00:00+00:00,1.3783100000000006,1.3785900000000006,1.3782500000000006,1.3782800000000006,1455
2026-05-31T23:30:00+00:00,1.3782800000000006,1.3785000000000005,1.3776800000000007,1.3784900000000007,2618
2026-06-01T00:00:00+00:00,1.3784900000000007,1.3794000000000006,1.3784600000000007,1.3791800000000005,6816
2026-06-01T00:30:00+00:00,1.3791800000000005,1.3794300000000006,1.3790600000000006,1.3792300000000006,7387
2026-06-01T01:00:00+00:00,1.3792300000000006,1.3797500000000007,1.3792000000000006,1.3795900000000005,8555
2026-06-01T01:30:00+00:00,1.3795900000000005,1.3797100000000007,1.3794200000000005,1.3796200000000005,6308
2026-06-01T02:00:00+00:00,1.3796200000000005,1.3797400000000006,1.3793700000000007,1.3797300000000006,2322
2026-06-01T02:30:00+00:00,1.3797300000000006,1.3799400000000006,1.3796200000000005,1.3796600000000006,5162
2026-06-01T03:00:00+00:00,1.3796600000000006,1.3799900000000005,1.3794700000000006,1.3795300000000006,2881
2026-06-01T03:30:00+00:00,1.3795300000000006,1.3801200000000007,1.3794500000000005,1.3800800000000006,2646
2026-06-01T04:00:00+00:00,1.3800800000000006,1.3801100000000006,1.3796500000000005,1.3796600000000006,1352
2026-06-01T04:30:00+00:00,1.3796600000000006,1.3798300000000006,1.3795800000000007,1.3796100000000007,1543
2026-06-01T05:00:00+00:00,1.3796100000000007,1.3796800000000007,1.3793900000000006,1.3796400000000006,2469
2026-06-01T05:30:00+00:00,1.3796400000000006,1.3797200000000005,1.3795100000000007,1.3796500000000005,2415
2026-06-01T06:00:00+00:00,1.3796500000000005,1.3796500000000005,1.3789200000000006,1.3791900000000006,3951
2026-06-01T06:30:00+00:00,1.3791900000000006,1.3796200000000005,1.3791300000000006,1.3791900000000006,4843
2026-06-01T07:00:00+00:00,1.3791900000000006,1.3799300000000005,1.3791800000000005,1.3798500000000007,4845
2026-06-01T07:30:00+00:00,1.3798500000000007,1.3807900000000006,1.3797900000000005,1.3801900000000007,4372
2026-06-01T08:00:00+00:00,1.3801900000000007,1.3806400000000005,1.3800600000000005,1.3804200000000006,4642
2026-06-01T08:30:00+00:00,1.3804200000000006,1.3806300000000007,1.3802100000000006,1.3802800000000006,3283
2026-06-01T09:00:00+00:00,1.3802800000000006,1.3810400000000005,1.3799600000000005,1.3808300000000007,4583
2026-06-01T09:30:00+00:00,1.3808300000000007,1.3810200000000006,1.3806100000000006,1.3806300000000007,4692
2026-06-01T10:00:00+00:00,1.3806300000000007,1.3810700000000007,1.3804700000000005,1.3807900000000006,4316
2026-06-01T10:30:00+00:00,1.3807900000000006,1.3812800000000005,1.3807000000000005,1.3811600000000006,4003
2026-06-01T11:00:00+00:00,1.3811600000000006,1.3818400000000006,1.3811600000000006,1.3813900000000006,3834
2026-06-01T11:30:00+00:00,1.3813900000000006,1.3823000000000005,1.3813800000000005,1.3818400000000006,3972
2026-06-01T12:00:00+00:00,1.3818400000000006,1.3825000000000005,1.3814000000000006,1.3824400000000006,4848
2026-06-01T12:30:00+00:00,1.3824400000000006,1.3826100000000006,1.3811700000000007,1.3813900000000006,7704
2026-06-01T13:00:00+00:00,1.3813900000000006,1.3832200000000006,1.3813900000000006,1.3823400000000006,13666
2026-06-01T13:30:00+00:00,1.3823400000000006,1.3836600000000006,1.3822600000000005,1.3830200000000006,11730
2026-06-01T14:00:00+00:00,1.3830200000000006,1.3837100000000007,1.3828400000000005,1.3830400000000005,9761
2026-06-01T14:30:00+00:00,1.3830400000000005,1.3835300000000006,1.3828000000000007,1.3828800000000006,6309
2026-06-01T15:00:00+00:00,1.3828800000000006,1.3829900000000006,1.3817800000000007,1.3818300000000006,5850
2026-06-01T15:30:00+00:00,1.3818300000000006,1.3828100000000005,1.3814500000000005,1.3825800000000006,7613
2026-06-01T16:00:00+00:00,1.3825800000000006,1.3831200000000006,1.3823300000000005,1.3824000000000005,4906
2026-06-01T16:30:00+00:00,1.3824000000000005,1.3826500000000006,1.3815200000000005,1.3816100000000007,6141
2026-06-01T17:00:00+00:00,1.3816100000000007,1.3820100000000006,1.3815000000000006,1.3816400000000006,4140
2026-06-01T17:30:00+00:00,1.3816400000000006,1.3820200000000007,1.3815000000000006,1.3819300000000005,5439
2026-06-01T18:00:00+00:00,1.3819300000000005,1.3823700000000005,1.3818900000000005,1.3823700000000005,2935
2026-06-01T18:30:00+00:00,1.3823700000000005,1.3829800000000005,1.3823700000000005,1.3829400000000005,3255
2026-06-01T19:00:00+00:00,1.3829400000000005,1.3830600000000006,1.3826600000000007,1.3827500000000006,2644
2026-06-01T19:30:00+00:00,1.3827500000000006,1.3827700000000005,1.3822700000000006,1.3825800000000006,3139
2026-06-01T20:00:00+00:00,1.3825800000000006,1.3829800000000005,1.3823700000000005,1.3828700000000005,2313
2026-06-01T20:30:00+00:00,1.3828700000000005,1.3829100000000005,1.3825000000000005,1.3827800000000006,2615
2026-06-01T21:00:00+00:00,1.3827800000000006,1.3827900000000006,1.3819000000000006,1.3827400000000007,374.27444160611884
2026-06-01T21:30:00+00:00,1.3827400000000007,1.3828000000000007,1.3819900000000007,1.3820300000000008,1423
2026-06-01T22:00:00+00:00,1.3820300000000008,1.3830300000000006,1.3820300000000008,1.3830200000000006,665
2026-06-01T22:30:00+00:00,1.3830200000000006,1.3830600000000006,1.3827200000000006,1.3828000000000007,651
2026-06-01T23:00:00+00:00,1.3828000000000007,1.3829500000000006,1.3826800000000006,1.3828500000000006,1044
2026-06-01T23:30:00+00:00,1.3828500000000006,1.3830900000000006,1.3827500000000006,1.3828900000000006,847
2026-06-02T00:00:00+00:00,1.3828900000000006,1.3831000000000007,1.3827800000000006,1.3830100000000007,2356
2026-06-02T00:30:00+00:00,1.3830100000000007,1.3833200000000005,1.3828200000000006,1.3832400000000007,1695
2026-06-02T01:00:00+00:00,1.3832400000000007,1.3833700000000007,1.3830400000000007,1.3832700000000007,3162
2026-06-02T01:30:00+00:00,1.3832700000000007,1.3835900000000008,1.3832300000000006,1.3834500000000007,2584
2026-06-02T02:00:00+00:00,1.3834500000000007,1.3835300000000006,1.3833000000000006,1.3833500000000007,2881
2026-06-02T02:30:00+00:00,1.3833500000000007,1.3835300000000006,1.3832900000000006,1.3835000000000006,2280
2026-06-02T03:00:00+00:00,1.3835000000000006,1.3835000000000006,1.3832800000000007,1.3833100000000007,2289
2026-06-02T03:30:00+00:00,1.3833100000000007,1.3834000000000006,1.3832100000000007,1.3832300000000006,2229
2026-06-02T04:00:00+00:00,1.3832300000000006,1.3833700000000007,1.3832000000000007,1.3833500000000007,2129
2026-06-02T04:30:00+00:00,1.3833500000000007,1.3833500000000007,1.3832000000000007,1.3832400000000007,1998
2026-06-02T05:00:00+00:00,1.3832400000000007,1.3832500000000008,1.3830200000000006,1.3831200000000006,2123
2026-06-02T05:30:00+00:00,1.3831200000000006,1.3833600000000006,1.3830300000000006,1.3833300000000006,1260
2026-06-02T06:00:00+00:00,1.3833300000000006,1.3834200000000008,1.3826700000000007,1.3827200000000006,4400
2026-06-02T06:30:00+00:00,1.3827200000000006,1.3827700000000007,1.3823300000000007,1.3824700000000008,5720
2026-06-02T07:00:00+00:00,1.3824700000000008,1.3829300000000007,1.3823100000000006,1.3828300000000007,6470
2026-06-02T07:30:00+00:00,1.3828300000000007,1.3829400000000007,1.3825000000000007,1.3827700000000007,4361
2026-06-02T08:00:00+00:00,1.3827700000000007,1.3832800000000007,1.3824100000000006,1.3831100000000007,3799
2026-06-02T08:30:00+00:00,1.3831100000000007,1.3836200000000007,1.3830500000000006,1.3835400000000007,2951
2026-06-02T09:00:00+00:00,1.3835400000000007,1.3842100000000006,1.3835100000000007,1.3839700000000006,3634
2026-06-02T09:30:00+00:00,1.3839700000000006,1.3840100000000006,1.3836600000000006,1.3838100000000007,4966
2026-06-02T10:00:00+00:00,1.3838100000000007,1.3840300000000008,1.3835600000000006,1.3838600000000008,5021
2026-06-02T10:30:00+00:00,1.3838600000000008,1.3841600000000007,1.3836800000000007,1.3840400000000006,4812
2026-06-02T11:00:00+00:00,1.3840400000000006,1.3841800000000006,1.3837700000000006,1.3839200000000007,3789
2026-06-02T11:30:00+00:00,1.3839200000000007,1.3839300000000005,1.3828000000000007,1.3828800000000006,4223
2026-06-02T12:00:00+00:00,1.3828800000000006,1.3830400000000007,1.3823400000000006,1.3830000000000007,4628
2026-06-02T12:30:00+00:00,1.3830000000000007,1.3834000000000006,1.3824200000000006,1.3824700000000008,4205
2026-06-02T13:00:00+00:00,1.3824700000000008,1.3825200000000006,1.3816800000000007,1.3818400000000006,7274
2026-06-02T13:30:00+00:00,1.3818400000000006,1.3825400000000005,1.3802700000000006,1.3818400000000006,9826
2026-06-02T14:00:00+00:00,1.3818400000000006,1.3831400000000007,1.3818200000000007,1.3828200000000006,8451
2026-06-02T14:30:00+00:00,1.3828200000000006,1.3828200000000006,1.3813000000000006,1.3819400000000006,9562
2026-06-02T15:00:00+00:00,1.3819400000000006,1.3823000000000008,1.3811800000000007,1.3817000000000006,6613
2026-06-02T15:30:00+00:00,1.3817000000000006,1.3818300000000006,1.3810700000000007,1.3811200000000006,4306
2026-06-02T16:00:00+00:00,1.3811200000000006,1.3815700000000006,1.3810700000000007,1.3814900000000006,4390
2026-06-02T16:30:00+00:00,1.3814900000000006,1.3822300000000007,1.3813800000000007,1.3820900000000007,4299
2026-06-02T17:00:00+00:00,1.3820900000000007,1.3827400000000007,1.3819700000000006,1.3822500000000006,3572
2026-06-02T17:30:00+00:00,1.3822500000000006,1.3827500000000006,1.3821300000000007,1.3826700000000007,2856
2026-06-02T18:00:00+00:00,1.3826700000000007,1.3828500000000006,1.3824400000000006,1.3825100000000006,2820
2026-06-02T18:30:00+00:00,1.3825100000000006,1.3825700000000007,1.3817100000000007,1.3819400000000006,4323
2026-06-02T19:00:00+00:00,1.3819400000000006,1.3821900000000007,1.3818400000000006,1.3820800000000006,2009
2026-06-02T19:30:00+00:00,1.3820800000000006,1.3824900000000007,1.3820600000000007,1.3823800000000006,2841
2026-06-02T20:00:00+00:00,1.3823800000000006,1.3825600000000007,1.3821700000000006,1.3824400000000006,1994
2026-06-02T20:30:00+00:00,1.3824400000000006,1.3827700000000007,1.3823100000000006,1.3826700000000007,2175
2026-06-02T21:00:00+00:00,1.3826700000000007,1.3831100000000007,1.3818100000000009,1.382500000000001,233.60009228687932
2026-06-02T21:30:00+00:00,1.382500000000001,1.383020000000001,1.382500000000001,1.382700000000001,1360
2026-06-02T22:00:00+00:00,1.382700000000001,1.383510000000001,1.382440000000001,1.3833000000000009,620
2026-06-02T22:30:00+00:00,1.3833000000000009,1.383390000000001,1.383180000000001,1.383390000000001,545
2026-06-02T23:00:00+00:00,1.383390000000001,1.383580000000001,1.383210000000001,1.383410000000001,1379
2026-06-02T23:30:00+00:00,1.383410000000001,1.383960000000001,1.3833700000000009,1.383850000000001,2492
2026-06-03T00:00:00+00:00,1.383850000000001,1.3839800000000009,1.383340000000001,1.3833700000000009,3138
2026-06-03T00:30:00+00:00,1.3833700000000009,1.383460000000001,1.383140000000001,1.383380000000001,1912
2026-06-03T01:00:00+00:00,1.383380000000001,1.383480000000001,1.383080000000001,1.383190000000001,2318
2026-06-03T01:30:00+00:00,1.383190000000001,1.383390000000001,1.3829300000000009,1.383290000000001,2141
2026-06-03T02:00:00+00:00,1.383290000000001,1.383520000000001,1.383020000000001,1.383500000000001,2152
2026-06-03T02:30:00+00:00,1.383500000000001,1.383970000000001,1.383420000000001,1.383730000000001,2849
2026-06-03T03:00:00+00:00,1.383730000000001,1.383870000000001,1.383620000000001,1.383830000000001,2138
2026-06-03T03:30:00+00:00,1.383830000000001,1.384070000000001,1.383800000000001,1.384060000000001,1588
2026-06-03T04:00:00+00:00,1.384060000000001,1.384160000000001,1.383960000000001,1.384140000000001,1664
2026-06-03T04:30:00+00:00,1.384140000000001,1.3843200000000009,1.384100000000001,1.384140000000001,2674
2026-06-03T05:00:00+00:00,1.384140000000001,1.384740000000001,1.384090000000001,1.384710000000001,1540
2026-06-03T05:30:00+00:00,1.384710000000001,1.384750000000001,1.384200000000001,1.384410000000001,3288
2026-06-03T06:00:00+00:00,1.384410000000001,1.385150000000001,1.3841500000000009,1.385020000000001,5548
2026-06-03T06:30:00+00:00,1.385020000000001,1.385040000000001,1.384310000000001,1.3845200000000009,5810
2026-06-03T07:00:00+00:00,1.3845200000000009,1.384940000000001,1.384430000000001,1.384850000000001,7843
2026-06-03T07:30:00+00:00,1.384850000000001,1.384880000000001,1.3839100000000009,1.384430000000001,6850
2026-06-03T08:00:00+00:00,1.384430000000001,1.384920000000001,1.384210000000001,1.384730000000001,4663
2026-06-03T08:30:00+00:00,1.384730000000001,1.3852300000000008,1.3845900000000009,1.385020000000001,5069
2026-06-03T09:00:00+00:00,1.385020000000001,1.385080000000001,1.384430000000001,1.384820000000001,5264
2026-06-03T09:30:00+00:00,1.384820000000001,1.385110000000001,1.3846200000000009,1.384990000000001,4159
2026-06-03T10:00:00+00:00,1.384990000000001,1.385010000000001,1.384000000000001,1.3844500000000008,6283
2026-06-03T10:30:00+00:00,1.3844500000000008,1.384550000000001,1.384110000000001,1.384510000000001,3094
2026-06-03T11:00:00+00:00,1.384510000000001,1.384750000000001,1.384300000000001,1.3846200000000009,4316
2026-06-03T11:30:00+00:00,1.3846200000000009,1.384840000000001,1.384290000000001,1.384720000000001,4851
2026-06-03T12:00:00+00:00,1.384720000000001,1.385070000000001,1.384670000000001,1.385020000000001,4997
2026-06-03T12:30:00+00:00,1.385020000000001,1.386300000000001,1.385000000000001,1.386050000000001,6503
2026-06-03T13:00:00+00:00,1.386050000000001,1.386810000000001,1.385730000000001,1.386130000000001,5632
2026-06-03T13:30:00+00:00,1.386130000000001,1.3869300000000009,1.385620000000001,1.386660000000001,10317
2026-06-03T14:00:00+00:00,1.386660000000001,1.386740000000001,1.3858100000000009,1.386020000000001,8373
2026-06-03T14:30:00+00:00,1.386020000000001,1.387280000000001,1.3860100000000009,1.387180000000001,8662
2026-06-03T15:00:00+00:00,1.387180000000001,1.3881800000000009,1.387110000000001,1.3875400000000009,7670
2026-06-03T15:30:00+00:00,1.3875400000000009,1.388570000000001,1.387420000000001,1.3884500000000009,7121
2026-06-03T16:00:00+00:00,1.3884500000000009,1.389150000000001,1.388440000000001,1.388840000000001,6221
2026-06-03T16:30:00+00:00,1.388840000000001,1.3891300000000009,1.388710000000001,1.388710000000001,5399
2026-06-03T17:00:00+00:00,1.388710000000001,1.388810000000001,1.388220000000001,1.388730000000001,3798
2026-06-03T17:30:00+00:00,1.388730000000001,1.389020000000001,1.3886200000000009,1.388920000000001,2604
2026-06-03T18:00:00+00:00,1.388920000000001,1.389270000000001,1.388900000000001,1.3891300000000009,2441
2026-06-03T18:30:00+00:00,1.3891300000000009,1.389180000000001,1.388560000000001,1.388820000000001,2860
2026-06-03T19:00:00+00:00,1.388820000000001,1.388920000000001,1.3885200000000009,1.388660000000001,3900
2026-06-03T19:30:00+00:00,1.388660000000001,1.389000000000001,1.388600000000001,1.3889600000000009,2903
2026-06-03T20:00:00+00:00,1.3889600000000009,1.389040000000001,1.388640000000001,1.3889600000000009,2718
2026-06-03T20:30:00+00:00,1.3889600000000009,1.389100000000001,1.3886200000000009,1.388910000000001,2779
2026-06-03T21:00:00+00:00,1.388910000000001,1.388910000000001,1.3885300000000012,1.3886300000000007,149.64757012531962
2026-06-03T21:30:00+00:00,1.3886300000000007,1.3887100000000008,1.3880000000000008,1.3880400000000008,695
2026-06-03T22:00:00+00:00,1.3880400000000008,1.3892200000000008,1.3880400000000008,1.3889700000000007,1092
2026-06-03T22:30:00+00:00,1.3889700000000007,1.3891200000000008,1.3881700000000008,1.3884200000000007,1498.2763466042154
2026-06-03T23:00:00+00:00,1.3884200000000007,1.3888400000000007,1.3882900000000007,1.3887400000000008,1680.2470331799468
2026-06-03T23:30:00+00:00,1.3887400000000008,1.3888100000000008,1.3885200000000006,1.3886300000000007,1351
2026-06-04T00:00:00+00:00,1.3886300000000007,1.3887300000000007,1.3881900000000007,1.3883700000000008,3991
2026-06-04T00:30:00+00:00,1.3883700000000008,1.3887500000000006,1.3883300000000007,1.3886300000000007,3171
2026-06-04T01:00:00+00:00,1.3886300000000007,1.3889400000000007,1.3885400000000008,1.3888700000000007,3737
2026-06-04T01:30:00+00:00,1.3888700000000007,1.3890900000000006,1.3886700000000007,1.3889000000000007,2659
2026-06-04T02:00:00+00:00,1.3889000000000007,1.3896100000000007,1.3888900000000006,1.3894300000000006,2708
2026-06-04T02:30:00+00:00,1.3894300000000006,1.3894600000000006,1.3889100000000008,1.3890700000000007,2316
2026-06-04T03:00:00+00:00,1.3890700000000007,1.3896500000000007,1.3890600000000006,1.3896000000000006,2556
2026-06-04T03:30:00+00:00,1.3896000000000006,1.3896900000000008,1.3892400000000007,1.3893000000000006,2703
2026-06-04T04:00:00+00:00,1.3893000000000006,1.3895400000000007,1.3892700000000007,1.3894900000000008,1787
2026-06-04T04:30:00+00:00,1.3894900000000008,1.3897100000000007,1.3891400000000007,1.3896100000000007,2750
2026-06-04T05:00:00+00:00,1.3896100000000007,1.3901900000000007,1.3895500000000007,1.3901000000000008,2841
2026-06-04T05:30:00+00:00,1.3901000000000008,1.3901300000000008,1.3896300000000006,1.3896600000000008,2535
2026-06-04T06:00:00+00:00,1.3896600000000008,1.3900300000000008,1.3893900000000008,1.3898100000000007,5100
2026-06-04T06:30:00+00:00,1.3898100000000007,1.3905900000000007,1.3894900000000008,1.3902300000000007,6271
2026-06-04T07:00:00+00:00,1.3902300000000007,1.3910600000000006,1.3900000000000008,1.3910400000000007,5906
2026-06-04T07:30:00+00:00,1.3910400000000007,1.3917900000000007,1.3910100000000007,1.3915100000000007,7044
2026-06-04T08:00:00+00:00,1.3915100000000007,1.3915100000000007,1.3907500000000006,1.3908500000000006,5578
2026-06-04T08:30:00+00:00,1.3908500000000006,1.3912300000000006,1.3906600000000007,1.3909100000000008,4530
2026-06-04T09:00:00+00:00,1.3909100000000008,1.3909400000000007,1.3897200000000007,1.3898200000000007,7000
2026-06-04T09:30:00+00:00,1.3898200000000007,1.3899300000000008,1.3892200000000008,1.3892700000000007,5538
2026-06-04T10:00:00+00:00,1.3892700000000007,1.3896100000000007,1.3890300000000007,1.3893000000000006,5516
2026-06-04T10:30:00+00:00,1.3893000000000006,1.3894600000000006,1.3889400000000007,1.3892900000000008,4912
2026-06-04T11:00:00+00:00,1.3892900000000008,1.3892900000000008,1.3884600000000007,1.3884900000000007,6223
2026-06-04T11:30:00+00:00,1.3884900000000007,1.3888700000000007,1.3882500000000007,1.3887200000000006,5011
2026-06-04T12:00:00+00:00,1.3887200000000006,1.3890900000000006,1.3883300000000007,1.3884600000000007,7540
2026-06-04T12:30:00+00:00,1.3884600000000007,1.3887700000000007,1.3880600000000007,1.3883400000000008,5949
2026-06-04T13:00:00+00:00,1.3883400000000008,1.3887600000000007,1.3881000000000008,1.3885000000000007,7044
2026-06-04T13:30:00+00:00,1.3885000000000007,1.3886300000000007,1.3873500000000007,1.3879800000000007,9554
2026-06-04T14:00:00+00:00,1.3879800000000007,1.3883000000000008,1.3877600000000008,1.3882100000000006,6745
2026-06-04T14:30:00+00:00,1.3882100000000006,1.3890400000000007,1.3882100000000006,1.3886700000000007,7888
2026-06-04T15:00:00+00:00,1.3886700000000007,1.3897700000000006,1.3885000000000007,1.3894100000000007,6901
2026-06-04T15:30:00+00:00,1.3894100000000007,1.3894900000000008,1.3882800000000006,1.3883300000000007,5340
2026-06-04T16:00:00+00:00,1.3883300000000007,1.3888900000000006,1.3881900000000007,1.3886600000000007,5021
2026-06-04T16:30:00+00:00,1.3886600000000007,1.3891400000000007,1.3886300000000007,1.3889000000000007,5535
2026-06-04T17:00:00+00:00,1.3889000000000007,1.3892800000000007,1.3887900000000006,1.3892600000000006,4048
2026-06-04T17:30:00+00:00,1.3892600000000006,1.3895000000000006,1.3891800000000007,1.3893600000000006,3521
2026-06-04T18:00:00+00:00,1.3893600000000006,1.3894400000000007,1.3890500000000008,1.3893100000000007,3383
2026-06-04T18:30:00+00:00,1.3893100000000007,1.3893900000000008,1.3887800000000008,1.3891900000000006,4303
2026-06-04T19:00:00+00:00,1.3891900000000006,1.3896400000000007,1.3890200000000006,1.3895900000000008,3389
2026-06-04T19:30:00+00:00,1.3895900000000008,1.3897600000000008,1.3893700000000007,1.3896500000000007,3315
2026-06-04T20:00:00+00:00,1.3896500000000007,1.3904200000000007,1.3896300000000006,1.3901300000000008,1910
2026-06-04T20:30:00+00:00,1.3901300000000008,1.3903000000000008,1.3899100000000006,1.3900800000000006,1647
2026-06-04T21:00:00+00:00,1.3900800000000006,1.3900800000000006,1.3887600000000004,1.3899800000000004,1465.1722353266189
2026-06-04T21:30:00+00:00,1.3899800000000004,1.3901200000000002,1.3889400000000003,1.3890300000000004,1121
2026-06-04T22:00:00+00:00,1.3890300000000004,1.3899100000000004,1.3890300000000004,1.3897900000000003,744
2026-06-04T22:30:00+00:00,1.3897900000000003,1.3899500000000002,1.3897100000000004,1.3898500000000003,438
2026-06-04T23:00:00+00:00,1.3898500000000003,1.3898600000000003,1.3896800000000002,1.3897200000000003,1286
2026-06-04T23:30:00+00:00,1.3897200000000003,1.3899500000000002,1.3896900000000003,1.3897900000000003,1972
2026-06-05T00:00:00+00:00,1.3897900000000003,1.3898800000000002,1.3895300000000004,1.3898200000000003,3539
2026-06-05T00:30:00+00:00,1.3898200000000003,1.3899200000000003,1.3895300000000004,1.3897000000000004,2052
2026-06-05T01:00:00+00:00,1.3897000000000004,1.3902900000000002,1.3896900000000003,1.3900700000000004,3532
2026-06-05T01:30:00+00:00,1.3900700000000004,1.3901200000000002,1.3893600000000004,1.3894700000000004,2576
2026-06-05T02:00:00+00:00,1.3894700000000004,1.3895600000000004,1.3891100000000003,1.3891600000000004,1458
2026-06-05T02:30:00+00:00,1.3891600000000004,1.3893600000000004,1.3891300000000004,1.3892300000000004,1565
2026-06-05T03:00:00+00:00,1.3892300000000004,1.3895000000000004,1.3891700000000002,1.3894800000000003,1976
2026-06-05T03:30:00+00:00,1.3894800000000003,1.3896500000000003,1.3893800000000003,1.3895800000000003,1650
2026-06-05T04:00:00+00:00,1.3895800000000003,1.3895800000000003,1.3893300000000004,1.3895500000000003,1764
2026-06-05T04:30:00+00:00,1.3895500000000003,1.3896200000000003,1.3893100000000003,1.3894500000000003,1435
2026-06-05T05:00:00+00:00,1.3894500000000003,1.3895800000000003,1.3893900000000003,1.3895200000000003,1503
2026-06-05T05:30:00+00:00,1.3895200000000003,1.3896600000000003,1.3892700000000002,1.3896200000000003,1579
2026-06-05T06:00:00+00:00,1.3896200000000003,1.3899800000000004,1.3894600000000004,1.3895000000000004,3349
2026-06-05T06:30:00+00:00,1.3895000000000004,1.3895200000000003,1.3887700000000003,1.3890300000000004,3402
2026-06-05T07:00:00+00:00,1.3890300000000004,1.3891200000000004,1.3878500000000003,1.3879600000000003,5036
2026-06-05T07:30:00+00:00,1.3879600000000003,1.3880400000000004,1.3874200000000003,1.3878300000000003,6407
2026-06-05T08:00:00+00:00,1.3878300000000003,1.3878400000000004,1.3873300000000004,1.3876500000000003,7293
2026-06-05T08:30:00+00:00,1.3876500000000003,1.3880800000000004,1.3875000000000004,1.3879200000000003,4228
2026-06-05T09:00:00+00:00,1.3879200000000003,1.3880100000000004,1.3869800000000003,1.3870100000000003,6642
2026-06-05T09:30:00+00:00,1.3870100000000003,1.3870400000000003,1.3863600000000003,1.3866000000000003,3823
2026-06-05T10:00:00+00:00,1.3866000000000003,1.3867400000000003,1.3858600000000003,1.3863900000000002,3151
2026-06-05T10:30:00+00:00,1.3863900000000002,1.3867700000000003,1.3861900000000003,1.3867100000000003,3849
2026-06-05T11:00:00+00:00,1.3867100000000003,1.3873300000000004,1.3867100000000003,1.3868600000000004,4336
2026-06-05T11:30:00+00:00,1.3868600000000004,1.3873700000000004,1.3866700000000003,1.3870400000000003,4425
2026-06-05T12:00:00+00:00,1.3870400000000003,1.3884600000000002,1.3866500000000004,1.3877800000000002,5255
2026-06-05T12:30:00+00:00,1.3877800000000002,1.3886100000000003,1.3856800000000002,1.3885300000000003,12998
2026-06-05T13:00:00+00:00,1.3885300000000003,1.3890200000000004,1.3878600000000003,1.3882600000000003,12541
2026-06-05T13:30:00+00:00,1.3882600000000003,1.3895100000000002,1.3882500000000004,1.3894400000000002,11407
2026-06-05T14:00:00+00:00,1.3894400000000002,1.3910200000000004,1.3890000000000002,1.3909300000000004,10560
2026-06-05T14:30:00+00:00,1.3909300000000004,1.3909500000000004,1.3902700000000003,1.3907700000000003,8645
2026-06-05T15:00:00+00:00,1.3907700000000003,1.3916000000000004,1.3904200000000004,1.3914100000000003,8063
2026-06-05T15:30:00+00:00,1.3914100000000003,1.3929300000000004,1.3914100000000003,1.3923400000000004,7406
2026-06-05T16:00:00+00:00,1.3923400000000004,1.3932600000000004,1.3922400000000004,1.3931300000000004,6598
2026-06-05T16:30:00+00:00,1.3931300000000004,1.3934800000000003,1.3925700000000003,1.3927100000000003,5147
2026-06-05T17:00:00+00:00,1.3927100000000003,1.3932800000000003,1.3925900000000004,1.3927200000000004,7058
2026-06-05T17:30:00+00:00,1.3927200000000004,1.3934600000000004,1.3926000000000003,1.3933400000000002,5376
2026-06-05T18:00:00+00:00,1.3933400000000002,1.3936800000000005,1.3932300000000004,1.3936500000000005,3903.8062088428974
2026-06-05T18:30:00+00:00,1.3936500000000005,1.3940400000000004,1.3932500000000005,1.3940400000000004,4386
2026-06-05T19:00:00+00:00,1.3940400000000004,1.3941400000000004,1.3935900000000006,1.3936500000000005,3638
2026-06-05T19:30:00+00:00,1.3936500000000005,1.3939300000000006,1.3931200000000004,1.3933500000000005,3764
2026-06-05T20:00:00+00:00,1.3933500000000005,1.3941000000000006,1.3930600000000004,1.3932100000000005,2257
2026-06-05T20:30:00+00:00,1.3932100000000005,1.3935300000000004,1.3925300000000005,1.3927400000000005,1926.8408625631228
2026-06-07T21:00:00+00:00,1.3927400000000005,1.3928800000000003,1.3924500000000002,1.3926300000000005,518.47570503503
2026-06-07T21:30:00+00:00,1.3926300000000005,1.3929400000000007,1.391930000000001,1.3924400000000008,3862.0503124086054
2026-06-07T22:00:00+00:00,1.3924400000000008,1.3938600000000008,1.3924400000000008,1.3938200000000007,2196
2026-06-07T22:30:00+00:00,1.3938200000000007,1.3942800000000006,1.3936200000000007,1.3942400000000008,1942
2026-06-07T23:00:00+00:00,1.3942400000000008,1.3942600000000007,1.3935000000000006,1.3939200000000007,2386
2026-06-07T23:30:00+00:00,1.3939200000000007,1.3939800000000007,1.3934300000000006,1.3935700000000006,3259
2026-06-08T00:00:00+00:00,1.3935700000000006,1.3936700000000006,1.3933700000000007,1.3934900000000008,2889
2026-06-08T00:30:00+00:00,1.3934900000000008,1.3935000000000006,1.3928800000000008,1.3929000000000007,3067
2026-06-08T01:00:00+00:00,1.3929000000000007,1.3939500000000007,1.3928700000000007,1.3938500000000007,6381
2026-06-08T01:30:00+00:00,1.3938500000000007,1.3942600000000007,1.3935600000000008,1.3937200000000007,6763
2026-06-08T02:00:00+00:00,1.3937200000000007,1.3941700000000008,1.3935600000000008,1.3936400000000007,3617
2026-06-08T02:30:00+00:00,1.3936400000000007,1.3938400000000006,1.3934800000000007,1.3937100000000007,3758
2026-06-08T03:00:00+00:00,1.3937100000000007,1.3940300000000008,1.3936800000000007,1.3938900000000007,2711
2026-06-08T03:30:00+00:00,1.3938900000000007,1.3939800000000007,1.3936100000000007,1.3936100000000007,1999
2026-06-08T04:00:00+00:00,1.3936100000000007,1.3938000000000008,1.3933000000000006,1.3935000000000006,2387
2026-06-08T04:30:00+00:00,1.3935000000000006,1.3937200000000007,1.3933800000000007,1.3934100000000007,2577
2026-06-08T05:00:00+00:00,1.3934100000000007,1.3934100000000007,1.3926500000000006,1.3928900000000006,3882
2026-06-08T05:30:00+00:00,1.3928900000000006,1.3939300000000008,1.3928800000000008,1.3937400000000006,6541
2026-06-08T06:00:00+00:00,1.3937400000000006,1.3939700000000008,1.3934200000000008,1.3938000000000008,8340
2026-06-08T06:30:00+00:00,1.3938000000000008,1.3940400000000006,1.3933100000000007,1.3936100000000007,6392
2026-06-08T07:00:00+00:00,1.3936100000000007,1.3937300000000008,1.3927600000000007,1.3929100000000008,8243
2026-06-08T07:30:00+00:00,1.3929100000000008,1.3942000000000008,1.3929100000000008,1.3941900000000007,6704
2026-06-08T08:00:00+00:00,1.3941900000000007,1.3942400000000008,1.3936700000000006,1.3936900000000008,5939
2026-06-08T08:30:00+00:00,1.3936900000000008,1.3942800000000006,1.3936800000000007,1.3941600000000007,5329
2026-06-08T09:00:00+00:00,1.3941600000000007,1.3942400000000008,1.3936300000000008,1.3942300000000007,5444
2026-06-08T09:30:00+00:00,1.3942300000000007,1.3944300000000007,1.3934500000000007,1.3937500000000007,6226
2026-06-08T10:00:00+00:00,1.3937500000000007,1.3939400000000006,1.3932900000000008,1.3934900000000008,5054
2026-06-08T10:30:00+00:00,1.3934900000000008,1.3937600000000008,1.3930700000000007,1.3932700000000007,5140
2026-06-08T11:00:00+00:00,1.3932700000000007,1.3934500000000007,1.3920900000000007,1.3923300000000007,5734
2026-06-08T11:30:00+00:00,1.3923300000000007,1.3930000000000007,1.3920400000000006,1.3928900000000006,4793
2026-06-08T12:00:00+00:00,1.3928900000000006,1.3929300000000007,1.3919900000000007,1.3923000000000008,7008
2026-06-08T12:30:00+00:00,1.3923000000000008,1.3924400000000008,1.3916700000000006,1.3921900000000007,5298
2026-06-08T13:00:00+00:00,1.3921900000000007,1.3926700000000007,1.3921000000000008,1.3922000000000008,6866
2026-06-08T13:30:00+00:00,1.3922000000000008,1.3934300000000006,1.3917400000000006,1.3930600000000006,10041
2026-06-08T14:00:00+00:00,1.3930600000000006,1.3940900000000007,1.3926500000000006,1.3936600000000008,10353
2026-06-08T14:30:00+00:00,1.3936600000000008,1.3937500000000007,1.3930800000000008,1.3932800000000007,9507
2026-06-08T15:00:00+00:00,1.3932800000000007,1.3940800000000007,1.3927900000000006,1.3940700000000008,9837
2026-06-08T15:30:00+00:00,1.3940700000000008,1.3944300000000007,1.3939800000000007,1.3941100000000006,6675
2026-06-08T16:00:00+00:00,1.3941100000000006,1.3943300000000007,1.3940400000000006,1.3942500000000007,4687
2026-06-08T16:30:00+00:00,1.3942500000000007,1.3944700000000008,1.3939100000000006,1.3944300000000007,4715
2026-06-08T17:00:00+00:00,1.3944300000000007,1.3948300000000007,1.3943800000000006,1.3946000000000007,5348
2026-06-08T17:30:00+00:00,1.3946000000000007,1.3951600000000006,1.3942800000000006,1.3943400000000008,5667
2026-06-08T18:00:00+00:00,1.3943400000000008,1.3943400000000008,1.3936300000000008,1.3939100000000006,5125
2026-06-08T18:30:00+00:00,1.3939100000000006,1.3947100000000008,1.3938600000000008,1.3946200000000006,3967
2026-06-08T19:00:00+00:00,1.3946200000000006,1.3947000000000007,1.3942900000000007,1.3943800000000006,3980
2026-06-08T19:30:00+00:00,1.3943800000000006,1.3946300000000007,1.3940800000000007,1.3942400000000008,5547
2026-06-08T20:00:00+00:00,1.3942400000000008,1.3942900000000007,1.3940300000000008,1.3940800000000007,2591
2026-06-08T20:30:00+00:00,1.3940800000000007,1.3944900000000007,1.3940500000000007,1.3942300000000007,1799
2026-06-08T21:00:00+00:00,1.3942300000000007,1.3942300000000007,1.392460000000001,1.392460000000001,2837.5399273144335
2026-06-08T21:30:00+00:00,1.392460000000001,1.393420000000001,1.3923000000000012,1.3923800000000013,4333.237251880913
2026-06-08T22:00:00+00:00,1.3923800000000013,1.3940400000000013,1.3923800000000013,1.3940300000000012,977
2026-06-08T22:30:00+00:00,1.3940300000000012,1.3940700000000013,1.3938200000000012,1.3938300000000012,639.7057130522378
2026-06-08T23:00:00+00:00,1.3938300000000012,1.3942000000000012,1.3938300000000012,1.3941800000000013,598
2026-06-08T23:30:00+00:00,1.3941800000000013,1.3944700000000012,1.3941800000000013,1.3944400000000012,1981
2026-06-09T00:00:00+00:00,1.3944400000000012,1.3946000000000012,1.3942800000000013,1.3943800000000013,5710
2026-06-09T00:30:00+00:00,1.3943800000000013,1.3945000000000012,1.3938700000000013,1.3939200000000012,3408
2026-06-09T01:00:00+00:00,1.3939200000000012,1.3942600000000012,1.3935100000000011,1.393640000000001,4446
2026-06-09T01:30:00+00:00,1.393640000000001,1.3936700000000013,1.3932400000000011,1.3932600000000013,3841
2026-06-09T02:00:00+00:00,1.3932600000000013,1.3935000000000013,1.3931300000000013,1.3933300000000013,3458
2026-06-09T02:30:00+00:00,1.3933300000000013,1.3934800000000012,1.3932200000000012,1.3933800000000012,2703
2026-06-09T03:00:00+00:00,1.3933800000000012,1.3937300000000012,1.3931900000000013,1.3935000000000013,2558
2026-06-09T03:30:00+00:00,1.3935000000000013,1.3937300000000012,1.3934300000000013,1.3934400000000011,2464
2026-06-09T04:00:00+00:00,1.3934400000000011,1.3935900000000012,1.3932600000000013,1.3932700000000011,2153
2026-06-09T04:30:00+00:00,1.3932700000000011,1.3933400000000011,1.3929000000000011,1.3930600000000013,2665
2026-06-09T05:00:00+00:00,1.3930600000000013,1.3934000000000013,1.3929000000000011,1.3931000000000011,2540
2026-06-09T05:30:00+00:00,1.3931000000000011,1.3931100000000012,1.392250000000001,1.3923500000000013,3746
2026-06-09T06:00:00+00:00,1.3923500000000013,1.3925100000000012,1.3916800000000011,1.3921300000000012,4648
2026-06-09T06:30:00+00:00,1.3921300000000012,1.3924700000000012,1.3919700000000013,1.3923300000000012,4798
2026-06-09T07:00:00+00:00,1.3923300000000012,1.392760000000001,1.3922300000000012,1.3923800000000013,6439
2026-06-09T07:30:00+00:00,1.3923800000000013,1.3926800000000013,1.3922900000000011,1.3925400000000012,5320
2026-06-09T08:00:00+00:00,1.3925400000000012,1.3930500000000012,1.3924000000000012,1.3927500000000013,6507
2026-06-09T08:30:00+00:00,1.3927500000000013,1.3927900000000013,1.3924100000000013,1.3924500000000013,4002
2026-06-09T09:00:00+00:00,1.3924500000000013,1.3925200000000013,1.391980000000001,1.3924600000000011,4075
2026-06-09T09:30:00+00:00,1.3924600000000011,1.3925200000000013,1.3921900000000011,1.3923200000000011,2860
2026-06-09T10:00:00+00:00,1.3923200000000011,1.3925300000000012,1.3919000000000012,1.3920000000000012,3946
2026-06-09T10:30:00+00:00,1.3920000000000012,1.3921100000000013,1.3918200000000012,1.3919700000000013,2433
2026-06-09T11:00:00+00:00,1.3919700000000013,1.3921100000000013,1.3914500000000012,1.3915300000000013,3334
2026-06-09T11:30:00+00:00,1.3915300000000013,1.3916200000000012,1.3906300000000011,1.3908000000000011,4625
2026-06-09T12:00:00+00:00,1.3908000000000011,1.3910600000000013,1.3905700000000012,1.3910600000000013,4976
2026-06-09T12:30:00+00:00,1.3910600000000013,1.3910800000000012,1.3905300000000012,1.3908100000000012,3677
2026-06-09T13:00:00+00:00,1.3908100000000012,1.3919000000000012,1.3906700000000012,1.3916200000000012,4627
2026-06-09T13:30:00+00:00,1.3916200000000012,1.392590000000001,1.3914600000000013,1.3924900000000011,8220
2026-06-09T14:00:00+00:00,1.3924900000000011,1.3936500000000012,1.3920300000000012,1.3936100000000011,9000
2026-06-09T14:30:00+00:00,1.3936100000000011,1.3943400000000012,1.3932700000000011,1.3933900000000012,11192
2026-06-09T15:00:00+00:00,1.3933900000000012,1.3940300000000012,1.3928300000000011,1.393980000000001,9198
2026-06-09T15:30:00+00:00,1.393980000000001,1.3950200000000013,1.3938200000000012,1.3944800000000013,10878
2026-06-09T16:00:00+00:00,1.3944800000000013,1.3955800000000012,1.3941800000000013,1.3947300000000011,8705
2026-06-09T16:30:00+00:00,1.3947300000000011,1.3955100000000011,1.3944300000000012,1.3947300000000011,12771
2026-06-09T17:00:00+00:00,1.3947300000000011,1.3948900000000013,1.3940900000000012,1.3942600000000012,8674
2026-06-09T17:30:00+00:00,1.3942600000000012,1.3943300000000012,1.3937600000000012,1.3938900000000012,7722
2026-06-09T18:00:00+00:00,1.3938900000000012,1.3940200000000011,1.3934500000000012,1.3937500000000012,6057
2026-06-09T18:30:00+00:00,1.3937500000000012,1.3941900000000012,1.3935400000000011,1.3939000000000012,5068
2026-06-09T19:00:00+00:00,1.3939000000000012,1.3943100000000013,1.3938300000000012,1.3940500000000011,5621
2026-06-09T19:30:00+00:00,1.3940500000000011,1.3941000000000012,1.3933800000000012,1.3933800000000012,6151
2026-06-09T20:00:00+00:00,1.3933800000000012,1.3937800000000011,1.3931900000000013,1.3937800000000011,3280
2026-06-09T20:30:00+00:00,1.3937800000000011,1.3938200000000012,1.3934500000000012,1.3934500000000012,2644
2026-06-09T21:00:00+00:00,1.3934500000000012,1.3934500000000012,1.392720000000001,1.393240000000001,156.0029196218808
2026-06-09T21:30:00+00:00,1.393240000000001,1.393440000000001,1.392510000000001,1.393010000000001,428
2026-06-09T22:00:00+00:00,1.393010000000001,1.393790000000001,1.3929600000000009,1.393540000000001,930
2026-06-09T22:30:00+00:00,1.393540000000001,1.393960000000001,1.393500000000001,1.393960000000001,1067
2026-06-09T23:00:00+00:00,1.393960000000001,1.3942500000000009,1.393690000000001,1.394240000000001,1484
2026-06-09T23:30:00+00:00,1.394240000000001,1.394270000000001,1.393870000000001,1.393930000000001,2039
2026-06-10T00:00:00+00:00,1.393930000000001,1.394310000000001,1.393360000000001,1.393540000000001,5938
2026-06-10T00:30:00+00:00,1.393540000000001,1.394230000000001,1.393360000000001,1.393460000000001,4145
2026-06-10T01:00:00+00:00,1.393460000000001,1.394030000000001,1.393410000000001,1.393680000000001,6022
2026-06-10T01:30:00+00:00,1.393680000000001,1.393930000000001,1.393440000000001,1.393730000000001,4657
2026-06-10T02:00:00+00:00,1.393730000000001,1.393760000000001,1.393260000000001,1.393270000000001,3252
2026-06-10T02:30:00+00:00,1.393270000000001,1.393710000000001,1.3932000000000009,1.393660000000001,3259
2026-06-10T03:00:00+00:00,1.393660000000001,1.393690000000001,1.393120000000001,1.393440000000001,2364
2026-06-10T03:30:00+00:00,1.393440000000001,1.3935700000000009,1.393060000000001,1.3932000000000009,2657
2026-06-10T04:00:00+00:00,1.3932000000000009,1.393540000000001,1.3931300000000009,1.3933700000000009,2229
2026-06-10T04:30:00+00:00,1.3933700000000009,1.393560000000001,1.393320000000001,1.393350000000001,2327
2026-06-10T05:00:00+00:00,1.393350000000001,1.393520000000001,1.393070000000001,1.393090000000001,2576
2026-06-10T05:30:00+00:00,1.393090000000001,1.393170000000001,1.392680000000001,1.392820000000001,3314
2026-06-10T06:00:00+00:00,1.392820000000001,1.392940000000001,1.3925900000000009,1.392850000000001,4240
2026-06-10T06:30:00+00:00,1.392850000000001,1.392890000000001,1.392260000000001,1.392810000000001,3928
2026-06-10T07:00:00+00:00,1.392810000000001,1.393050000000001,1.3920800000000009,1.392370000000001,4993
2026-06-10T07:30:00+00:00,1.392370000000001,1.392430000000001,1.391840000000001,1.392330000000001,5766
2026-06-10T08:00:00+00:00,1.392330000000001,1.3926200000000009,1.391530000000001,1.391560000000001,7029
2026-06-10T08:30:00+00:00,1.391560000000001,1.392140000000001,1.391520000000001,1.391800000000001,6188
2026-06-10T09:00:00+00:00,1.391800000000001,1.392110000000001,1.391690000000001,1.3917400000000009,4606
2026-06-10T09:30:00+00:00,1.3917400000000009,1.391770000000001,1.390970000000001,1.391250000000001,4495
2026-06-10T10:00:00+00:00,1.391250000000001,1.391620000000001,1.391140000000001,1.391290000000001,4304
2026-06-10T10:30:00+00:00,1.391290000000001,1.391680000000001,1.391160000000001,1.391670000000001,3860
2026-06-10T11:00:00+00:00,1.391670000000001,1.392120000000001,1.391240000000001,1.391490000000001,8008
2026-06-10T11:30:00+00:00,1.391490000000001,1.392050000000001,1.391350000000001,1.391930000000001,4184
2026-06-10T12:00:00+00:00,1.391930000000001,1.3922500000000009,1.391120000000001,1.3913000000000009,6149
2026-06-10T12:30:00+00:00,1.3913000000000009,1.392290000000001,1.390870000000001,1.392220000000001,7649
2026-06-10T13:00:00+00:00,1.392220000000001,1.392450000000001,1.3904200000000009,1.390460000000001,8939
2026-06-10T13:30:00+00:00,1.390460000000001,1.3905200000000009,1.388480000000001,1.390160000000001,11217
2026-06-10T14:00:00+00:00,1.390160000000001,1.391170000000001,1.389790000000001,1.3909600000000009,9585
2026-06-10T14:30:00+00:00,1.3909600000000009,1.391500000000001,1.390550000000001,1.3914000000000009,11869
2026-06-10T15:00:00+00:00,1.3914000000000009,1.392100000000001,1.390800000000001,1.3915400000000009,11231
2026-06-10T15:30:00+00:00,1.3915400000000009,1.3924200000000009,1.391270000000001,1.391520000000001,13239
2026-06-10T16:00:00+00:00,1.391520000000001,1.391820000000001,1.391170000000001,1.391310000000001,10365
2026-06-10T16:30:00+00:00,1.391310000000001,1.3918100000000009,1.391080000000001,1.391710000000001,7074
2026-06-10T17:00:00+00:00,1.391710000000001,1.392160000000001,1.391390000000001,1.391790000000001,5691
2026-06-10T17:30:00+00:00,1.391790000000001,1.3921500000000009,1.391480000000001,1.391610000000001,5851
2026-06-10T18:00:00+00:00,1.391610000000001,1.391940000000001,1.3911300000000009,1.3918100000000009,5153
2026-06-10T18:30:00+00:00,1.3918100000000009,1.392290000000001,1.391800000000001,1.392260000000001,5103
2026-06-10T19:00:00+00:00,1.392260000000001,1.392660000000001,1.3921500000000009,1.392640000000001,4596
2026-06-10T19:30:00+00:00,1.392640000000001,1.393150000000001,1.392380000000001,1.393120000000001,5638
2026-06-10T20:00:00+00:00,1.393120000000001,1.393620000000001,1.392740000000001,1.392820000000001,3369
2026-06-10T20:30:00+00:00,1.392820000000001,1.393160000000001,1.392810000000001,1.392810000000001,2900
2026-06-10T21:00:00+00:00,1.392810000000001,1.3928600000000009,1.392320000000001,1.392660000000001,170.284296467829
2026-06-10T21:30:00+00:00,1.392660000000001,1.3929200000000008,1.3925400000000008,1.3926500000000006,688.934458057614
2026-06-10T22:00:00+00:00,1.3926500000000006,1.3934800000000007,1.3926500000000006,1.3932500000000005,1038
2026-06-10T22:30:00+00:00,1.3932500000000005,1.3933500000000005,1.3928900000000006,1.3931400000000007,1457
2026-06-10T23:00:00+00:00,1.3931400000000007,1.3936500000000007,1.3930100000000007,1.3932200000000008,2739.0773713826366
2026-06-10T23:30:00+00:00,1.3932200000000008,1.3934500000000007,1.3930200000000008,1.3933400000000007,1724
2026-06-11T00:00:00+00:00,1.3933400000000007,1.3933400000000007,1.3926900000000009,1.3927900000000009,3910
2026-06-11T00:30:00+00:00,1.3927900000000009,1.392930000000001,1.3926000000000007,1.3926500000000008,2422
2026-06-11T01:00:00+00:00,1.3926500000000008,1.3926900000000009,1.3917600000000008,1.3918500000000007,3340
2026-06-11T01:30:00+00:00,1.3918500000000007,1.3921100000000008,1.3917800000000007,1.3919100000000009,2280
2026-06-11T02:00:00+00:00,1.3919100000000009,1.3923800000000008,1.3918900000000007,1.3923600000000007,2106
2026-06-11T02:30:00+00:00,1.3923600000000007,1.3924800000000008,1.3922500000000009,1.3924300000000007,2106
2026-06-11T03:00:00+00:00,1.3924300000000007,1.3926000000000007,1.3923400000000008,1.3923400000000008,1963
2026-06-11T03:30:00+00:00,1.3923400000000008,1.3925200000000009,1.3921700000000008,1.3924700000000008,1895
2026-06-11T04:00:00+00:00,1.3924700000000008,1.3926400000000008,1.3923800000000008,1.3925400000000008,1728
2026-06-11T04:30:00+00:00,1.3925400000000008,1.3925400000000008,1.3922300000000007,1.3924500000000009,1356
2026-06-11T05:00:00+00:00,1.3924500000000009,1.3925300000000007,1.3921400000000008,1.3922900000000007,1510
2026-06-11T05:30:00+00:00,1.3922900000000007,1.3928800000000008,1.3922400000000008,1.3928300000000007,1791
2026-06-11T06:00:00+00:00,1.3928300000000007,1.3936700000000009,1.3928200000000008,1.3936600000000008,2491
2026-06-11T06:30:00+00:00,1.3936600000000008,1.3942600000000007,1.3934700000000009,1.3941300000000008,2745
2026-06-11T07:00:00+00:00,1.3941300000000008,1.3946000000000007,1.3940100000000009,1.3944000000000007,4442
2026-06-11T07:30:00+00:00,1.3944000000000007,1.3950200000000008,1.3943000000000008,1.3948700000000007,2993
2026-06-11T08:00:00+00:00,1.3948700000000007,1.3954900000000008,1.3948600000000009,1.3954300000000008,3763
2026-06-11T08:30:00+00:00,1.3954300000000008,1.3962800000000009,1.3954300000000008,1.3962600000000007,2896
2026-06-11T09:00:00+00:00,1.3962600000000007,1.3966700000000007,1.3959600000000008,1.3964500000000009,3995
2026-06-11T09:30:00+00:00,1.3964500000000009,1.3965600000000007,1.3959900000000007,1.3963800000000008,3793
2026-06-11T10:00:00+00:00,1.3963800000000008,1.3969800000000008,1.3962500000000009,1.3969000000000007,3582
2026-06-11T10:30:00+00:00,1.3969000000000007,1.3969000000000007,1.3965300000000007,1.3965500000000008,2212
2026-06-11T11:00:00+00:00,1.3965500000000008,1.396760000000001,1.3959800000000009,1.3962300000000007,3698
2026-06-11T11:30:00+00:00,1.3962300000000007,1.3965900000000009,1.3960000000000008,1.3963600000000007,3246
2026-06-11T12:00:00+00:00,1.3963600000000007,1.3975900000000008,1.3962300000000007,1.3969700000000007,6372
2026-06-11T12:30:00+00:00,1.3969700000000007,1.3975000000000009,1.3967700000000007,1.3971700000000007,7722
2026-06-11T13:00:00+00:00,1.3971700000000007,1.3983200000000007,1.3970700000000007,1.3978400000000009,6187
2026-06-11T13:30:00+00:00,1.3978400000000009,1.3987300000000007,1.3976600000000008,1.3987000000000007,8655
2026-06-11T14:00:00+00:00,1.3987000000000007,1.4003500000000009,1.3986900000000009,1.3994600000000008,7421
2026-06-11T14:30:00+00:00,1.3994600000000008,1.4010200000000008,1.3992300000000009,1.4002900000000007,8733
2026-06-11T15:00:00+00:00,1.4002900000000007,1.4005000000000007,1.3984500000000009,1.3990500000000008,8369
2026-06-11T15:30:00+00:00,1.3990500000000008,1.3994000000000009,1.3987000000000007,1.3991000000000007,5573
2026-06-11T16:00:00+00:00,1.3991000000000007,1.3995300000000008,1.3989500000000008,1.3995100000000007,5722
2026-06-11T16:30:00+00:00,1.3995100000000007,1.3995700000000009,1.3988200000000008,1.3992400000000007,3493
2026-06-11T17:00:00+00:00,1.3992400000000007,1.4001900000000007,1.3986200000000009,1.3988200000000008,5342
2026-06-11T17:30:00+00:00,1.3988200000000008,1.3988200000000008,1.3958000000000008,1.3969100000000008,13933
2026-06-11T18:00:00+00:00,1.3969100000000008,1.3974500000000007,1.3965700000000008,1.3969500000000008,8965
2026-06-11T18:30:00+00:00,1.3969500000000008,1.3974200000000008,1.3960300000000008,1.3966600000000007,6147
2026-06-11T19:00:00+00:00,1.3966600000000007,1.3966900000000009,1.3947200000000008,1.3948800000000008,7844
2026-06-11T19:30:00+00:00,1.3948800000000008,1.3948900000000009,1.3939300000000008,1.3945500000000008,7313
2026-06-11T20:00:00+00:00,1.3945500000000008,1.3948500000000008,1.3942000000000008,1.3947200000000008,2890
2026-06-11T20:30:00+00:00,1.3947200000000008,1.3954600000000008,1.3946800000000008,1.3952100000000007,3324
2026-06-11T21:00:00+00:00,1.3952100000000007,1.395310000000001,1.393870000000001,1.3952700000000011,338.6434063156995
2026-06-11T21:30:00+00:00,1.3952700000000011,1.395500000000001,1.394360000000001,1.395350000000001,1226
2026-06-11T22:00:00+00:00,1.395350000000001,1.395890000000001,1.395040000000001,1.395700000000001,855
2026-06-11T22:30:00+00:00,1.395700000000001,1.395720000000001,1.394980000000001,1.395130000000001,1020
2026-06-11T23:00:00+00:00,1.395130000000001,1.396020000000001,1.394890000000001,1.395980000000001,1754
2026-06-11T23:30:00+00:00,1.395980000000001,1.396200000000001,1.395720000000001,1.396080000000001,3149
2026-06-12T00:00:00+00:00,1.396080000000001,1.396520000000001,1.395900000000001,1.396240000000001,7136
2026-06-12T00:30:00+00:00,1.396240000000001,1.396570000000001,1.395930000000001,1.396470000000001,4004
2026-06-12T01:00:00+00:00,1.396470000000001,1.396790000000001,1.396440000000001,1.396700000000001,3571
2026-06-12T01:30:00+00:00,1.396700000000001,1.396790000000001,1.396550000000001,1.396700000000001,2921
2026-06-12T02:00:00+00:00,1.396700000000001,1.396740000000001,1.396230000000001,1.3966600000000011,5183
2026-06-12T02:30:00+00:00,1.3966600000000011,1.396740000000001,1.396450000000001,1.396540000000001,3635
2026-06-12T03:00:00+00:00,1.396540000000001,1.396610000000001,1.396200000000001,1.396250000000001,4695
2026-06-12T03:30:00+00:00,1.396250000000001,1.396260000000001,1.395910000000001,1.396030000000001,5722
2026-06-12T04:00:00+00:00,1.396030000000001,1.3963200000000011,1.395990000000001,1.3961500000000011,4099
2026-06-12T04:30:00+00:00,1.3961500000000011,1.396230000000001,1.395860000000001,1.3961200000000011,3810
2026-06-12T05:00:00+00:00,1.3961200000000011,1.396720000000001,1.395960000000001,1.396630000000001,4500
2026-06-12T05:30:00+00:00,1.396630000000001,1.3973400000000011,1.396620000000001,1.397290000000001,4363
2026-06-12T06:00:00+00:00,1.397290000000001,1.397290000000001,1.396130000000001,1.396160000000001,5271
2026-06-12T06:30:00+00:00,1.396160000000001,1.396680000000001,1.396140000000001,1.396340000000001,6929
2026-06-12T07:00:00+00:00,1.396340000000001,1.397970000000001,1.396260000000001,1.397970000000001,8072
2026-06-12T07:30:00+00:00,1.397970000000001,1.398340000000001,1.3975100000000011,1.397530000000001,9358
2026-06-12T08:00:00+00:00,1.397530000000001,1.397690000000001,1.396110000000001,1.397240000000001,10653
2026-06-12T08:30:00+00:00,1.397240000000001,1.3973700000000011,1.396650000000001,1.397130000000001,7354
2026-06-12T09:00:00+00:00,1.397130000000001,1.397570000000001,1.396330000000001,1.396420000000001,8271
2026-06-12T09:30:00+00:00,1.396420000000001,1.397430000000001,1.396270000000001,1.3969300000000011,5792
2026-06-12T10:00:00+00:00,1.3969300000000011,1.397820000000001,1.396640000000001,1.397260000000001,6947
2026-06-12T10:30:00+00:00,1.397260000000001,1.397480000000001,1.396620000000001,1.3973700000000011,6016
2026-06-12T11:00:00+00:00,1.3973700000000011,1.397890000000001,1.397220000000001,1.397570000000001,5366
2026-06-12T11:30:00+00:00,1.397570000000001,1.3976800000000011,1.3967600000000011,1.397660000000001,5822
2026-06-12T12:00:00+00:00,1.397660000000001,1.398160000000001,1.397390000000001,1.398060000000001,6047
2026-06-12T12:30:00+00:00,1.398060000000001,1.398070000000001,1.396890000000001,1.3970700000000011,6528
2026-06-12T13:00:00+00:00,1.3970700000000011,1.397230000000001,1.3961500000000011,1.396700000000001,7860
2026-06-12T13:30:00+00:00,1.396700000000001,1.3975400000000011,1.396200000000001,1.396870000000001,11532
2026-06-12T14:00:00+00:00,1.396870000000001,1.397210000000001,1.3956800000000011,1.396500000000001,10375
2026-06-12T14:30:00+00:00,1.396500000000001,1.396630000000001,1.395480000000001,1.395550000000001,11224
2026-06-12T15:00:00+00:00,1.395550000000001,1.395800000000001,1.394670000000001,1.394950000000001,9610
2026-06-12T15:30:00+00:00,1.394950000000001,1.396030000000001,1.394780000000001,1.395870000000001,9050
2026-06-12T16:00:00+00:00,1.395870000000001,1.396260000000001,1.395360000000001,1.3961500000000011,9944
2026-06-12T16:30:00+00:00,1.3961500000000011,1.396630000000001,1.395870000000001,1.396010000000001,6561
2026-06-12T17:00:00+00:00,1.396010000000001,1.3963900000000011,1.395740000000001,1.396210000000001,5642
2026-06-12T17:30:00+00:00,1.396210000000001,1.396610000000001,1.396190000000001,1.3965600000000011,5560
2026-06-12T18:00:00+00:00,1.3965600000000011,1.3969300000000011,1.396520000000001,1.396700000000001,4049
2026-06-12T18:30:00+00:00,1.396700000000001,1.3967600000000011,1.396360000000001,1.396650000000001,4671
2026-06-12T19:00:00+00:00,1.396650000000001,1.3968300000000011,1.396270000000001,1.396440000000001,2820
2026-06-12T19:30:00+00:00,1.396440000000001,1.3972700000000011,1.396350000000001,1.396920000000001,4145
2026-06-12T20:00:00+00:00,1.396920000000001,1.397230000000001,1.396860000000001,1.397230000000001,1577
2026-06-12T20:30:00+00:00,1.397230000000001,1.3978800000000011,1.397200000000001,1.3974800000000012,1361.1344937833037
2026-06-14T21:00:00+00:00,1.3974800000000012,1.3976200000000012,1.3972500000000012,1.397500000000001,683.6173651312871
2026-06-14T21:30:00+00:00,1.397500000000001,1.397530000000001,1.3952000000000009,1.3955600000000012,2377.351994008735
2026-06-14T22:00:00+00:00,1.3955600000000012,1.3962900000000014,1.3949600000000013,1.3958700000000013,2322
2026-06-14T22:30:00+00:00,1.3958700000000013,1.3958700000000013,1.3951000000000013,1.3954800000000014,1711
2026-06-14T23:00:00+00:00,1.3954800000000014,1.3960400000000013,1.3953700000000013,1.3960100000000013,1745
2026-06-14T23:30:00+00:00,1.3960100000000013,1.3960400000000013,1.3954100000000014,1.3958600000000014,2360
2026-06-15T00:00:00+00:00,1.3958600000000014,1.3959200000000014,1.3951600000000013,1.3956700000000013,5068
2026-06-15T00:30:00+00:00,1.3956700000000013,1.3965000000000014,1.3954800000000014,1.3964900000000013,3367
2026-06-15T01:00:00+00:00,1.3964900000000013,1.3971000000000013,1.3964600000000014,1.3966400000000014,4225
2026-06-15T01:30:00+00:00,1.3966400000000014,1.3969000000000014,1.3965400000000014,1.3967500000000013,3832
2026-06-15T02:00:00+00:00,1.3967500000000013,1.3970600000000013,1.3966600000000013,1.3966800000000013,3025
2026-06-15T02:30:00+00:00,1.3966800000000013,1.3967000000000014,1.3963200000000013,1.3963800000000013,3707
2026-06-15T03:00:00+00:00,1.3963800000000013,1.3965200000000013,1.3962200000000013,1.3963400000000012,2853
2026-06-15T03:30:00+00:00,1.3963400000000012,1.3963900000000014,1.3959100000000013,1.3960800000000013,2921
2026-06-15T04:00:00+00:00,1.3960800000000013,1.3962400000000013,1.3958600000000014,1.3958600000000014,2817
2026-06-15T04:30:00+00:00,1.3958600000000014,1.3959900000000014,1.3955200000000014,1.3955700000000013,2427
2026-06-15T05:00:00+00:00,1.3955700000000013,1.3955700000000013,1.3945000000000014,1.3946300000000014,3487
2026-06-15T05:30:00+00:00,1.3946300000000014,1.3952700000000013,1.3945400000000014,1.3952300000000013,2863
2026-06-15T06:00:00+00:00,1.3952300000000013,1.3967300000000014,1.3952000000000013,1.3964400000000012,5342
2026-06-15T06:30:00+00:00,1.3964400000000012,1.3972800000000014,1.3964400000000012,1.3966500000000013,5102
2026-06-15T07:00:00+00:00,1.3966500000000013,1.3973500000000014,1.3965800000000013,1.3970400000000014,6581
2026-06-15T07:30:00+00:00,1.3970400000000014,1.3975500000000014,1.3969000000000014,1.3971900000000013,5500
2026-06-15T08:00:00+00:00,1.3971900000000013,1.3973000000000013,1.3965100000000013,1.3966200000000013,4652
2026-06-15T08:30:00+00:00,1.3966200000000013,1.3971500000000014,1.3963200000000013,1.3968900000000013,4340
2026-06-15T09:00:00+00:00,1.3968900000000013,1.3969200000000013,1.3962200000000013,1.3966700000000014,5107
2026-06-15T09:30:00+00:00,1.3966700000000014,1.3968300000000013,1.3963200000000013,1.3967400000000014,3524
2026-06-15T10:00:00+00:00,1.3967400000000014,1.3970800000000014,1.3964500000000013,1.3965500000000013,4304
2026-06-15T10:30:00+00:00,1.3965500000000013,1.3966200000000013,1.3961200000000014,1.3964900000000013,4004
2026-06-15T11:00:00+00:00,1.3964900000000013,1.3974000000000013,1.3962700000000012,1.3972800000000014,4535
2026-06-15T11:30:00+00:00,1.3972800000000014,1.3977400000000013,1.3970000000000014,1.3977400000000013,6058
2026-06-15T12:00:00+00:00,1.3977400000000013,1.3978600000000014,1.3971100000000014,1.3972500000000014,4974
2026-06-15T12:30:00+00:00,1.3972500000000014,1.3973400000000014,1.3965200000000013,1.3967800000000012,4127
2026-06-15T13:00:00+00:00,1.3967800000000012,1.3972500000000014,1.3967000000000014,1.3972100000000014,3694
2026-06-15T13:30:00+00:00,1.3972100000000014,1.3978600000000014,1.3972000000000013,1.3972900000000013,6187
2026-06-15T14:00:00+00:00,1.3972900000000013,1.3981200000000014,1.3969300000000013,1.3979800000000013,6555
2026-06-15T14:30:00+00:00,1.3979800000000013,1.3987200000000013,1.3964900000000013,1.3968600000000013,7520
2026-06-15T15:00:00+00:00,1.3968600000000013,1.3975000000000013,1.3966300000000014,1.3973000000000013,5113
2026-06-15T15:30:00+00:00,1.3973000000000013,1.3983400000000012,1.3972400000000014,1.3978600000000014,5301
2026-06-15T16:00:00+00:00,1.3978600000000014,1.3982600000000014,1.3976700000000013,1.3979900000000014,4321
2026-06-15T16:30:00+00:00,1.3979900000000014,1.3981800000000013,1.3975600000000012,1.3976000000000013,4242
2026-06-15T17:00:00+00:00,1.3976000000000013,1.3980200000000014,1.3974800000000014,1.3975900000000014,4002
2026-06-15T17:30:00+00:00,1.3975900000000014,1.3979700000000013,1.3975800000000014,1.3976900000000014,3182
2026-06-15T18:00:00+00:00,1.3976900000000014,1.3979300000000012,1.3975600000000012,1.3978900000000014,4101
2026-06-15T18:30:00+00:00,1.3978900000000014,1.3982200000000014,1.3978900000000014,1.3981200000000014,3692
2026-06-15T19:00:00+00:00,1.3981200000000014,1.3984200000000013,1.3978800000000013,1.3980500000000013,3988
2026-06-15T19:30:00+00:00,1.3980500000000013,1.3988500000000013,1.3977300000000012,1.3987300000000014,4616
2026-06-15T20:00:00+00:00,1.3987300000000014,1.3988600000000013,1.3982800000000013,1.3983000000000014,2032
2026-06-15T20:30:00+00:00,1.3983000000000014,1.3986200000000013,1.3982400000000013,1.3984400000000012,1643
2026-06-15T21:00:00+00:00,1.3984400000000012,1.3984400000000012,1.3976500000000014,1.3980200000000016,250.12024195249404
2026-06-15T21:30:00+00:00,1.3980200000000016,1.3986600000000016,1.3977600000000017,1.3977800000000016,2175.591448719093
2026-06-15T22:00:00+00:00,1.3977800000000016,1.3990700000000014,1.3977800000000016,1.3988600000000015,679.8567115652578
2026-06-15T22:30:00+00:00,1.3988600000000015,1.3989000000000014,1.3986900000000015,1.3987900000000015,454
2026-06-15T23:00:00+00:00,1.3987900000000015,1.3988600000000015,1.3986300000000014,1.3987300000000014,593
2026-06-15T23:30:00+00:00,1.3987300000000014,1.3987900000000015,1.3984500000000015,1.3987700000000014,766
2026-06-16T00:00:00+00:00,1.3987700000000014,1.3990800000000014,1.3986300000000014,1.3990700000000014,3135
2026-06-16T00:30:00+00:00,1.3990700000000014,1.3990700000000014,1.3985900000000013,1.3986300000000014,2775
2026-06-16T01:00:00+00:00,1.3986300000000014,1.3990500000000015,1.3984500000000015,1.3988800000000015,4008
2026-06-16T01:30:00+00:00,1.3988800000000015,1.3990500000000015,1.3987200000000015,1.3990500000000015,3955
2026-06-16T02:00:00+00:00,1.3990500000000015,1.3995100000000014,1.3990400000000014,1.3992100000000014,2904
2026-06-16T02:30:00+00:00,1.3992100000000014,1.3992100000000014,1.3989000000000014,1.3990100000000014,4950
2026-06-16T03:00:00+00:00,1.3990100000000014,1.3995200000000014,1.3989800000000014,1.3994100000000014,4073
2026-06-16T03:30:00+00:00,1.3994100000000014,1.3994100000000014,1.3991700000000014,1.3993800000000014,3053
2026-06-16T04:00:00+00:00,1.3993800000000014,1.4011800000000014,1.3993500000000014,1.4009400000000014,3642
2026-06-16T04:30:00+00:00,1.4009400000000014,1.4010400000000014,1.4005700000000014,1.4006400000000014,3255
2026-06-16T05:00:00+00:00,1.4006400000000014,1.4008500000000015,1.4003700000000014,1.4007300000000014,2848
2026-06-16T05:30:00+00:00,1.4007300000000014,1.4011100000000014,1.4004600000000014,1.4009800000000014,3836
2026-06-16T06:00:00+00:00,1.4009800000000014,1.4013400000000014,1.4008600000000015,1.4010500000000015,3692
2026-06-16T06:30:00+00:00,1.4010500000000015,1.4011000000000013,1.4002100000000015,1.4004100000000015,6037
2026-06-16T07:00:00+00:00,1.4004100000000015,1.4007100000000015,1.4000000000000015,1.4000700000000015,5885
2026-06-16T07:30:00+00:00,1.4000700000000015,1.4002900000000014,1.3997500000000014,1.3999700000000015,5322
2026-06-16T08:00:00+00:00,1.3999700000000015,1.4007500000000015,1.3997900000000014,1.4003300000000014,3995
2026-06-16T08:30:00+00:00,1.4003300000000014,1.4005300000000014,1.3996800000000014,1.3998200000000014,3360
2026-06-16T09:00:00+00:00,1.3998200000000014,1.3999800000000013,1.3995700000000015,1.3999500000000014,4150
2026-06-16T09:30:00+00:00,1.3999500000000014,1.4000300000000014,1.3996900000000014,1.3999100000000015,2998
2026-06-16T10:00:00+00:00,1.3999100000000015,1.3999300000000015,1.3989200000000015,1.3992100000000014,4397
2026-06-16T10:30:00+00:00,1.3992100000000014,1.3992900000000015,1.3987200000000015,1.3989900000000015,4164
2026-06-16T11:00:00+00:00,1.3989900000000015,1.3997400000000015,1.3989900000000015,1.3995400000000013,4039
2026-06-16T11:30:00+00:00,1.3995400000000013,1.4002800000000015,1.3994100000000014,1.4002300000000014,3363
2026-06-16T12:00:00+00:00,1.4002300000000014,1.4010800000000014,1.4001800000000015,1.4008500000000015,4419
2026-06-16T12:30:00+00:00,1.4008500000000015,1.4010400000000014,1.4006000000000014,1.4007700000000014,3791
2026-06-16T13:00:00+00:00,1.4007700000000014,1.4010900000000015,1.4005400000000015,1.4008700000000014,4864
2026-06-16T13:30:00+00:00,1.4008700000000014,1.4008800000000015,1.3994000000000015,1.3998200000000014,6129
2026-06-16T14:00:00+00:00,1.3998200000000014,1.4000600000000014,1.3990100000000014,1.3994800000000014,6104
2026-06-16T14:30:00+00:00,1.3994800000000014,1.3999400000000015,1.3979800000000013,1.3980900000000014,7898
2026-06-16T15:00:00+00:00,1.3980900000000014,1.3989900000000015,1.3980800000000015,1.3984600000000014,5955
2026-06-16T15:30:00+00:00,1.3984600000000014,1.3987800000000015,1.3975100000000014,1.3978000000000015,6164
2026-06-16T16:00:00+00:00,1.3978000000000015,1.3981700000000015,1.3975500000000014,1.3976800000000014,4777
2026-06-16T16:30:00+00:00,1.3976800000000014,1.3983700000000014,1.3976100000000014,1.3981000000000015,4666
2026-06-16T17:00:00+00:00,1.3981000000000015,1.3985800000000015,1.3978900000000014,1.3985700000000014,4262
2026-06-16T17:30:00+00:00,1.3985700000000014,1.3990500000000015,1.3985500000000015,1.3989600000000015,3216
2026-06-16T18:00:00+00:00,1.3989600000000015,1.3990800000000014,1.3987300000000014,1.3987300000000014,3063
2026-06-16T18:30:00+00:00,1.3987300000000014,1.3989300000000013,1.3986800000000015,1.3987900000000015,2487
2026-06-16T19:00:00+00:00,1.3987900000000015,1.3987900000000015,1.3983700000000014,1.3985800000000015,2820
2026-06-16T19:30:00+00:00,1.3985800000000015,1.3994800000000014,1.3985700000000014,1.3994100000000014,3699
2026-06-16T20:00:00+00:00,1.3994100000000014,1.3995600000000015,1.3988400000000014,1.3989700000000014,1996
2026-06-16T20:30:00+00:00,1.3989700000000014,1.3997700000000015,1.3989100000000014,1.3989300000000013,1596
2026-06-16T21:00:00+00:00,1.3989300000000013,1.3989300000000013,1.3981000000000015,1.3985200000000013,177.06523369375208
2026-06-16T21:30:00+00:00,1.3985200000000013,1.3988700000000014,1.3979200000000014,1.3985200000000013,974
2026-06-16T22:00:00+00:00,1.3985200000000013,1.3988300000000014,1.3984600000000014,1.3987200000000013,1041
2026-06-16T22:30:00+00:00,1.3987200000000013,1.3987800000000012,1.3986100000000012,1.3987700000000014,921
2026-06-16T23:00:00+00:00,1.3987700000000014,1.3988400000000014,1.3986000000000014,1.3987500000000013,733
2026-06-16T23:30:00+00:00,1.3987500000000013,1.3991700000000014,1.3987100000000012,1.3991600000000013,803
2026-06-17T00:00:00+00:00,1.3991600000000013,1.3993300000000013,1.3985900000000013,1.3986100000000012,5846
2026-06-17T00:30:00+00:00,1.3986100000000012,1.3988700000000014,1.3985300000000014,1.3987600000000013,5079
2026-06-17T01:00:00+00:00,1.3987600000000013,1.3991700000000014,1.3987200000000013,1.3991600000000013,3505
2026-06-17T01:30:00+00:00,1.3991600000000013,1.3994300000000013,1.3990100000000014,1.3991600000000013,2213
2026-06-17T02:00:00+00:00,1.3991600000000013,1.3992000000000013,1.3989200000000013,1.3991000000000013,2162
2026-06-17T02:30:00+00:00,1.3991000000000013,1.3994600000000013,1.3991000000000013,1.3994600000000013,1709
2026-06-17T03:00:00+00:00,1.3994600000000013,1.3996000000000013,1.3992800000000014,1.3994300000000013,2178
2026-06-17T03:30:00+00:00,1.3994300000000013,1.3996700000000013,1.3993300000000013,1.3996600000000012,1735
2026-06-17T04:00:00+00:00,1.3996600000000012,1.3996700000000013,1.3993100000000014,1.3994100000000014,2128
2026-06-17T04:30:00+00:00,1.3994100000000014,1.3994500000000014,1.3991200000000013,1.3992200000000012,1629
2026-06-17T05:00:00+00:00,1.3992200000000012,1.3993600000000013,1.3990500000000012,1.3993000000000013,1448
2026-06-17T05:30:00+00:00,1.3993000000000013,1.3994500000000014,1.3991200000000013,1.3993800000000014,1777
2026-06-17T06:00:00+00:00,1.3993800000000014,1.3999200000000014,1.3993200000000012,1.3999200000000014,3502
2026-06-17T06:30:00+00:00,1.3999200000000014,1.4002500000000013,1.3997000000000013,1.4000800000000013,3626
2026-06-17T07:00:00+00:00,1.4000800000000013,1.4002000000000012,1.3995900000000012,1.3997300000000013,3072
2026-06-17T07:30:00+00:00,1.3997300000000013,1.3999000000000013,1.3991300000000013,1.3992400000000014,3717
2026-06-17T08:00:00+00:00,1.3992400000000014,1.4001500000000013,1.3991700000000014,1.3996400000000013,3031
2026-06-17T08:30:00+00:00,1.3996400000000013,1.3997300000000013,1.3992800000000014,1.3993900000000012,2885
2026-06-17T09:00:00+00:00,1.3993900000000012,1.3995000000000013,1.3990200000000013,1.3991300000000013,2287
2026-06-17T09:30:00+00:00,1.3991300000000013,1.3997500000000014,1.3991100000000014,1.3996500000000014,2288
2026-06-17T10:00:00+00:00,1.3996500000000014,1.4004300000000014,1.3995300000000013,1.4004100000000013,3448
2026-06-17T10:30:00+00:00,1.4004100000000013,1.4006700000000014,1.4002200000000014,1.4004900000000013,2997
2026-06-17T11:00:00+00:00,1.4004900000000013,1.4010100000000014,1.4004800000000013,1.4009900000000013,2601
2026-06-17T11:30:00+00:00,1.4009900000000013,1.4012100000000014,1.4005300000000014,1.4005500000000013,4240
2026-06-17T12:00:00+00:00,1.4005500000000013,1.4006600000000013,1.3999800000000013,1.4001400000000013,4428
2026-06-17T12:30:00+00:00,1.4001400000000013,1.4008300000000014,1.4000500000000013,1.4006700000000014,3262
2026-06-17T13:00:00+00:00,1.4006700000000014,1.4007000000000014,1.3999300000000012,1.4005600000000014,4592
2026-06-17T13:30:00+00:00,1.4005600000000014,1.4014500000000014,1.4002000000000012,1.4012100000000014,5935
2026-06-17T14:00:00+00:00,1.4012100000000014,1.4013300000000013,1.4004600000000014,1.4008100000000012,5238
2026-06-17T14:30:00+00:00,1.4008100000000012,1.4016600000000012,1.4004300000000014,1.4015700000000013,7791
2026-06-17T15:00:00+00:00,1.4015700000000013,1.4026700000000014,1.4013200000000012,1.4022900000000014,5554
2026-06-17T15:30:00+00:00,1.4022900000000014,1.4028500000000013,1.4020900000000014,1.4025300000000014,4709
2026-06-17T16:00:00+00:00,1.4025300000000014,1.4031600000000013,1.4024600000000014,1.4030400000000014,3882
2026-06-17T16:30:00+00:00,1.4030400000000014,1.4031400000000014,1.4024800000000013,1.4025800000000013,2716
2026-06-17T17:00:00+00:00,1.4025800000000013,1.4027400000000012,1.4022400000000013,1.4024900000000013,3751
2026-06-17T17:30:00+00:00,1.4024900000000013,1.4027300000000014,1.4023100000000013,1.4024500000000013,3465
2026-06-17T18:00:00+00:00,1.4024500000000013,1.4058900000000014,1.4023100000000013,1.4054300000000013,13566
2026-06-17T18:30:00+00:00,1.4054300000000013,1.4067400000000012,1.4042700000000012,1.4065700000000012,18450
2026-06-17T19:00:00+00:00,1.4065700000000012,1.4098700000000013,1.4062100000000013,1.4098400000000013,19234
2026-06-17T19:30:00+00:00,1.4098400000000013,1.4117800000000014,1.4096200000000012,1.4112600000000013,16427
2026-06-17T20:00:00+00:00,1.4112600000000013,1.4114000000000013,1.4090700000000014,1.4092100000000014,6304
2026-06-17T20:30:00+00:00,1.4092100000000014,1.4099500000000014,1.4091900000000013,1.4094200000000012,3219
2026-06-17T21:00:00+00:00,1.4094200000000012,1.4094200000000012,1.4086900000000013,1.4090000000000014,232.18678391747332
2026-06-17T21:30:00+00:00,1.4090000000000014,1.4092000000000013,1.408620000000001,1.4087400000000012,1088.103621063964
2026-06-17T22:00:00+00:00,1.4087400000000012,1.4093400000000011,1.4087400000000012,1.4091200000000013,1599
2026-06-17T22:30:00+00:00,1.4091200000000013,1.4093100000000012,1.4090500000000012,1.4092200000000012,614.2230347349177
2026-06-17T23:00:00+00:00,1.4092200000000012,1.4095800000000012,1.4091100000000012,1.409500000000001,1181.5447409733124
2026-06-17T23:30:00+00:00,1.409500000000001,1.409840000000001,1.409300000000001,1.4096400000000011,1941
2026-06-18T00:00:00+00:00,1.4096400000000011,1.4097500000000012,1.408890000000001,1.4096900000000012,6037
2026-06-18T00:30:00+00:00,1.4096900000000012,1.4097500000000012,1.4089800000000012,1.4091900000000013,4934
2026-06-18T01:00:00+00:00,1.4091900000000013,1.4094100000000012,1.4089500000000013,1.409130000000001,4754
2026-06-18T01:30:00+00:00,1.409130000000001,1.4099300000000012,1.4090500000000012,1.4098100000000011,3314
2026-06-18T02:00:00+00:00,1.4098100000000011,1.4103900000000011,1.4097300000000013,1.4099000000000013,3348
2026-06-18T02:30:00+00:00,1.4099000000000013,1.4099600000000012,1.4090800000000012,1.409600000000001,3017
2026-06-18T03:00:00+00:00,1.409600000000001,1.4096800000000012,1.4092000000000011,1.4093500000000012,2932
2026-06-18T03:30:00+00:00,1.4093500000000012,1.4095600000000013,1.409230000000001,1.4094600000000013,2753
2026-06-18T04:00:00+00:00,1.4094600000000013,1.4097000000000013,1.4091800000000012,1.409600000000001,3996
2026-06-18T04:30:00+00:00,1.409600000000001,1.4096900000000012,1.4094100000000012,1.4096300000000013,4716
2026-06-18T05:00:00+00:00,1.4096300000000013,1.410180000000001,1.4094900000000012,1.4101700000000013,1974
2026-06-18T05:30:00+00:00,1.4101700000000013,1.4106800000000013,1.410040000000001,1.4105800000000013,2208
2026-06-18T06:00:00+00:00,1.4105800000000013,1.4107400000000012,1.4097100000000011,1.4097100000000011,4138
2026-06-18T06:30:00+00:00,1.4097100000000011,1.4102700000000012,1.4095600000000013,1.409840000000001,3557
2026-06-18T07:00:00+00:00,1.409840000000001,1.4104900000000011,1.4096900000000012,1.4101700000000013,4092
2026-06-18T07:30:00+00:00,1.4101700000000013,1.410690000000001,1.4092700000000011,1.4097800000000011,5406
2026-06-18T08:00:00+00:00,1.4097800000000011,1.4107100000000012,1.4096600000000012,1.410550000000001,4969
2026-06-18T08:30:00+00:00,1.410550000000001,1.4117100000000011,1.4103200000000011,1.411600000000001,5408
2026-06-18T09:00:00+00:00,1.411600000000001,1.4119800000000011,1.4111200000000013,1.411940000000001,7329
2026-06-18T09:30:00+00:00,1.411940000000001,1.4119500000000011,1.4113800000000012,1.4118600000000012,4268
2026-06-18T10:00:00+00:00,1.4118600000000012,1.4127300000000012,1.4113100000000012,1.411330000000001,6127
2026-06-18T10:30:00+00:00,1.411330000000001,1.4120800000000011,1.4112400000000012,1.411840000000001,4831
2026-06-18T11:00:00+00:00,1.411840000000001,1.4127100000000012,1.4115300000000013,1.4123100000000013,6180
2026-06-18T11:30:00+00:00,1.4123100000000013,1.4128800000000012,1.4119800000000011,1.4126300000000012,5898
2026-06-18T12:00:00+00:00,1.4126300000000012,1.4127400000000012,1.410520000000001,1.410720000000001,7180
2026-06-18T12:30:00+00:00,1.410720000000001,1.411670000000001,1.410720000000001,1.4111900000000013,6295
2026-06-18T13:00:00+00:00,1.4111900000000013,1.4119600000000012,1.411060000000001,1.4112900000000013,7113
2026-06-18T13:30:00+00:00,1.4112900000000013,1.4114100000000012,1.410620000000001,1.4111700000000011,8099
2026-06-18T14:00:00+00:00,1.4111700000000011,1.412350000000001,1.4111500000000012,1.4118000000000013,8190
2026-06-18T14:30:00+00:00,1.4118000000000013,1.4119800000000011,1.4111700000000011,1.4114500000000012,7567
2026-06-18T15:00:00+00:00,1.4114500000000012,1.4133100000000012,1.4111900000000013,1.412820000000001,7342
2026-06-18T15:30:00+00:00,1.412820000000001,1.4141200000000012,1.4127600000000011,1.413840000000001,6773
2026-06-18T16:00:00+00:00,1.413840000000001,1.413940000000001,1.412790000000001,1.4130100000000012,6151
2026-06-18T16:30:00+00:00,1.4130100000000012,1.4135400000000011,1.412890000000001,1.413160000000001,4887
2026-06-18T17:00:00+00:00,1.413160000000001,1.413300000000001,1.4126100000000013,1.4128400000000012,3781
2026-06-18T17:30:00+00:00,1.4128400000000012,1.4138100000000011,1.412720000000001,1.4136400000000011,4559
2026-06-18T18:00:00+00:00,1.4136400000000011,1.4139300000000012,1.413160000000001,1.4134900000000012,3936
2026-06-18T18:30:00+00:00,1.4134900000000012,1.4135100000000012,1.4127500000000013,1.413430000000001,4746
2026-06-18T19:00:00+00:00,1.413430000000001,1.4138000000000013,1.4132900000000013,1.4136600000000012,5051
2026-06-18T19:30:00+00:00,1.4136600000000012,1.4137000000000013,1.4123400000000013,1.4131200000000013,6019
2026-06-18T20:00:00+00:00,1.4131200000000013,1.413130000000001,1.4125100000000013,1.4126900000000011,2817
2026-06-18T20:30:00+00:00,1.4126900000000011,1.4133400000000012,1.4124100000000013,1.4131400000000012,3238
2026-06-18T21:00:00+00:00,1.4131400000000012,1.413910000000001,1.4128500000000013,1.4135600000000013,372.2172493713824
2026-06-18T21:30:00+00:00,1.4135600000000013,1.413700000000001,1.413130000000001,1.4132800000000012,921
2026-06-18T22:00:00+00:00,1.4132800000000012,1.4142200000000011,1.4132000000000011,1.4140300000000012,762
2026-06-18T22:30:00+00:00,1.4140300000000012,1.4140600000000012,1.4138500000000012,1.4139300000000012,421
2026-06-18T23:00:00+00:00,1.4139300000000012,1.4142600000000012,1.4138200000000012,1.4142600000000012,694
2026-06-18T23:30:00+00:00,1.4142600000000012,1.4147300000000012,1.414110000000001,1.414650000000001,1274
2026-06-19T00:00:00+00:00,1.414650000000001,1.4146800000000013,1.4144000000000012,1.4146400000000012,3000
2026-06-19T00:30:00+00:00,1.4146400000000012,1.4146700000000012,1.4141600000000012,1.414380000000001,3037
2026-06-19T01:00:00+00:00,1.414380000000001,1.4150000000000011,1.4143300000000012,1.4148800000000012,2369
2026-06-19T01:30:00+00:00,1.4148800000000012,1.4153700000000011,1.4148600000000011,1.4152900000000013,1932
2026-06-19T02:00:00+00:00,1.4152900000000013,1.4153000000000011,1.4145300000000012,1.4146000000000012,1827
2026-06-19T02:30:00+00:00,1.4146000000000012,1.4148700000000012,1.4145300000000012,1.4147500000000013,1947
2026-06-19T03:00:00+00:00,1.4147500000000013,1.415430000000001,1.414720000000001,1.415400000000001,2780
2026-06-19T03:30:00+00:00,1.415400000000001,1.4157100000000011,1.4153100000000012,1.4156800000000012,1775
2026-06-19T04:00:00+00:00,1.4156800000000012,1.4160700000000013,1.4155400000000011,1.4156300000000013,2709
2026-06-19T04:30:00+00:00,1.4156300000000013,1.416310000000001,1.415400000000001,1.4162300000000012,3216
2026-06-19T05:00:00+00:00,1.4162300000000012,1.4164700000000012,1.4159800000000011,1.416040000000001,4073
2026-06-19T05:30:00+00:00,1.416040000000001,1.4163400000000013,1.4152700000000011,1.4154100000000012,3704
2026-06-19T06:00:00+00:00,1.4154100000000012,1.4154600000000013,1.4141000000000012,1.414350000000001,4836
2026-06-19T06:30:00+00:00,1.414350000000001,1.4150700000000012,1.414310000000001,1.4146400000000012,4307
2026-06-19T07:00:00+00:00,1.4146400000000012,1.415060000000001,1.4142400000000013,1.4150100000000012,4685
2026-06-19T07:30:00+00:00,1.4150100000000012,1.4154500000000012,1.4148600000000011,1.415160000000001,3222
2026-06-19T08:00:00+00:00,1.415160000000001,1.4152500000000012,1.4140900000000012,1.414650000000001,4887
2026-06-19T08:30:00+00:00,1.414650000000001,1.414960000000001,1.4140000000000013,1.4140000000000013,4033
2026-06-19T09:00:00+00:00,1.4140000000000013,1.414720000000001,1.4139800000000011,1.4144300000000012,4215
2026-06-19T09:30:00+00:00,1.4144300000000012,1.4146900000000011,1.4142400000000013,1.4146700000000012,3423
2026-06-19T10:00:00+00:00,1.4146700000000012,1.4151400000000012,1.414480000000001,1.4149800000000012,3927
2026-06-19T10:30:00+00:00,1.4149800000000012,1.4152100000000012,1.4147700000000012,1.4150400000000012,4336
2026-06-19T11:00:00+00:00,1.4150400000000012,1.4152900000000013,1.4148300000000011,1.4152800000000012,3363
2026-06-19T11:30:00+00:00,1.4152800000000012,1.4157600000000012,1.4152400000000012,1.4154200000000012,3048
2026-06-19T12:00:00+00:00,1.4154200000000012,1.4161200000000012,1.415230000000001,1.4160800000000011,3659
2026-06-19T12:30:00+00:00,1.4160800000000011,1.4162000000000012,1.4152400000000012,1.4158300000000013,4564
2026-06-19T13:00:00+00:00,1.4158300000000013,1.4176500000000012,1.4158100000000011,1.4175200000000012,4216
2026-06-19T13:30:00+00:00,1.4175200000000012,1.417700000000001,1.4166900000000011,1.4173500000000012,4668
2026-06-19T14:00:00+00:00,1.4173500000000012,1.418180000000001,1.4171700000000012,1.418010000000001,3995
2026-06-19T14:30:00+00:00,1.418010000000001,1.4183200000000011,1.4173200000000012,1.4182500000000011,5663
2026-06-19T15:00:00+00:00,1.4182500000000011,1.4185600000000012,1.417740000000001,1.4182300000000012,3199
2026-06-19T15:30:00+00:00,1.4182300000000012,1.4188400000000012,1.4181700000000013,1.4182900000000012,1761
2026-06-19T16:00:00+00:00,1.4182900000000012,1.4183900000000011,1.4177800000000012,1.4178100000000011,1583
2026-06-19T16:30:00+00:00,1.4178100000000011,1.4183400000000013,1.417770000000001,1.4181900000000012,1537
2026-06-19T17:00:00+00:00,1.4181900000000012,1.4182000000000012,1.4176900000000012,1.4179200000000012,4407
2026-06-19T17:30:00+00:00,1.4179200000000012,1.4180800000000011,1.4174600000000013,1.4178600000000012,2363
2026-06-19T18:00:00+00:00,1.4178600000000012,1.4181700000000013,1.4176600000000013,1.4177900000000012,5874
2026-06-19T18:30:00+00:00,1.4177900000000012,1.4179800000000011,1.417670000000001,1.417950000000001,880.3466748141359
2026-06-19T19:00:00+00:00,1.417950000000001,1.417950000000001,1.4176600000000008,1.417810000000001,707.4516675894911
2026-06-19T19:30:00+00:00,1.417810000000001,1.4181100000000009,1.4177700000000009,1.4180200000000007,813
2026-06-19T20:00:00+00:00,1.4180200000000007,1.4183500000000009,1.4176100000000007,1.4180100000000009,2632
2026-06-19T20:30:00+00:00,1.4180100000000009,1.418080000000001,1.4149900000000009,1.4153000000000007,718.8891775594707
2026-06-21T21:00:00+00:00,1.4153000000000007,1.4153100000000005,1.4145100000000006,1.4145100000000006,209.6548031999625
2026-06-21T21:30:00+00:00,1.4145100000000006,1.4146999999999996,1.4143700000000003,1.4146699999999996,699.8937312863654
2026-06-21T22:00:00+00:00,1.4146699999999996,1.4165899999999996,1.4146699999999996,1.4164599999999996,1333
2026-06-21T22:30:00+00:00,1.4164599999999996,1.4167599999999996,1.4163899999999996,1.4166999999999996,987
2026-06-21T23:00:00+00:00,1.4166999999999996,1.4166999999999996,1.4163099999999997,1.4164699999999997,1435
2026-06-21T23:30:00+00:00,1.4164699999999997,1.4167699999999999,1.4163899999999998,1.4164199999999998,1442.0483579935042
2026-06-22T00:00:00+00:00,1.4164199999999998,1.4164899999999998,1.4159499999999998,1.4161099999999998,2468
2026-06-22T00:30:00+00:00,1.4161099999999998,1.41664,1.4160599999999999,1.4161299999999999,2121
2026-06-22T01:00:00+00:00,1.4161299999999999,1.4165199999999998,1.4156999999999997,1.41637,4539
2026-06-22T01:30:00+00:00,1.41637,1.4169199999999997,1.41637,1.4168999999999998,2568
2026-06-22T02:00:00+00:00,1.4168999999999998,1.4171799999999999,1.4167899999999998,1.4170099999999999,2976
2026-06-22T02:30:00+00:00,1.4170099999999999,1.4170399999999999,1.4165499999999998,1.4167199999999998,2789
2026-06-22T03:00:00+00:00,1.4167199999999998,1.4169899999999997,1.4164999999999999,1.41688,3215
2026-06-22T03:30:00+00:00,1.41688,1.4176699999999998,1.4168599999999998,1.4175399999999998,2373
2026-06-22T04:00:00+00:00,1.4175399999999998,1.4180499999999998,1.41746,1.4178499999999998,2630
2026-06-22T04:30:00+00:00,1.4178499999999998,1.4179399999999998,1.4176699999999998,1.4177699999999998,2371
2026-06-22T05:00:00+00:00,1.4177699999999998,1.4177899999999999,1.41725,1.4172599999999997,2738
2026-06-22T05:30:00+00:00,1.4172599999999997,1.4177799999999998,1.4168599999999998,1.4177799999999998,3050
2026-06-22T06:00:00+00:00,1.4177799999999998,1.4177999999999997,1.4172399999999998,1.4177899999999999,5187
2026-06-22T06:30:00+00:00,1.4177899999999999,1.4183,1.4169399999999999,1.4172299999999998,5222
2026-06-22T07:00:00+00:00,1.4172299999999998,1.4172999999999998,1.4164199999999998,1.41688,3855
2026-06-22T07:30:00+00:00,1.41688,1.4171799999999999,1.4164299999999999,1.4167499999999997,4012
2026-06-22T08:00:00+00:00,1.4167499999999997,1.4169599999999998,1.4161299999999999,1.4165699999999999,5874
2026-06-22T08:30:00+00:00,1.4165699999999999,1.4172099999999999,1.41654,1.4169199999999997,3853
2026-06-22T09:00:00+00:00,1.4169199999999997,1.4169299999999998,1.4161499999999998,1.4162499999999998,4189
2026-06-22T09:30:00+00:00,1.4162499999999998,1.4163899999999998,1.4156399999999998,1.4160899999999998,3582
2026-06-22T10:00:00+00:00,1.4160899999999998,1.4161799999999998,1.4155299999999997,1.41576,4333
2026-06-22T10:30:00+00:00,1.41576,1.4162,1.41566,1.4161599999999999,3518
2026-06-22T11:00:00+00:00,1.4161599999999999,1.41678,1.4161499999999998,1.4166199999999998,3609
2026-06-22T11:30:00+00:00,1.4166199999999998,1.4166999999999998,1.4161199999999998,1.4161599999999999,3197
2026-06-22T12:00:00+00:00,1.4161599999999999,1.4161799999999998,1.4142899999999998,1.4144299999999999,5053
2026-06-22T12:30:00+00:00,1.4144299999999999,1.4148399999999999,1.4134299999999997,1.41454,4957
2026-06-22T13:00:00+00:00,1.41454,1.4166199999999998,1.4142299999999999,1.4165899999999998,6278
2026-06-22T13:30:00+00:00,1.4165899999999998,1.4167499999999997,1.41539,1.4158799999999998,8402
2026-06-22T14:00:00+00:00,1.4158799999999998,1.4159799999999998,1.4144899999999998,1.4146999999999998,9301
2026-06-22T14:30:00+00:00,1.4146999999999998,1.4149999999999998,1.4137099999999998,1.4140899999999998,10212
2026-06-22T15:00:00+00:00,1.4140899999999998,1.41552,1.4137499999999998,1.41519,8240
2026-06-22T15:30:00+00:00,1.41519,1.4161399999999997,1.4150999999999998,1.4158099999999998,5338
2026-06-22T16:00:00+00:00,1.4158099999999998,1.4158899999999999,1.4149299999999998,1.4154999999999998,4829
2026-06-22T16:30:00+00:00,1.4154999999999998,1.4155699999999998,1.4151399999999998,1.41539,3443
2026-06-22T17:00:00+00:00,1.41539,1.4157899999999999,1.4152799999999999,1.4154499999999999,2521
2026-06-22T17:30:00+00:00,1.4154499999999999,1.41549,1.4150599999999998,1.4150699999999998,2784
2026-06-22T18:00:00+00:00,1.4150699999999998,1.4152699999999998,1.4147499999999997,1.41491,2412
2026-06-22T18:30:00+00:00,1.41491,1.4149699999999998,1.41434,1.4146499999999997,2564
2026-06-22T19:00:00+00:00,1.4146499999999997,1.41522,1.41464,1.4151699999999998,2639
2026-06-22T19:30:00+00:00,1.4151699999999998,1.4155499999999999,1.4149299999999998,1.41498,2993
2026-06-22T20:00:00+00:00,1.41498,1.41549,1.4148899999999998,1.4153099999999998,2407
2026-06-22T20:30:00+00:00,1.4153099999999998,1.4154699999999998,1.41417,1.41417,1127
2026-06-22T21:00:00+00:00,1.41417,1.4148599999999998,1.4140599999999997,1.4144899999999998,399.8488383502029
2026-06-22T21:30:00+00:00,1.4144899999999998,1.4152099999999999,1.4142599999999999,1.4149399999999999,822
2026-06-22T22:00:00+00:00,1.4149399999999999,1.4154299999999997,1.4149399999999999,1.4152699999999998,1101
2026-06-22T22:30:00+00:00,1.4152699999999998,1.4154599999999997,1.4145099999999997,1.4146499999999997,1422
2026-06-22T23:00:00+00:00,1.4146499999999997,1.4149899999999997,1.4143499999999998,1.4149299999999998,1387
2026-06-22T23:30:00+00:00,1.4149299999999998,1.4152899999999997,1.4148899999999998,1.4151699999999998,828
2026-06-23T00:00:00+00:00,1.4151699999999998,1.4157699999999998,1.4151699999999998,1.4152899999999997,4067
2026-06-23T00:30:00+00:00,1.4152899999999997,1.4153299999999998,1.4149199999999997,1.4151899999999997,3305
2026-06-23T01:00:00+00:00,1.4151899999999997,1.4160299999999997,1.4151099999999999,1.4159399999999998,3231
2026-06-23T01:30:00+00:00,1.4159399999999998,1.4160799999999998,1.4154199999999997,1.4156099999999998,2643
2026-06-23T02:00:00+00:00,1.4156099999999998,1.4156199999999999,1.4150499999999997,1.4153499999999999,3485
2026-06-23T02:30:00+00:00,1.4153499999999999,1.4160599999999999,1.4152399999999998,1.4160399999999997,3327
2026-06-23T03:00:00+00:00,1.4160399999999997,1.4164999999999999,1.4159199999999998,1.4160599999999999,2754
2026-06-23T03:30:00+00:00,1.4160599999999999,1.4162599999999999,1.4157699999999998,1.4158399999999998,2301
2026-06-23T04:00:00+00:00,1.4158399999999998,1.4162999999999997,1.4157299999999997,1.4162999999999997,2752
2026-06-23T04:30:00+00:00,1.4162999999999997,1.4167699999999999,1.4162499999999998,1.4166699999999999,1979
2026-06-23T05:00:00+00:00,1.4166699999999999,1.4167999999999998,1.4164399999999997,1.4166699999999999,2219
2026-06-23T05:30:00+00:00,1.4166699999999999,1.4169299999999998,1.4165699999999999,1.4166899999999998,2987
2026-06-23T06:00:00+00:00,1.4166899999999998,1.4174199999999997,1.4163599999999998,1.4172799999999999,4984
2026-06-23T06:30:00+00:00,1.4172799999999999,1.4178799999999998,1.4171299999999998,1.4172399999999998,5018
2026-06-23T07:00:00+00:00,1.4172399999999998,1.4173099999999998,1.4160399999999997,1.4162599999999999,6138
2026-06-23T07:30:00+00:00,1.4162599999999999,1.4172699999999998,1.4162599999999999,1.4168399999999999,7275
2026-06-23T08:00:00+00:00,1.4168399999999999,1.4171499999999997,1.4164499999999998,1.4169899999999997,6720
2026-06-23T08:30:00+00:00,1.4169899999999997,1.4174599999999997,1.4169099999999997,1.4174599999999997,4363
2026-06-23T09:00:00+00:00,1.4174599999999997,1.4176699999999998,1.4170299999999998,1.4171999999999998,4047
2026-06-23T09:30:00+00:00,1.4171999999999998,1.4175799999999998,1.4170699999999998,1.4173899999999997,4536
2026-06-23T10:00:00+00:00,1.4173899999999997,1.4177599999999997,1.4170999999999998,1.4176299999999997,4318
2026-06-23T10:30:00+00:00,1.4176299999999997,1.4180899999999999,1.4173599999999997,1.4180399999999997,3708
2026-06-23T11:00:00+00:00,1.4180399999999997,1.4182099999999997,1.4175099999999998,1.4178599999999997,3578
2026-06-23T11:30:00+00:00,1.4178599999999997,1.4183399999999997,1.4178099999999998,1.4183099999999997,3049
2026-06-23T12:00:00+00:00,1.4183099999999997,1.4184499999999998,1.4178599999999997,1.4183599999999998,5020
2026-06-23T12:30:00+00:00,1.4183599999999998,1.4183599999999998,1.4175999999999997,1.4179999999999997,5017
2026-06-23T13:00:00+00:00,1.4179999999999997,1.4183799999999998,1.4176099999999998,1.4177299999999997,5709
2026-06-23T13:30:00+00:00,1.4177299999999997,1.4181099999999998,1.4161799999999998,1.4172799999999999,7054
2026-06-23T14:00:00+00:00,1.4172799999999999,1.4192099999999999,1.4170899999999997,1.4189399999999999,7981
2026-06-23T14:30:00+00:00,1.4189399999999999,1.4192499999999997,1.4182799999999998,1.4189399999999999,7573
2026-06-23T15:00:00+00:00,1.4189399999999999,1.4194599999999997,1.4185199999999998,1.4190499999999997,7998
2026-06-23T15:30:00+00:00,1.4190499999999997,1.4196999999999997,1.4188699999999999,1.4191799999999999,6635
2026-06-23T16:00:00+00:00,1.4191799999999999,1.4195899999999997,1.4187999999999998,1.4192899999999997,4332
2026-06-23T16:30:00+00:00,1.4192899999999997,1.4200999999999997,1.4192699999999998,1.4200799999999998,5088
2026-06-23T17:00:00+00:00,1.4200799999999998,1.4204199999999998,1.4198599999999997,1.4204199999999998,4100
2026-06-23T17:30:00+00:00,1.4204199999999998,1.4205099999999997,1.4200199999999998,1.4201899999999998,3653
2026-06-23T18:00:00+00:00,1.4201899999999998,1.4205599999999998,1.4200399999999997,1.4205599999999998,2990
2026-06-23T18:30:00+00:00,1.4205599999999998,1.4209899999999998,1.4203999999999999,1.4206999999999999,4746
2026-06-23T19:00:00+00:00,1.4206999999999999,1.4207299999999998,1.4201999999999997,1.4202799999999998,3415
2026-06-23T19:30:00+00:00,1.4202799999999998,1.4204899999999998,1.4199499999999998,1.4201699999999997,3691
2026-06-23T20:00:00+00:00,1.4201699999999997,1.4205099999999997,1.4201599999999999,1.4203199999999998,2119
2026-06-23T20:30:00+00:00,1.4203199999999998,1.4204499999999998,1.4200899999999999,1.4202299999999999,1783
2026-06-23T21:00:00+00:00,1.4202299999999999,1.4202299999999999,1.4194899999999997,1.4196499999999999,355.9388889066553
2026-06-23T21:30:00+00:00,1.4196499999999999,1.4203799999999998,1.4194299999999997,1.4196199999999999,1152
2026-06-23T22:00:00+00:00,1.4196199999999999,1.4207399999999997,1.4195699999999998,1.4205499999999998,494
2026-06-23T22:30:00+00:00,1.4205499999999998,1.4206099999999997,1.4203799999999998,1.4204299999999999,385
2026-06-23T23:00:00+00:00,1.4204299999999999,1.4205099999999997,1.4202399999999997,1.4204999999999999,845
2026-06-23T23:30:00+00:00,1.4204999999999999,1.4205799999999997,1.4200399999999997,1.4203099999999997,1729
2026-06-24T00:00:00+00:00,1.4203099999999997,1.4207599999999998,1.4201899999999998,1.4204199999999998,4438
2026-06-24T00:30:00+00:00,1.4204199999999998,1.4205899999999998,1.4199699999999997,1.4203399999999997,2901
2026-06-24T01:00:00+00:00,1.4203399999999997,1.4208199999999997,1.4202899999999998,1.4202999999999997,4396
2026-06-24T01:30:00+00:00,1.4202999999999997,1.4204299999999999,1.4198999999999997,1.4200099999999998,4190
2026-06-24T02:00:00+00:00,1.4200099999999998,1.4202099999999998,1.4198999999999997,1.4200299999999997,2245
2026-06-24T02:30:00+00:00,1.4200299999999997,1.4210299999999998,1.4200099999999998,1.4210299999999998,3051
2026-06-24T03:00:00+00:00,1.4210299999999998,1.4216899999999997,1.4209199999999997,1.4210999999999998,2789
2026-06-24T03:30:00+00:00,1.4210999999999998,1.4211499999999997,1.4205999999999999,1.4207599999999998,2137
2026-06-24T04:00:00+00:00,1.4207599999999998,1.4211199999999997,1.4205699999999999,1.4207099999999997,2112
2026-06-24T04:30:00+00:00,1.4207099999999997,1.4208099999999997,1.4204699999999997,1.4207799999999997,1716
2026-06-24T05:00:00+00:00,1.4207799999999997,1.4208399999999999,1.4204499999999998,1.4207499999999997,3132
2026-06-24T05:30:00+00:00,1.4207499999999997,1.4210399999999999,1.4206199999999998,1.4209299999999998,2517
2026-06-24T06:00:00+00:00,1.4209299999999998,1.4216399999999998,1.4206699999999999,1.4215699999999998,4413
2026-06-24T06:30:00+00:00,1.4215699999999998,1.4217599999999997,1.4213199999999997,1.4216099999999998,3893
2026-06-24T07:00:00+00:00,1.4216099999999998,1.4218899999999999,1.4213599999999997,1.4216599999999997,5196
2026-06-24T07:30:00+00:00,1.4216599999999997,1.4221499999999998,1.4216199999999999,1.4220899999999999,3235
2026-06-24T08:00:00+00:00,1.4220899999999999,1.4231699999999998,1.4219599999999997,1.4222699999999997,5963
2026-06-24T08:30:00+00:00,1.4222699999999997,1.4226099999999997,1.4219299999999997,1.4221499999999998,4161
2026-06-24T09:00:00+00:00,1.4221499999999998,1.4229399999999999,1.4220299999999997,1.4228199999999998,3670
2026-06-24T09:30:00+00:00,1.4228199999999998,1.4230399999999999,1.4223499999999998,1.4225699999999997,3801
2026-06-24T10:00:00+00:00,1.4225699999999997,1.4228999999999998,1.4224299999999999,1.4225499999999998,4362
2026-06-24T10:30:00+00:00,1.4225499999999998,1.4226399999999997,1.4218099999999998,1.4218699999999997,3997
2026-06-24T11:00:00+00:00,1.4218699999999997,1.4223199999999998,1.4216799999999998,1.4220199999999998,3113
2026-06-24T11:30:00+00:00,1.4220199999999998,1.4223199999999998,1.4214299999999997,1.4221399999999997,5620
2026-06-24T12:00:00+00:00,1.4221399999999997,1.4232699999999998,1.4216299999999997,1.4230299999999998,6586
2026-06-24T12:30:00+00:00,1.4230299999999998,1.4237699999999998,1.4229999999999998,1.4232799999999999,5485
2026-06-24T13:00:00+00:00,1.4232799999999999,1.4240999999999997,1.4227199999999998,1.4227299999999998,7045
2026-06-24T13:30:00+00:00,1.4227299999999998,1.4229499999999997,1.4218499999999998,1.4222499999999998,10019
2026-06-24T14:00:00+00:00,1.4222499999999998,1.4232099999999999,1.4218399999999998,1.4226999999999999,8401
2026-06-24T14:30:00+00:00,1.4226999999999999,1.4238399999999998,1.4226299999999998,1.4233899999999997,7867
2026-06-24T15:00:00+00:00,1.4233899999999997,1.4235599999999997,1.4220099999999998,1.4222999999999997,6529
2026-06-24T15:30:00+00:00,1.4222999999999997,1.4231899999999997,1.4222799999999998,1.4230999999999998,5660
2026-06-24T16:00:00+00:00,1.4230999999999998,1.4231399999999998,1.4216899999999997,1.4217199999999999,4525
2026-06-24T16:30:00+00:00,1.4217199999999999,1.4217499999999998,1.4208099999999997,1.4211799999999999,4931
2026-06-24T17:00:00+00:00,1.4211799999999999,1.4223799999999998,1.4210599999999998,1.4222799999999998,4093
2026-06-24T17:30:00+00:00,1.4222799999999998,1.4229099999999997,1.4219099999999998,1.4228099999999997,4952
2026-06-24T18:00:00+00:00,1.4228099999999997,1.4229799999999997,1.4224899999999998,1.4225299999999999,4438
2026-06-24T18:30:00+00:00,1.4225299999999999,1.4232099999999999,1.4222299999999999,1.4229599999999998,4721
2026-06-24T19:00:00+00:00,1.4229599999999998,1.4234299999999998,1.4226299999999998,1.4230899999999997,3933
2026-06-24T19:30:00+00:00,1.4230899999999997,1.4231599999999998,1.4224299999999999,1.4225499999999998,4049
2026-06-24T20:00:00+00:00,1.4225499999999998,1.4227799999999997,1.4222299999999999,1.4223399999999997,2538
2026-06-24T20:30:00+00:00,1.4223399999999997,1.4227699999999999,1.4222399999999997,1.4224699999999997,3235
2026-06-24T21:00:00+00:00,1.4224699999999997,1.4224699999999997,1.421589999999999,1.4216899999999995,596.8627764607829
2026-06-24T21:30:00+00:00,1.4216899999999995,1.4225599999999994,1.4216599999999995,1.4224199999999994,1400
2026-06-24T22:00:00+00:00,1.4224199999999994,1.4227399999999994,1.4222999999999995,1.4226699999999994,679
2026-06-24T22:30:00+00:00,1.4226699999999994,1.4227399999999994,1.4224799999999995,1.4226799999999995,441.4334939855773
2026-06-24T23:00:00+00:00,1.4226799999999995,1.4228399999999994,1.4225199999999996,1.4228099999999995,968.8191980034999
2026-06-24T23:30:00+00:00,1.4228099999999995,1.4229299999999996,1.4225799999999995,1.4228599999999996,1153
2026-06-25T00:00:00+00:00,1.4228599999999996,1.4234199999999995,1.4228499999999995,1.4233499999999994,3797
2026-06-25T00:30:00+00:00,1.4233499999999994,1.4236099999999996,1.4229199999999995,1.4229699999999996,2293
2026-06-25T01:00:00+00:00,1.4229699999999996,1.4230299999999996,1.4220599999999997,1.4223499999999996,3826
2026-06-25T01:30:00+00:00,1.4223499999999996,1.4229599999999996,1.4220299999999995,1.4228399999999997,4189
2026-06-25T02:00:00+00:00,1.4228399999999997,1.4229899999999995,1.4222999999999995,1.4224699999999995,3117
2026-06-25T02:30:00+00:00,1.4224699999999995,1.4227599999999996,1.4223499999999996,1.4225599999999996,2674
2026-06-25T03:00:00+00:00,1.4225599999999996,1.4226199999999996,1.4222199999999996,1.4225299999999996,3022
2026-06-25T03:30:00+00:00,1.4225299999999996,1.4225699999999994,1.4220799999999996,1.4221799999999996,2633
2026-06-25T04:00:00+00:00,1.4221799999999996,1.4223699999999995,1.4220499999999996,1.4221599999999996,2304
2026-06-25T04:30:00+00:00,1.4221599999999996,1.4223999999999997,1.4221499999999996,1.4223099999999995,2061
2026-06-25T05:00:00+00:00,1.4223099999999995,1.4227199999999995,1.4222699999999995,1.4226399999999995,2201
2026-06-25T05:30:00+00:00,1.4226399999999995,1.4232299999999996,1.4225299999999996,1.4231999999999996,2125
2026-06-25T06:00:00+00:00,1.4231999999999996,1.4234699999999996,1.4229499999999995,1.4230299999999996,3531
2026-06-25T06:30:00+00:00,1.4230299999999996,1.4235499999999996,1.4229699999999996,1.4232099999999996,4346
2026-06-25T07:00:00+00:00,1.4232099999999996,1.4235899999999995,1.4228999999999996,1.4232199999999995,4096
2026-06-25T07:30:00+00:00,1.4232199999999995,1.4232399999999996,1.4223899999999996,1.4223899999999996,3840
2026-06-25T08:00:00+00:00,1.4223899999999996,1.4224499999999995,1.4216599999999995,1.4217299999999995,4437
2026-06-25T08:30:00+00:00,1.4217299999999995,1.4222199999999996,1.4215399999999996,1.4221199999999996,4606
2026-06-25T09:00:00+00:00,1.4221199999999996,1.4227799999999995,1.4220099999999996,1.4224199999999996,4236
2026-06-25T09:30:00+00:00,1.4224199999999996,1.4228699999999996,1.4221599999999996,1.4226799999999995,4067
2026-06-25T10:00:00+00:00,1.4226799999999995,1.4232199999999995,1.4225899999999996,1.4230599999999995,3255
2026-06-25T10:30:00+00:00,1.4230599999999995,1.4237699999999995,1.4230599999999995,1.4235199999999995,3652
2026-06-25T11:00:00+00:00,1.4235199999999995,1.4239499999999996,1.4234999999999995,1.4239199999999996,3138
2026-06-25T11:30:00+00:00,1.4239199999999996,1.4241199999999996,1.4234299999999995,1.4234499999999997,2872
2026-06-25T12:00:00+00:00,1.4234499999999997,1.4240799999999996,1.4231999999999996,1.4237199999999997,3702
2026-06-25T12:30:00+00:00,1.4237199999999997,1.4237799999999996,1.4214099999999996,1.4229099999999995,9127
2026-06-25T13:00:00+00:00,1.4229099999999995,1.4231399999999996,1.4210699999999996,1.4211099999999997,7246
2026-06-25T13:30:00+00:00,1.4211099999999997,1.4212199999999995,1.4201199999999996,1.4207299999999996,9741
2026-06-25T14:00:00+00:00,1.4207299999999996,1.4207699999999996,1.4187799999999995,1.4199499999999996,9390
2026-06-25T14:30:00+00:00,1.4199499999999996,1.4201499999999996,1.4188999999999996,1.4196599999999995,9548
2026-06-25T15:00:00+00:00,1.4196599999999995,1.4199699999999995,1.4183099999999995,1.4185199999999996,9399
2026-06-25T15:30:00+00:00,1.4185199999999996,1.4196399999999996,1.4183499999999996,1.4184099999999995,7045
2026-06-25T16:00:00+00:00,1.4184099999999995,1.4185299999999996,1.4170299999999996,1.4172599999999995,7800
2026-06-25T16:30:00+00:00,1.4172599999999995,1.4186399999999995,1.4171699999999996,1.4182899999999996,5481
2026-06-25T17:00:00+00:00,1.4182899999999996,1.4186799999999995,1.4180799999999996,1.4186099999999995,4754
2026-06-25T17:30:00+00:00,1.4186099999999995,1.4191099999999996,1.4184399999999995,1.4188299999999996,4009
2026-06-25T18:00:00+00:00,1.4188299999999996,1.4193299999999995,1.4184999999999997,1.4185399999999995,5207
2026-06-25T18:30:00+00:00,1.4185399999999995,1.4193999999999996,1.4184699999999995,1.4189699999999996,4447
2026-06-25T19:00:00+00:00,1.4189699999999996,1.4192199999999995,1.4185099999999995,1.4185299999999996,3948
2026-06-25T19:30:00+00:00,1.4185299999999996,1.4195399999999996,1.4183799999999995,1.4188199999999995,4574
2026-06-25T20:00:00+00:00,1.4188199999999995,1.4193099999999996,1.4186399999999995,1.4192199999999995,2416
2026-06-25T20:30:00+00:00,1.4192199999999995,1.4194699999999996,1.4190299999999996,1.4193099999999996,1371
2026-06-25T21:00:00+00:00,1.4193099999999996,1.4193099999999996,1.4181899999999994,1.4185899999999994,234.60970839039427
2026-06-25T21:30:00+00:00,1.4185899999999994,1.4188899999999993,1.4182699999999993,1.4184399999999993,649.172482675043
2026-06-25T22:00:00+00:00,1.4184399999999993,1.4193299999999993,1.4184399999999993,1.4192799999999992,983
2026-06-25T22:30:00+00:00,1.4192799999999992,1.4194399999999994,1.4181599999999992,1.4182999999999992,2235
2026-06-25T23:00:00+00:00,1.4182999999999992,1.4192499999999992,1.4182099999999993,1.4191999999999994,2631
2026-06-25T23:30:00+00:00,1.4191999999999994,1.4194999999999993,1.4191899999999993,1.4193599999999993,1400
2026-06-26T00:00:00+00:00,1.4193599999999993,1.4194899999999993,1.4187699999999992,1.4187899999999993,4204
2026-06-26T00:30:00+00:00,1.4187899999999993,1.4191799999999992,1.4187499999999993,1.4189899999999993,3459
2026-06-26T01:00:00+00:00,1.4189899999999993,1.4190199999999993,1.4184799999999993,1.4186299999999994,3761
2026-06-26T01:30:00+00:00,1.4186299999999994,1.4195299999999993,1.4186099999999993,1.4191199999999993,4341
2026-06-26T02:00:00+00:00,1.4191199999999993,1.4202099999999993,1.4189499999999993,1.4200299999999992,3701
2026-06-26T02:30:00+00:00,1.4200299999999992,1.4200999999999993,1.4194399999999994,1.4196799999999994,3455
2026-06-26T03:00:00+00:00,1.4196799999999994,1.4198199999999992,1.4192299999999993,1.4193999999999993,3450
2026-06-26T03:30:00+00:00,1.4193999999999993,1.4195299999999993,1.4185699999999992,1.4186699999999992,4031
2026-06-26T04:00:00+00:00,1.4186699999999992,1.4188099999999992,1.4183699999999992,1.4184799999999993,3489
2026-06-26T04:30:00+00:00,1.4184799999999993,1.4187899999999993,1.4182799999999993,1.4183899999999994,2830
2026-06-26T05:00:00+00:00,1.4183899999999994,1.4185299999999994,1.4181899999999994,1.4182599999999992,3234
2026-06-26T05:30:00+00:00,1.4182599999999992,1.4184299999999992,1.4177499999999994,1.4179899999999992,3407
2026-06-26T06:00:00+00:00,1.4179899999999992,1.4190199999999993,1.4179399999999993,1.4185499999999993,3916
2026-06-26T06:30:00+00:00,1.4185499999999993,1.4188999999999994,1.4181799999999993,1.4183799999999993,4727
2026-06-26T07:00:00+00:00,1.4183799999999993,1.4190099999999992,1.4182199999999994,1.4188299999999994,5606
2026-06-26T07:30:00+00:00,1.4188299999999994,1.4193499999999992,1.4182699999999993,1.4190299999999993,4700
2026-06-26T08:00:00+00:00,1.4190299999999993,1.4192199999999993,1.4174299999999993,1.4176299999999993,6506
2026-06-26T08:30:00+00:00,1.4176299999999993,1.4181399999999993,1.4173799999999992,1.4178799999999994,5803
2026-06-26T09:00:00+00:00,1.4178799999999994,1.4182099999999993,1.4173899999999993,1.4174099999999994,5188
2026-06-26T09:30:00+00:00,1.4174099999999994,1.4177699999999993,1.4171899999999993,1.4177399999999993,3690
2026-06-26T10:00:00+00:00,1.4177399999999993,1.4178099999999993,1.4173099999999994,1.4173999999999993,4289
2026-06-26T10:30:00+00:00,1.4173999999999993,1.4176199999999992,1.4171499999999992,1.4172599999999993,3989
2026-06-26T11:00:00+00:00,1.4172599999999993,1.4178399999999993,1.4172099999999992,1.4172099999999992,4461
2026-06-26T11:30:00+00:00,1.4172099999999992,1.4183099999999993,1.4171099999999992,1.4179299999999992,4297
2026-06-26T12:00:00+00:00,1.4179299999999992,1.4180099999999993,1.4168899999999993,1.4169899999999993,6075
2026-06-26T12:30:00+00:00,1.4169899999999993,1.4176999999999993,1.4166499999999993,1.4170099999999992,6745
2026-06-26T13:00:00+00:00,1.4170099999999992,1.4173499999999992,1.4161599999999992,1.4168199999999993,8727
2026-06-26T13:30:00+00:00,1.4168199999999993,1.4171999999999993,1.4163999999999992,1.4166699999999992,8408
2026-06-26T14:00:00+00:00,1.4166699999999992,1.4171999999999993,1.4162699999999993,1.4169999999999994,7324
2026-06-26T14:30:00+00:00,1.4169999999999994,1.4192799999999992,1.4168699999999992,1.4192399999999994,10216
2026-06-26T15:00:00+00:00,1.4192399999999994,1.4192899999999993,1.4180299999999992,1.4180699999999993,6369
2026-06-26T15:30:00+00:00,1.4180699999999993,1.4185399999999992,1.4172799999999992,1.4176299999999993,6324
2026-06-26T16:00:00+00:00,1.4176299999999993,1.4183999999999992,1.4172399999999994,1.4183799999999993,5356
2026-06-26T16:30:00+00:00,1.4183799999999993,1.4189399999999992,1.4182899999999994,1.4184699999999992,5174
2026-06-26T17:00:00+00:00,1.4184699999999992,1.4185199999999993,1.4179699999999993,1.4182599999999992,3409
2026-06-26T17:30:00+00:00,1.4182599999999992,1.4185199999999993,1.4181199999999994,1.4183899999999994,3072
2026-06-26T18:00:00+00:00,1.4183899999999994,1.4184199999999993,1.4179299999999992,1.4181699999999993,2632
2026-06-26T18:30:00+00:00,1.4181699999999993,1.4184999999999992,1.4178099999999993,1.4184999999999992,3301
2026-06-26T19:00:00+00:00,1.4184999999999992,1.4185699999999992,1.4180499999999994,1.4182199999999994,2476
2026-06-26T19:30:00+00:00,1.4182199999999994,1.4183499999999993,1.4170399999999992,1.4173099999999994,3244
2026-06-26T20:00:00+00:00,1.4173099999999994,1.4176899999999992,1.4171099999999992,1.4175599999999993,1813
2026-06-26T20:30:00+00:00,1.4175599999999993,1.4187099999999992,1.4171699999999994,1.4181999999999992,2799.8610007318352
2026-06-28T21:00:00+00:00,1.4181999999999992,1.4183399999999993,1.4156299999999993,1.4157299999999993,188.0412104437902
2026-06-28T21:30:00+00:00,1.4157299999999993,1.4166599999999991,1.415629999999999,1.416409999999999,885.7808432650645
2026-06-28T22:00:00+00:00,1.416409999999999,1.417519999999999,1.4163899999999991,1.4171399999999992,852
2026-06-28T22:30:00+00:00,1.4171399999999992,1.4171399999999992,1.416849999999999,1.4169499999999988,466.50754922213196
2026-06-28T23:00:00+00:00,1.4169499999999988,1.4169499999999988,1.4166499999999989,1.4166799999999988,842
2026-06-28T23:30:00+00:00,1.4166799999999988,1.4173599999999988,1.4166799999999988,1.4169199999999988,1285
2026-06-29T00:00:00+00:00,1.4169199999999988,1.417709999999999,1.4168799999999988,1.4175299999999988,4429
2026-06-29T00:30:00+00:00,1.4175299999999988,1.417549999999999,1.4169599999999989,1.417069999999999,2899
2026-06-29T01:00:00+00:00,1.417069999999999,1.417579999999999,1.416759999999999,1.416929999999999,3281
2026-06-29T01:30:00+00:00,1.416929999999999,1.4170499999999988,1.4166099999999988,1.4169799999999988,3153
2026-06-29T02:00:00+00:00,1.4169799999999988,1.4170899999999989,1.416049999999999,1.4160999999999988,2742
2026-06-29T02:30:00+00:00,1.4160999999999988,1.4168499999999988,1.416089999999999,1.4168199999999989,2865
2026-06-29T03:00:00+00:00,1.4168199999999989,1.4168199999999989,1.4165099999999988,1.4165399999999988,2115
2026-06-29T03:30:00+00:00,1.4165399999999988,1.4170599999999989,1.416419999999999,1.4170199999999988,2218
2026-06-29T04:00:00+00:00,1.4170199999999988,1.417209999999999,1.416929999999999,1.417039999999999,2052
2026-06-29T04:30:00+00:00,1.417039999999999,1.417209999999999,1.4168799999999988,1.417109999999999,2048
2026-06-29T05:00:00+00:00,1.417109999999999,1.417129999999999,1.4167399999999988,1.416859999999999,1899
2026-06-29T05:30:00+00:00,1.416859999999999,1.416899999999999,1.4161799999999989,1.4163699999999988,2146
2026-06-29T06:00:00+00:00,1.4163699999999988,1.4168099999999988,1.4162999999999988,1.4163499999999989,2654
2026-06-29T06:30:00+00:00,1.4163499999999989,1.4164099999999988,1.4154299999999989,1.415579999999999,3097
2026-06-29T07:00:00+00:00,1.415579999999999,1.4163099999999988,1.415579999999999,1.4161699999999988,3724
2026-06-29T07:30:00+00:00,1.4161699999999988,1.4169199999999988,1.4160299999999988,1.416799999999999,3628
2026-06-29T08:00:00+00:00,1.416799999999999,1.4175599999999988,1.416569999999999,1.417199999999999,3814
2026-06-29T08:30:00+00:00,1.417199999999999,1.417819999999999,1.4169499999999988,1.4175899999999988,3424
2026-06-29T09:00:00+00:00,1.4175899999999988,1.4176599999999988,1.417099999999999,1.417169999999999,3524
2026-06-29T09:30:00+00:00,1.417169999999999,1.417299999999999,1.416759999999999,1.416799999999999,3205
2026-06-29T10:00:00+00:00,1.416799999999999,1.417109999999999,1.4167399999999988,1.417069999999999,3019
2026-06-29T10:30:00+00:00,1.417069999999999,1.4173899999999988,1.4169899999999989,1.4173499999999988,2967
2026-06-29T11:00:00+00:00,1.4173499999999988,1.4179399999999989,1.4169499999999988,1.417789999999999,3353
2026-06-29T11:30:00+00:00,1.417789999999999,1.418689999999999,1.4175699999999989,1.418359999999999,3508
2026-06-29T12:00:00+00:00,1.418359999999999,1.418499999999999,1.4179399999999989,1.4182699999999988,4600
2026-06-29T12:30:00+00:00,1.4182699999999988,1.4188899999999989,1.4177599999999988,1.4183399999999988,4179
2026-06-29T13:00:00+00:00,1.4183399999999988,1.418899999999999,1.4182399999999988,1.418419999999999,4345
2026-06-29T13:30:00+00:00,1.418419999999999,1.4193299999999989,1.4181999999999988,1.418869999999999,8599
2026-06-29T14:00:00+00:00,1.418869999999999,1.419679999999999,1.418529999999999,1.419169999999999,8256
2026-06-29T14:30:00+00:00,1.419169999999999,1.4193899999999988,1.4181299999999988,1.4188899999999989,8435
2026-06-29T15:00:00+00:00,1.4188899999999989,1.419009999999999,1.418559999999999,1.4188099999999988,6184
2026-06-29T15:30:00+00:00,1.4188099999999988,1.4193999999999989,1.418699999999999,1.419099999999999,4885
2026-06-29T16:00:00+00:00,1.419099999999999,1.419199999999999,1.418559999999999,1.418599999999999,3861
2026-06-29T16:30:00+00:00,1.418599999999999,1.4186099999999988,1.417479999999999,1.4181099999999989,4365
2026-06-29T17:00:00+00:00,1.4181099999999989,1.418659999999999,1.418079999999999,1.4184399999999988,3817
2026-06-29T17:30:00+00:00,1.4184399999999988,1.418869999999999,1.4174899999999988,1.417749999999999,3246
2026-06-29T18:00:00+00:00,1.417749999999999,1.4181299999999988,1.417649999999999,1.417959999999999,2686
2026-06-29T18:30:00+00:00,1.417959999999999,1.418329999999999,1.417849999999999,1.418189999999999,3152
2026-06-29T19:00:00+00:00,1.418189999999999,1.4185799999999988,1.418049999999999,1.418149999999999,2764
2026-06-29T19:30:00+00:00,1.418149999999999,1.418329999999999,1.4178999999999988,1.4182099999999989,3003
2026-06-29T20:00:00+00:00,1.4182099999999989,1.4184499999999989,1.418059999999999,1.4184499999999989,1978
2026-06-29T20:30:00+00:00,1.4184499999999989,1.4192599999999989,1.4183099999999988,1.418799999999999,1292
2026-06-29T21:00:00+00:00,1.418799999999999,1.4189899999999986,1.4181399999999988,1.4189799999999988,306.94070796460176
2026-06-29T21:30:00+00:00,1.4189799999999988,1.4190099999999988,1.4181599999999988,1.4183699999999988,1477
2026-06-29T22:00:00+00:00,1.4183699999999988,1.4189899999999986,1.4183299999999988,1.4186399999999988,639.0773104372713
2026-06-29T22:30:00+00:00,1.4186399999999988,1.4187699999999988,1.4180699999999988,1.4181099999999989,1455
2026-06-29T23:00:00+00:00,1.4181099999999989,1.4186999999999987,1.4179699999999988,1.4186999999999987,1290
2026-06-29T23:30:00+00:00,1.4186999999999987,1.4190399999999987,1.4185699999999988,1.4190399999999987,850
2026-06-30T00:00:00+00:00,1.4190399999999987,1.4197099999999987,1.4189999999999987,1.4196199999999988,3104
2026-06-30T00:30:00+00:00,1.4196199999999988,1.4202299999999988,1.4193799999999988,1.4195999999999989,3698
2026-06-30T01:00:00+00:00,1.4195999999999989,1.4203199999999987,1.4194199999999988,1.4197299999999988,5145
2026-06-30T01:30:00+00:00,1.4197299999999988,1.4207699999999988,1.4193099999999987,1.4206599999999987,3982
2026-06-30T02:00:00+00:00,1.4206599999999987,1.4210699999999987,1.4205799999999988,1.4210099999999988,2612
2026-06-30T02:30:00+00:00,1.4210099999999988,1.4210899999999989,1.4206999999999987,1.4208299999999987,2001
2026-06-30T03:00:00+00:00,1.4208299999999987,1.4211999999999987,1.4206799999999988,1.4210499999999988,2040
2026-06-30T03:30:00+00:00,1.4210499999999988,1.4214799999999987,1.4209399999999988,1.4211599999999989,1734
2026-06-30T04:00:00+00:00,1.4211599999999989,1.4213099999999987,1.4209899999999989,1.4212599999999989,1128
2026-06-30T04:30:00+00:00,1.4212599999999989,1.4216199999999988,1.4209999999999987,1.4216099999999987,2115
2026-06-30T05:00:00+00:00,1.4216099999999987,1.4216999999999989,1.4211999999999987,1.4212499999999988,2146
2026-06-30T05:30:00+00:00,1.4212499999999988,1.4215199999999988,1.4210499999999988,1.4214499999999988,1961
2026-06-30T06:00:00+00:00,1.4214499999999988,1.4218899999999988,1.4209399999999988,1.4209499999999988,3155
2026-06-30T06:30:00+00:00,1.4209499999999988,1.4213499999999988,1.4206999999999987,1.4207199999999989,4928
2026-06-30T07:00:00+00:00,1.4207199999999989,1.4210099999999988,1.4202999999999988,1.4204699999999988,4200
2026-06-30T07:30:00+00:00,1.4204699999999988,1.4211499999999988,1.4202999999999988,1.4209099999999988,3867
2026-06-30T08:00:00+00:00,1.4209099999999988,1.4215699999999987,1.4207399999999988,1.4209299999999987,6220
2026-06-30T08:30:00+00:00,1.4209299999999987,1.4215999999999989,1.4207799999999988,1.4212299999999987,5319
2026-06-30T09:00:00+00:00,1.4212299999999987,1.4216899999999988,1.4209799999999988,1.4216699999999989,3917
2026-06-30T09:30:00+00:00,1.4216699999999989,1.4219399999999989,1.4214499999999988,1.4214799999999987,3949
2026-06-30T10:00:00+00:00,1.4214799999999987,1.4217499999999987,1.4214199999999988,1.4215799999999987,3315
2026-06-30T10:30:00+00:00,1.4215799999999987,1.4218799999999987,1.4210299999999987,1.4210399999999987,3322
2026-06-30T11:00:00+00:00,1.4210399999999987,1.4218799999999987,1.4209699999999987,1.4218399999999987,4189
2026-06-30T11:30:00+00:00,1.4218399999999987,1.4227099999999988,1.4214599999999988,1.4215899999999988,4567
2026-06-30T12:00:00+00:00,1.4215899999999988,1.4219699999999988,1.4213399999999987,1.4216199999999988,4212
2026-06-30T12:30:00+00:00,1.4216199999999988,1.4217299999999988,1.4203399999999988,1.4207199999999989,5664
2026-06-30T13:00:00+00:00,1.4207199999999989,1.4207599999999987,1.4193099999999987,1.4200399999999989,6229
2026-06-30T13:30:00+00:00,1.4200399999999989,1.4206499999999989,1.4198599999999988,1.4203299999999988,7041
2026-06-30T14:00:00+00:00,1.4203299999999988,1.4205799999999988,1.4179999999999988,1.4182599999999987,8907
2026-06-30T14:30:00+00:00,1.4182599999999987,1.4185499999999989,1.4163499999999987,1.4167699999999988,11460
2026-06-30T15:00:00+00:00,1.4167699999999988,1.4180899999999987,1.4162899999999987,1.4180599999999988,7924
2026-06-30T15:30:00+00:00,1.4180599999999988,1.4187099999999988,1.4178099999999987,1.4185299999999987,5168
2026-06-30T16:00:00+00:00,1.4185299999999987,1.4188399999999988,1.4183599999999987,1.4186599999999987,4092
2026-06-30T16:30:00+00:00,1.4186599999999987,1.4190899999999989,1.4183299999999988,1.4187399999999988,3425
2026-06-30T17:00:00+00:00,1.4187399999999988,1.4191899999999988,1.4185299999999987,1.4188699999999987,3328
2026-06-30T17:30:00+00:00,1.4188699999999987,1.4189299999999987,1.4180799999999987,1.4182799999999989,2535
2026-06-30T18:00:00+00:00,1.4182799999999989,1.4184599999999987,1.4177999999999988,1.4179999999999988,3212
2026-06-30T18:30:00+00:00,1.4179999999999988,1.4184799999999989,1.4177899999999988,1.4183199999999987,3256
2026-06-30T19:00:00+00:00,1.4183199999999987,1.4185699999999988,1.4179499999999987,1.4183499999999987,3415
2026-06-30T19:30:00+00:00,1.4183499999999987,1.4183799999999989,1.4160899999999987,1.4162799999999989,5428
2026-06-30T20:00:00+00:00,1.4162799999999989,1.4169899999999989,1.4157699999999989,1.4169599999999987,2718
2026-06-30T20:30:00+00:00,1.4169599999999987,1.4177399999999987,1.4168599999999987,1.4174399999999987,2012
2026-06-30T21:00:00+00:00,1.4174399999999987,1.4175199999999988,1.4170399999999987,1.4173799999999988,271.2396313364055
2026-06-30T21:30:00+00:00,1.4173799999999988,1.4173899999999986,1.4169599999999987,1.4172299999999987,399.77890011223343
2026-06-30T22:00:00+00:00,1.4172299999999987,1.4176499999999987,1.4172299999999987,1.4173799999999988,586
2026-06-30T22:30:00+00:00,1.4173799999999988,1.4175799999999987,1.4173299999999986,1.4175399999999987,440.6086609989373
2026-06-30T23:00:00+00:00,1.4175399999999987,1.4178699999999986,1.4173899999999986,1.4178399999999987,981
2026-06-30T23:30:00+00:00,1.4178399999999987,1.4187699999999988,1.4176099999999987,1.4187299999999987,1212
2026-07-01T00:00:00+00:00,1.4187299999999987,1.4191599999999986,1.4184499999999987,1.4191199999999986,2431
2026-07-01T00:30:00+00:00,1.4191199999999986,1.4193999999999987,1.4189199999999986,1.4192299999999987,2429
2026-07-01T01:00:00+00:00,1.4192299999999987,1.4200999999999988,1.4191499999999988,1.4196999999999986,3218
2026-07-01T01:30:00+00:00,1.4196999999999986,1.4200799999999987,1.4195799999999987,1.4198599999999988,2504
2026-07-01T02:00:00+00:00,1.4198599999999988,1.4200899999999987,1.4195499999999988,1.4198199999999987,2922
2026-07-01T02:30:00+00:00,1.4198199999999987,1.4198899999999988,1.4194799999999987,1.4198199999999987,2137
2026-07-01T03:00:00+00:00,1.4198199999999987,1.4198999999999986,1.4195499999999988,1.4197499999999987,1894
2026-07-01T03:30:00+00:00,1.4197499999999987,1.4199699999999986,1.4196599999999988,1.4196799999999987,1814
2026-07-01T04:00:00+00:00,1.4196799999999987,1.4198699999999986,1.4196299999999986,1.4196699999999987,1241
2026-07-01T04:30:00+00:00,1.4196699999999987,1.4196799999999987,1.4191099999999988,1.4193799999999988,2009
2026-07-01T05:00:00+00:00,1.4193799999999988,1.4195599999999986,1.4190399999999987,1.4190699999999987,1673
2026-07-01T05:30:00+00:00,1.4190699999999987,1.4191999999999987,1.4188599999999987,1.4190499999999988,2214
2026-07-01T06:00:00+00:00,1.4190499999999988,1.4195599999999986,1.4190399999999987,1.4195399999999987,3309
2026-07-01T06:30:00+00:00,1.4195399999999987,1.4199999999999986,1.4194699999999987,1.4195499999999988,3162
2026-07-01T07:00:00+00:00,1.4195499999999988,1.4201399999999986,1.4193399999999987,1.4201099999999987,5019
2026-07-01T07:30:00+00:00,1.4201099999999987,1.4201999999999988,1.4194499999999988,1.4196599999999988,4212
2026-07-01T08:00:00+00:00,1.4196599999999988,1.4204099999999986,1.4196199999999988,1.4202599999999987,3616
2026-07-01T08:30:00+00:00,1.4202599999999987,1.4204499999999987,1.4198099999999987,1.4201199999999987,3002
2026-07-01T09:00:00+00:00,1.4201199999999987,1.4204299999999987,1.4199399999999986,1.4200399999999986,3630
2026-07-01T09:30:00+00:00,1.4200399999999986,1.4204799999999986,1.4199899999999988,1.4203599999999987,3050
2026-07-01T10:00:00+00:00,1.4203599999999987,1.4204699999999988,1.4196399999999987,1.4196399999999987,3659
2026-07-01T10:30:00+00:00,1.4196399999999987,1.4197499999999987,1.4192499999999988,1.4194099999999987,3297
2026-07-01T11:00:00+00:00,1.4194099999999987,1.4196799999999987,1.4193299999999986,1.4196099999999987,2738
2026-07-01T11:30:00+00:00,1.4196099999999987,1.4201399999999986,1.4195999999999986,1.4201099999999987,3348
2026-07-01T12:00:00+00:00,1.4201099999999987,1.4204099999999986,1.4197299999999986,1.4202599999999987,4221
2026-07-01T12:30:00+00:00,1.4202599999999987,1.4213899999999986,1.4201499999999987,1.4211399999999987,5191
2026-07-01T13:00:00+00:00,1.4211399999999987,1.4214599999999986,1.4189199999999986,1.4193699999999987,9174
2026-07-01T13:30:00+00:00,1.4193699999999987,1.4196099999999987,1.4170999999999987,1.4188799999999988,12069
2026-07-01T14:00:00+00:00,1.4188799999999988,1.4190999999999987,1.4173099999999987,1.4185799999999986,9945
2026-07-01T14:30:00+00:00,1.4185799999999986,1.4193899999999986,1.4177599999999988,1.4182999999999988,9091
2026-07-01T15:00:00+00:00,1.4182999999999988,1.4191399999999987,1.4181499999999987,1.4181599999999988,6991
2026-07-01T15:30:00+00:00,1.4181599999999988,1.4187399999999988,1.4180499999999987,1.4185399999999988,6852
2026-07-01T16:00:00+00:00,1.4185399999999988,1.4186299999999987,1.4177099999999987,1.4182599999999987,5744
2026-07-01T16:30:00+00:00,1.4182599999999987,1.4189999999999987,1.4182299999999988,1.4188299999999987,3782
2026-07-01T17:00:00+00:00,1.4188299999999987,1.4192499999999988,1.4185599999999987,1.4189999999999987,3881
2026-07-01T17:30:00+00:00,1.4189999999999987,1.4193799999999988,1.4186999999999987,1.4192499999999988,3051
2026-07-01T18:00:00+00:00,1.4192499999999988,1.4197599999999988,1.4190299999999987,1.4196399999999985,2444.4508825786647
2026-07-01T18:30:00+00:00,1.4196399999999985,1.4197699999999984,1.4193999999999984,1.4194699999999985,2589
2026-07-01T19:00:00+00:00,1.4194699999999985,1.4196599999999986,1.4192599999999984,1.4194499999999985,2677
2026-07-01T19:30:00+00:00,1.4194499999999985,1.4195599999999984,1.4192799999999985,1.4193899999999984,2717
2026-07-01T20:00:00+00:00,1.4193899999999984,1.4197299999999984,1.4193399999999985,1.4194499999999985,1611
2026-07-01T20:30:00+00:00,1.4194499999999985,1.4197899999999986,1.4193999999999984,1.4194099999999985,1239
2026-07-01T21:00:00+00:00,1.4194099999999985,1.4194099999999985,1.4186399999999986,1.4188399999999985,250.39230728152873
2026-07-01T21:30:00+00:00,1.4188399999999985,1.4194899999999986,1.4188399999999985,1.4193399999999987,637
2026-07-01T22:00:00+00:00,1.4193399999999987,1.4200499999999987,1.4193399999999987,1.419879999999999,520.1695244308542
2026-07-01T22:30:00+00:00,1.419879999999999,1.4200099999999989,1.419849999999999,1.419909999999999,404.4338502164762
2026-07-01T23:00:00+00:00,1.419909999999999,1.420079999999999,1.419909999999999,1.420079999999999,610.6123935631957
2026-07-01T23:30:00+00:00,1.420079999999999,1.420269999999999,1.419889999999999,1.419989999999999,877
2026-07-02T00:00:00+00:00,1.419989999999999,1.420519999999999,1.419979999999999,1.4202799999999989,2755
2026-07-02T00:30:00+00:00,1.4202799999999989,1.4202799999999989,1.419859999999999,1.419959999999999,2232
2026-07-02T01:00:00+00:00,1.419959999999999,1.419979999999999,1.419609999999999,1.419779999999999,1986
2026-07-02T01:30:00+00:00,1.419779999999999,1.419929999999999,1.419219999999999,1.4195999999999989,2185
2026-07-02T02:00:00+00:00,1.4195999999999989,1.419639999999999,1.4189199999999988,1.419269999999999,2398
2026-07-02T02:30:00+00:00,1.419269999999999,1.419779999999999,1.419109999999999,1.419689999999999,1824
2026-07-02T03:00:00+00:00,1.419689999999999,1.4201699999999988,1.419549999999999,1.419959999999999,1680
2026-07-02T03:30:00+00:00,1.419959999999999,1.4200699999999988,1.4197699999999989,1.4198399999999989,1993
2026-07-02T04:00:00+00:00,1.4198399999999989,1.4198399999999989,1.4194299999999989,1.419719999999999,3092
2026-07-02T04:30:00+00:00,1.419719999999999,1.4198399999999989,1.4193999999999989,1.4195299999999988,2062
2026-07-02T05:00:00+00:00,1.4195299999999988,1.4198399999999989,1.4194599999999988,1.419739999999999,2357
2026-07-02T05:30:00+00:00,1.419739999999999,1.419929999999999,1.4195599999999988,1.419619999999999,2357
2026-07-02T06:00:00+00:00,1.419619999999999,1.419619999999999,1.418569999999999,1.419219999999999,5784
2026-07-02T06:30:00+00:00,1.419219999999999,1.419249999999999,1.417439999999999,1.418299999999999,6858
2026-07-02T07:00:00+00:00,1.418299999999999,1.4189599999999989,1.418269999999999,1.418429999999999,6584
2026-07-02T07:30:00+00:00,1.418429999999999,1.4187199999999989,1.417879999999999,1.418129999999999,5836
2026-07-02T08:00:00+00:00,1.418129999999999,1.4181799999999989,1.4167199999999989,1.4168499999999988,6859
2026-07-02T08:30:00+00:00,1.4168499999999988,1.4173599999999988,1.416689999999999,1.4171199999999988,5708
2026-07-02T09:00:00+00:00,1.4171199999999988,1.418299999999999,1.417109999999999,1.418229999999999,5157
2026-07-02T09:30:00+00:00,1.418229999999999,1.418249999999999,1.4175699999999989,1.417709999999999,5244
2026-07-02T10:00:00+00:00,1.417709999999999,1.418229999999999,1.417619999999999,1.4181099999999989,5733
2026-07-02T10:30:00+00:00,1.4181099999999989,1.418799999999999,1.418059999999999,1.418729999999999,3828
2026-07-02T11:00:00+00:00,1.418729999999999,1.419079999999999,1.418539999999999,1.418769999999999,3957
2026-07-02T11:30:00+00:00,1.418769999999999,1.419849999999999,1.418669999999999,1.4195299999999988,4597
2026-07-02T12:00:00+00:00,1.4195299999999988,1.419999999999999,1.419049999999999,1.419589999999999,6259
2026-07-02T12:30:00+00:00,1.419589999999999,1.419589999999999,1.4130899999999988,1.4156299999999988,23311
2026-07-02T13:00:00+00:00,1.4156299999999988,1.416699999999999,1.415239999999999,1.415659999999999,15553
2026-07-02T13:30:00+00:00,1.415659999999999,1.415679999999999,1.414269999999999,1.4152299999999989,13306
2026-07-02T14:00:00+00:00,1.4152299999999989,1.4162399999999988,1.414359999999999,1.416099999999999,10323
2026-07-02T14:30:00+00:00,1.416099999999999,1.417129999999999,1.415859999999999,1.416079999999999,11455
2026-07-02T15:00:00+00:00,1.416079999999999,1.416809999999999,1.415659999999999,1.4166799999999988,9258
2026-07-02T15:30:00+00:00,1.4166799999999988,1.4167499999999988,1.4157999999999988,1.416439999999999,7612
2026-07-02T16:00:00+00:00,1.416439999999999,1.4168899999999989,1.416219999999999,1.416369999999999,7624
2026-07-02T16:30:00+00:00,1.416369999999999,1.4167899999999989,1.4157399999999989,1.4160399999999989,5883
2026-07-02T17:00:00+00:00,1.4160399999999989,1.416469999999999,1.416029999999999,1.416329999999999,5604
2026-07-02T17:30:00+00:00,1.416329999999999,1.416709999999999,1.416089999999999,1.4163099999999988,4862
2026-07-02T18:00:00+00:00,1.4163099999999988,1.416329999999999,1.415619999999999,1.416079999999999,5204
2026-07-02T18:30:00+00:00,1.416079999999999,1.416289999999999,1.415709999999999,1.416269999999999,3215
2026-07-02T19:00:00+00:00,1.416269999999999,1.416739999999999,1.4162399999999988,1.416419999999999,2547
2026-07-02T19:30:00+00:00,1.416419999999999,1.416809999999999,1.416189999999999,1.4163399999999988,3648
2026-07-02T20:00:00+00:00,1.4163399999999988,1.4165099999999988,1.416219999999999,1.4165099999999988,1493
2026-07-02T20:30:00+00:00,1.4165099999999988,1.416519999999999,1.416099999999999,1.416189999999999,1298
2026-07-02T21:00:00+00:00,1.416189999999999,1.416189999999999,1.415539999999999,1.4160099999999989,284.87148889624166
2026-07-02T21:30:00+00:00,1.4160099999999989,1.4165699999999988,1.4153499999999988,1.4155599999999988,599
2026-07-02T22:00:00+00:00,1.4155599999999988,1.4163099999999988,1.4155599999999988,1.4162999999999988,333
2026-07-02T22:30:00+00:00,1.4162999999999988,1.4166299999999987,1.4162999999999988,1.4164699999999988,538
2026-07-02T23:00:00+00:00,1.4164699999999988,1.4165999999999987,1.4163399999999988,1.4163399999999988,993
2026-07-02T23:30:00+00:00,1.4163399999999988,1.4170699999999987,1.4163399999999988,1.4170499999999988,1375
2026-07-03T00:00:00+00:00,1.4170499999999988,1.417739999999999,1.4168499999999988,1.417369999999999,3309
2026-07-03T00:30:00+00:00,1.417369999999999,1.417469999999999,1.4165099999999988,1.4165699999999988,2906
2026-07-03T01:00:00+00:00,1.4165699999999988,1.4168199999999989,1.4154899999999988,1.4158999999999988,4311
2026-07-03T01:30:00+00:00,1.4158999999999988,1.415979999999999,1.4152899999999988,1.4158699999999989,3957
2026-07-03T02:00:00+00:00,1.4158699999999989,1.4159699999999988,1.4149699999999987,1.4150499999999988,3130
2026-07-03T02:30:00+00:00,1.4150499999999988,1.4152499999999988,1.4145499999999989,1.415099999999999,2354
2026-07-03T03:00:00+00:00,1.415099999999999,1.4153799999999988,1.4149499999999988,1.415269999999999,2367
2026-07-03T03:30:00+00:00,1.415269999999999,1.4153199999999988,1.4150599999999989,1.4150899999999988,2233
2026-07-03T04:00:00+00:00,1.4150899999999988,1.4151699999999987,1.4146099999999988,1.4147699999999988,1771
2026-07-03T04:30:00+00:00,1.4147699999999988,1.4147699999999988,1.4143899999999987,1.4145499999999989,2254
2026-07-03T05:00:00+00:00,1.4145499999999989,1.4146099999999988,1.4139199999999987,1.4141899999999987,2780
2026-07-03T05:30:00+00:00,1.4141899999999987,1.4143999999999988,1.4138899999999988,1.4142999999999988,2540
2026-07-03T06:00:00+00:00,1.4142999999999988,1.4148199999999989,1.4140199999999987,1.4147099999999988,3024
2026-07-03T06:30:00+00:00,1.4147099999999988,1.4151699999999987,1.4142099999999989,1.4150899999999988,4733
2026-07-03T07:00:00+00:00,1.4150899999999988,1.4153099999999987,1.4147399999999988,1.4147999999999987,3682
2026-07-03T07:30:00+00:00,1.4147999999999987,1.4157799999999987,1.4147999999999987,1.4155799999999987,3624
2026-07-03T08:00:00+00:00,1.4155799999999987,1.4160299999999988,1.4154499999999988,1.415879999999999,3326
2026-07-03T08:30:00+00:00,1.415879999999999,1.416149999999999,1.4156799999999987,1.4160099999999989,2735
2026-07-03T09:00:00+00:00,1.4160099999999989,1.4162899999999987,1.4158899999999988,1.416079999999999,3081
2026-07-03T09:30:00+00:00,1.416079999999999,1.4165499999999989,1.4159899999999987,1.416519999999999,2222
2026-07-03T10:00:00+00:00,1.416519999999999,1.4165799999999988,1.4161699999999988,1.4164699999999988,2833
2026-07-03T10:30:00+00:00,1.4164699999999988,1.4167699999999988,1.4164699999999988,1.4166199999999989,2324
2026-07-03T11:00:00+00:00,1.4166199999999989,1.4170099999999988,1.4164999999999988,1.4169799999999988,2939
2026-07-03T11:30:00+00:00,1.4169799999999988,1.4176799999999987,1.4169099999999988,1.4173999999999989,2561
2026-07-03T12:00:00+00:00,1.4173999999999989,1.4184099999999988,1.4173999999999989,1.417979999999999,3712
2026-07-03T12:30:00+00:00,1.417979999999999,1.4184299999999987,1.417979999999999,1.4182199999999987,2568
2026-07-03T13:00:00+00:00,1.4182199999999987,1.418349999999999,1.4178699999999989,1.4181399999999988,2993
2026-07-03T13:30:00+00:00,1.4181399999999988,1.4184499999999989,1.4176899999999988,1.417909999999999,2591
2026-07-03T14:00:00+00:00,1.417909999999999,1.4181899999999987,1.417299999999999,1.417299999999999,2943
2026-07-03T14:30:00+00:00,1.417299999999999,1.4179699999999988,1.4171499999999988,1.417809999999999,2603
2026-07-03T15:00:00+00:00,1.417809999999999,1.4185499999999989,1.4177599999999988,1.4183099999999988,2607
2026-07-03T15:30:00+00:00,1.4183099999999988,1.4185599999999987,1.4180099999999989,1.418049999999999,1850
2026-07-03T16:00:00+00:00,1.418049999999999,1.418659999999999,1.4180099999999989,1.4183399999999988,1694
2026-07-03T16:30:00+00:00,1.4183399999999988,1.4185799999999988,1.4180999999999988,1.4182199999999987,1185
2026-07-03T17:00:00+00:00,1.4182199999999987,1.4183399999999988,1.417979999999999,1.418149999999999,7655
2026-07-03T17:30:00+00:00,1.418149999999999,1.4183799999999989,1.418079999999999,1.4181199999999987,3167
2026-07-03T18:00:00+00:00,1.4181199999999987,1.4181199999999987,1.4176299999999988,1.4178499999999987,7701
2026-07-03T18:30:00+00:00,1.4178499999999987,1.4180399999999989,1.4176099999999987,1.417809999999999,10993
2026-07-03T19:00:00+00:00,1.417809999999999,1.4181299999999988,1.4177699999999989,1.417909999999999,2303
2026-07-03T19:30:00+00:00,1.417909999999999,1.4183699999999988,1.4178999999999988,1.4181699999999988,2975
2026-07-03T20:00:00+00:00,1.4181699999999988,1.4186999999999987,1.4181199999999987,1.418349999999999,4792
2026-07-03T20:30:00+00:00,1.418349999999999,1.4187699999999988,1.4174599999999988,1.4175799999999987,2571.0367271429177
2026-07-05T21:00:00+00:00,1.4175799999999987,1.4178199999999987,1.4173999999999989,1.4178199999999987,212.83883444775114
2026-07-05T21:30:00+00:00,1.4178199999999987,1.4180299999999986,1.4177299999999986,1.4177999999999986,1369
2026-07-05T22:00:00+00:00,1.4177999999999986,1.4193499999999986,1.4177399999999987,1.4193399999999987,726
2026-07-05T22:30:00+00:00,1.4193399999999987,1.4193499999999986,1.4187899999999987,1.4190499999999986,557
2026-07-05T23:00:00+00:00,1.4190499999999986,1.4192399999999987,1.4189799999999986,1.4190199999999986,513
2026-07-05T23:30:00+00:00,1.4190199999999986,1.4191299999999987,1.4189199999999986,1.4190499999999986,1427
2026-07-06T00:00:00+00:00,1.4190499999999986,1.4197799999999987,1.4190399999999987,1.4192899999999986,4549
2026-07-06T00:30:00+00:00,1.4192899999999986,1.4193099999999987,1.4188699999999987,1.4191499999999986,3586
2026-07-06T01:00:00+00:00,1.4191499999999986,1.4196999999999986,1.4189299999999987,1.4195599999999986,4166
2026-07-06T01:30:00+00:00,1.4195599999999986,1.4198199999999987,1.4192199999999986,1.4197099999999987,3903
2026-07-06T02:00:00+00:00,1.4197099999999987,1.4197499999999987,1.4193499999999986,1.4195499999999988,3274
2026-07-06T02:30:00+00:00,1.4195499999999988,1.4198099999999987,1.4193499999999986,1.4193999999999987,4086
2026-07-06T03:00:00+00:00,1.4193999999999987,1.4198499999999987,1.4192399999999987,1.4198499999999987,3407
2026-07-06T03:30:00+00:00,1.4198499999999987,1.4199599999999986,1.4195899999999986,1.4195999999999986,3269
2026-07-06T04:00:00+00:00,1.4195999999999986,1.4196499999999987,1.4191599999999986,1.4193799999999988,1841
2026-07-06T04:30:00+00:00,1.4193799999999988,1.4194599999999986,1.4192299999999987,1.4193299999999986,2367
2026-07-06T05:00:00+00:00,1.4193299999999986,1.4196099999999987,1.4193199999999986,1.4194599999999986,2741
2026-07-06T05:30:00+00:00,1.4194599999999986,1.4197299999999986,1.4191199999999986,1.4196599999999986,2928
2026-07-06T06:00:00+00:00,1.4196599999999986,1.4199599999999986,1.4194299999999986,1.4198499999999987,3979
2026-07-06T06:30:00+00:00,1.4198499999999987,1.4205199999999987,1.4197899999999986,1.4202299999999985,4643
2026-07-06T07:00:00+00:00,1.4202299999999985,1.4205799999999986,1.4199599999999986,1.4204799999999986,5735
2026-07-06T07:30:00+00:00,1.4204799999999986,1.4205499999999986,1.4200899999999987,1.4204799999999986,4557
2026-07-06T08:00:00+00:00,1.4204799999999986,1.4213399999999987,1.4203899999999987,1.4211099999999988,3449
2026-07-06T08:30:00+00:00,1.4211099999999988,1.4214499999999985,1.4209699999999987,1.4213899999999986,3584
2026-07-06T09:00:00+00:00,1.4213899999999986,1.4218299999999986,1.4212799999999985,1.4213299999999987,5118
2026-07-06T09:30:00+00:00,1.4213299999999987,1.4216399999999987,1.4212199999999986,1.4215099999999987,4251
2026-07-06T10:00:00+00:00,1.4215099999999987,1.4216499999999987,1.4198699999999986,1.4198899999999988,3996
2026-07-06T10:30:00+00:00,1.4198899999999988,1.4205099999999986,1.4198899999999988,1.4203999999999986,3716
2026-07-06T11:00:00+00:00,1.4203999999999986,1.4207799999999986,1.4202699999999986,1.4202999999999986,3100
2026-07-06T11:30:00+00:00,1.4202999999999986,1.4212999999999987,1.4201899999999987,1.4207799999999986,3855
2026-07-06T12:00:00+00:00,1.4207799999999986,1.4216499999999987,1.4203999999999986,1.4214099999999987,4664
2026-07-06T12:30:00+00:00,1.4214099999999987,1.4224899999999987,1.4212999999999987,1.4221299999999986,4591
2026-07-06T13:00:00+00:00,1.4221299999999986,1.4222999999999986,1.4202699999999986,1.4203699999999986,5158
2026-07-06T13:30:00+00:00,1.4203699999999986,1.4213299999999987,1.4201799999999987,1.4211999999999987,6094
2026-07-06T14:00:00+00:00,1.4211999999999987,1.4218099999999987,1.4209799999999986,1.4215399999999987,5470
2026-07-06T14:30:00+00:00,1.4215399999999987,1.4220999999999986,1.4208899999999987,1.4210799999999986,5898
2026-07-06T15:00:00+00:00,1.4210799999999986,1.4211399999999987,1.4203499999999987,1.4204799999999986,4830
2026-07-06T15:30:00+00:00,1.4204799999999986,1.4206199999999987,1.4197799999999987,1.4201499999999987,3614
2026-07-06T16:00:00+00:00,1.4201499999999987,1.4202899999999987,1.4196799999999987,1.4199999999999986,3501
2026-07-06T16:30:00+00:00,1.4199999999999986,1.4204899999999987,1.4198899999999988,1.4202599999999987,4017
2026-07-06T17:00:00+00:00,1.4202599999999987,1.4204299999999987,1.4198599999999986,1.4199399999999986,3740
2026-07-06T17:30:00+00:00,1.4199399999999986,1.4201199999999987,1.4197699999999986,1.4200899999999987,3508
2026-07-06T18:00:00+00:00,1.4200899999999987,1.4200899999999987,1.4197799999999987,1.4199299999999986,2882
2026-07-06T18:30:00+00:00,1.4199299999999986,1.4200699999999986,1.4193799999999988,1.4194899999999986,4017
2026-07-06T19:00:00+00:00,1.4194899999999986,1.4197599999999986,1.4193299999999986,1.4195099999999987,2804
2026-07-06T19:30:00+00:00,1.4195099999999987,1.4195199999999986,1.4189599999999987,1.4192099999999988,3051
2026-07-06T20:00:00+00:00,1.4192099999999988,1.4195399999999987,1.4191199999999986,1.4194999999999987,1815
2026-07-06T20:30:00+00:00,1.4194999999999987,1.4195399999999987,1.4188399999999985,1.4188799999999986,1795
2026-07-06T21:00:00+00:00,1.4188799999999986,1.4194199999999986,1.4185299999999987,1.4190799999999986,511.0758822462369
2026-07-06T21:30:00+00:00,1.4190799999999986,1.4195099999999987,1.4190399999999987,1.4190699999999987,734
2026-07-06T22:00:00+00:00,1.4190699999999987,1.4192399999999987,1.4186299999999987,1.4191499999999986,450
2026-07-06T22:30:00+00:00,1.4191499999999986,1.4193899999999986,1.4191399999999985,1.4192199999999986,368.7228554289142
2026-07-06T23:00:00+00:00,1.4192199999999986,1.4194599999999984,1.4189599999999984,1.4194399999999985,920
2026-07-06T23:30:00+00:00,1.4194399999999985,1.4194999999999984,1.4190399999999985,1.4194099999999985,1180
2026-07-07T00:00:00+00:00,1.4194099999999985,1.4197999999999984,1.4193999999999984,1.4197099999999985,3234
2026-07-07T00:30:00+00:00,1.4197099999999985,1.4199799999999985,1.4195799999999985,1.4199599999999986,2623
2026-07-07T01:00:00+00:00,1.4199599999999986,1.4204599999999985,1.4199399999999984,1.4202499999999985,2726
2026-07-07T01:30:00+00:00,1.4202499999999985,1.4202599999999985,1.4194399999999985,1.4197599999999986,3322
2026-07-07T02:00:00+00:00,1.4197599999999986,1.4200499999999985,1.4195399999999985,1.4199699999999984,2158
2026-07-07T02:30:00+00:00,1.4199699999999984,1.4201799999999984,1.4196999999999984,1.4201699999999986,1972
2026-07-07T03:00:00+00:00,1.4201699999999986,1.4201999999999986,1.4197799999999985,1.4200299999999986,2102
2026-07-07T03:30:00+00:00,1.4200299999999986,1.4204699999999986,1.4200199999999985,1.4203099999999984,2451
2026-07-07T04:00:00+00:00,1.4203099999999984,1.4203599999999985,1.4201099999999984,1.4202399999999984,1780
2026-07-07T04:30:00+00:00,1.4202399999999984,1.4203899999999985,1.4200599999999985,1.4203899999999985,2126
2026-07-07T05:00:00+00:00,1.4203899999999985,1.4207999999999985,1.4201099999999984,1.4206699999999985,2509
2026-07-07T05:30:00+00:00,1.4206699999999985,1.4207799999999986,1.4203699999999986,1.4203899999999985,2724
2026-07-07T06:00:00+00:00,1.4203899999999985,1.4204799999999984,1.4200499999999985,1.4202699999999986,3312
2026-07-07T06:30:00+00:00,1.4202699999999986,1.4202999999999986,1.4199299999999986,1.4199399999999984,2837
2026-07-07T07:00:00+00:00,1.4199399999999984,1.4202999999999986,1.4197299999999986,1.4202999999999986,4001
2026-07-07T07:30:00+00:00,1.4202999999999986,1.4207999999999985,1.4200399999999984,1.4207099999999986,4168
2026-07-07T08:00:00+00:00,1.4207099999999986,1.4207399999999986,1.4198299999999986,1.4202599999999985,4170
2026-07-07T08:30:00+00:00,1.4202599999999985,1.4203599999999985,1.4195399999999985,1.4199599999999986,3565
2026-07-07T09:00:00+00:00,1.4199599999999986,1.4200099999999984,1.4196999999999984,1.4199099999999985,3656
2026-07-07T09:30:00+00:00,1.4199099999999985,1.4201599999999985,1.4196899999999986,1.4200799999999985,2592
2026-07-07T10:00:00+00:00,1.4200799999999985,1.4204099999999984,1.4198499999999985,1.4200299999999986,2362
2026-07-07T10:30:00+00:00,1.4200299999999986,1.4201699999999986,1.4196499999999985,1.4197099999999985,2099
2026-07-07T11:00:00+00:00,1.4197099999999985,1.4199499999999985,1.4189099999999986,1.4196799999999985,2878
2026-07-07T11:30:00+00:00,1.4196799999999985,1.4203699999999986,1.4195399999999985,1.4201099999999984,3647
2026-07-07T12:00:00+00:00,1.4201099999999984,1.4205799999999984,1.4199699999999984,1.4200799999999985,4475
2026-07-07T12:30:00+00:00,1.4200799999999985,1.4208999999999985,1.4198199999999985,1.4205599999999985,4034
2026-07-07T13:00:00+00:00,1.4205599999999985,1.4212399999999985,1.4198399999999984,1.4198499999999985,5643
2026-07-07T13:30:00+00:00,1.4198499999999985,1.4198699999999984,1.4187099999999986,1.4190599999999984,7312
2026-07-07T14:00:00+00:00,1.4190599999999984,1.4195799999999985,1.4187899999999984,1.4189699999999985,8099
2026-07-07T14:30:00+00:00,1.4189699999999985,1.4192499999999986,1.4177299999999986,1.4181299999999986,7144
2026-07-07T15:00:00+00:00,1.4181299999999986,1.4183599999999985,1.4175999999999984,1.4176399999999985,5048
2026-07-07T15:30:00+00:00,1.4176399999999985,1.4182499999999985,1.4174399999999985,1.4181299999999986,4488
2026-07-07T16:00:00+00:00,1.4181299999999986,1.4181699999999986,1.4173999999999984,1.4180899999999985,3382
2026-07-07T16:30:00+00:00,1.4180899999999985,1.4183999999999986,1.4178399999999984,1.4178499999999985,2301
2026-07-07T17:00:00+00:00,1.4178499999999985,1.4181399999999984,1.4174099999999985,1.4175899999999986,2881
2026-07-07T17:30:00+00:00,1.4175899999999986,1.4176099999999985,1.4171299999999984,1.4172699999999985,1956
2026-07-07T18:00:00+00:00,1.4172699999999985,1.4172999999999984,1.4169799999999986,1.4172799999999985,2843
2026-07-07T18:30:00+00:00,1.4172799999999985,1.4182299999999985,1.4172699999999985,1.4181599999999985,5318
2026-07-07T19:00:00+00:00,1.4181599999999985,1.4192599999999984,1.4181099999999984,1.4188499999999984,5650
2026-07-07T19:30:00+00:00,1.4188499999999984,1.4188599999999985,1.4179899999999985,1.4182099999999984,4748
2026-07-07T20:00:00+00:00,1.4182099999999984,1.4186799999999986,1.4182099999999984,1.4185999999999985,1503
2026-07-07T20:30:00+00:00,1.4185999999999985,1.4189699999999985,1.4184699999999986,1.4186099999999986,1543
2026-07-07T21:00:00+00:00,1.4186099999999986,1.4186099999999986,1.4171399999999985,1.4173799999999985,694.7864402098397
2026-07-07T21:30:00+00:00,1.4173799999999985,1.4185099999999986,1.4173799999999985,1.4179399999999986,2085
2026-07-07T22:00:00+00:00,1.4179399999999986,1.4190599999999987,1.4179399999999986,1.4187999999999985,520
2026-07-07T22:30:00+00:00,1.4187999999999985,1.4188399999999985,1.4182999999999986,1.4183199999999985,484
2026-07-07T23:00:00+00:00,1.4183199999999985,1.4185899999999985,1.4182299999999985,1.4183799999999986,859
2026-07-07T23:30:00+00:00,1.4183799999999986,1.4190099999999986,1.4182199999999985,1.4188699999999985,1335
2026-07-08T00:00:00+00:00,1.4188699999999985,1.4190199999999986,1.4182499999999985,1.4183899999999985,5262
2026-07-08T00:30:00+00:00,1.4183899999999985,1.4186599999999985,1.4180299999999986,1.4185399999999986,4077
2026-07-08T01:00:00+00:00,1.4185399999999986,1.4190199999999986,1.4183299999999985,1.4190099999999986,4289
2026-07-08T01:30:00+00:00,1.4190099999999986,1.4192199999999986,1.4184299999999985,1.4185599999999985,3549
2026-07-08T02:00:00+00:00,1.4185599999999985,1.4186699999999985,1.4176199999999985,1.4178599999999986,3653
2026-07-08T02:30:00+00:00,1.4178599999999986,1.4180999999999986,1.4177899999999986,1.4180399999999986,2485
2026-07-08T03:00:00+00:00,1.4180399999999986,1.4180399999999986,1.4175599999999986,1.4178499999999985,2636
2026-07-08T03:30:00+00:00,1.4178499999999985,1.4181699999999986,1.4177999999999986,1.4180099999999984,2146
2026-07-08T04:00:00+00:00,1.4180099999999984,1.4182999999999986,1.4179999999999986,1.4180999999999986,3152
2026-07-08T04:30:00+00:00,1.4180999999999986,1.4181099999999986,1.4176399999999985,1.4176599999999986,2541
2026-07-08T05:00:00+00:00,1.4176599999999986,1.4176999999999986,1.4170599999999987,1.4172799999999985,2848
2026-07-08T05:30:00+00:00,1.4172799999999985,1.4172799999999985,1.4166499999999986,1.4169499999999986,2605
2026-07-08T06:00:00+00:00,1.4169499999999986,1.4170599999999987,1.4162499999999985,1.4162599999999985,5542
2026-07-08T06:30:00+00:00,1.4162599999999985,1.4163899999999985,1.4157199999999985,1.4162299999999985,5822
2026-07-08T07:00:00+00:00,1.4162299999999985,1.4164799999999986,1.4152399999999985,1.4152799999999985,6125
2026-07-08T07:30:00+00:00,1.4152799999999985,1.4153099999999985,1.4145299999999985,1.4146699999999985,5671
2026-07-08T08:00:00+00:00,1.4146699999999985,1.4160699999999986,1.4143899999999985,1.4145899999999985,9765
2026-07-08T08:30:00+00:00,1.4145899999999985,1.4155999999999986,1.4142199999999985,1.4147599999999985,10191
2026-07-08T09:00:00+00:00,1.4147599999999985,1.4156599999999986,1.4146399999999986,1.4147699999999985,7159
2026-07-08T09:30:00+00:00,1.4147699999999985,1.4149099999999986,1.4138699999999986,1.4144199999999985,4337
2026-07-08T10:00:00+00:00,1.4144199999999985,1.4150099999999985,1.4140099999999984,1.4145899999999985,4037
2026-07-08T10:30:00+00:00,1.4145899999999985,1.4152099999999985,1.4144599999999985,1.4151399999999985,4207
2026-07-08T11:00:00+00:00,1.4151399999999985,1.4161099999999986,1.4151199999999986,1.4160299999999986,3927
2026-07-08T11:30:00+00:00,1.4160299999999986,1.4174199999999986,1.4160099999999984,1.4171899999999986,6819
2026-07-08T12:00:00+00:00,1.4171899999999986,1.4172699999999985,1.4164999999999985,1.4165699999999986,6252
2026-07-08T12:30:00+00:00,1.4165699999999986,1.4172699999999985,1.4160899999999985,1.4170799999999986,7309
2026-07-08T13:00:00+00:00,1.4170799999999986,1.4170899999999986,1.4155499999999985,1.4157299999999986,9852
2026-07-08T13:30:00+00:00,1.4157299999999986,1.4164999999999985,1.4152799999999985,1.4159299999999986,8007
2026-07-08T14:00:00+00:00,1.4159299999999986,1.4159899999999985,1.4147999999999985,1.4150299999999985,7328
2026-07-08T14:30:00+00:00,1.4150299999999985,1.4162199999999985,1.4148399999999985,1.4158699999999986,8189
2026-07-08T15:00:00+00:00,1.4158699999999986,1.4167299999999985,1.4152499999999986,1.4166799999999986,6370
2026-07-08T15:30:00+00:00,1.4166799999999986,1.4179799999999985,1.4165999999999985,1.4173399999999985,5938
2026-07-08T16:00:00+00:00,1.4173399999999985,1.4173399999999985,1.4160399999999986,1.4162299999999985,7605
2026-07-08T16:30:00+00:00,1.4162299999999985,1.4163599999999985,1.4154199999999986,1.4157599999999986,7833
2026-07-08T17:00:00+00:00,1.4157599999999986,1.4157599999999986,1.4150699999999985,1.4153699999999985,5837
2026-07-08T17:30:00+00:00,1.4153699999999985,1.4159899999999985,1.4153399999999985,1.4159899999999985,3336
2026-07-08T18:00:00+00:00,1.4159899999999985,1.4160199999999985,1.4151099999999985,1.4152499999999986,4031
2026-07-08T18:30:00+00:00,1.4152499999999986,1.4153799999999985,1.4148499999999984,1.4152499999999983,3519.8238870125883
2026-07-08T19:00:00+00:00,1.4152499999999983,1.4152699999999983,1.4147599999999982,1.4148599999999982,3708
2026-07-08T19:30:00+00:00,1.4148599999999982,1.4149899999999984,1.4144999999999983,1.4148499999999984,3879
2026-07-08T20:00:00+00:00,1.4148499999999984,1.4150799999999983,1.4146499999999984,1.4150299999999982,2892
2026-07-08T20:30:00+00:00,1.4150299999999982,1.4159899999999983,1.4150099999999983,1.4154599999999984,1782
2026-07-08T21:00:00+00:00,1.4154599999999984,1.4154599999999984,1.4143699999999984,1.4145899999999982,308.364320997528
2026-07-08T21:30:00+00:00,1.4145899999999982,1.4158399999999982,1.4145399999999984,1.4158099999999982,557.1696792085227
2026-07-08T22:00:00+00:00,1.4158099999999982,1.4162199999999983,1.4157699999999984,1.4158599999999981,545.0811188918321
2026-07-08T22:30:00+00:00,1.4158599999999981,1.4158599999999981,1.4155999999999982,1.4156299999999982,470.55879790465656
2026-07-08T23:00:00+00:00,1.4156299999999982,1.4157399999999982,1.4154099999999983,1.4157299999999982,766
2026-07-08T23:30:00+00:00,1.4157299999999982,1.4157499999999983,1.4153899999999981,1.4154799999999983,1178
2026-07-09T00:00:00+00:00,1.4154799999999983,1.4155399999999982,1.4148499999999982,1.414939999999998,3116
2026-07-09T00:30:00+00:00,1.414939999999998,1.4152199999999981,1.4146899999999982,1.4149799999999981,2602
2026-07-09T01:00:00+00:00,1.4149799999999981,1.4153699999999982,1.4148999999999983,1.4153399999999983,2825
2026-07-09T01:30:00+00:00,1.4153399999999983,1.4154999999999982,1.414939999999998,1.4149499999999982,2926
2026-07-09T02:00:00+00:00,1.4149499999999982,1.4151499999999981,1.4148299999999983,1.4151499999999981,3407
2026-07-09T02:30:00+00:00,1.4151499999999981,1.4154599999999982,1.4149999999999983,1.4151699999999983,2580
2026-07-09T03:00:00+00:00,1.4151699999999983,1.4152899999999982,1.414939999999998,1.4150999999999982,2947
2026-07-09T03:30:00+00:00,1.4150999999999982,1.4152999999999982,1.4147899999999982,1.4152499999999981,3044
2026-07-09T04:00:00+00:00,1.4152499999999981,1.4154599999999982,1.4150999999999982,1.4152999999999982,2705
2026-07-09T04:30:00+00:00,1.4152999999999982,1.4153099999999983,1.415009999999998,1.4150299999999982,2080
2026-07-09T05:00:00+00:00,1.4150299999999982,1.4151199999999982,1.4146499999999982,1.4146999999999983,3524
2026-07-09T05:30:00+00:00,1.4146999999999983,1.4151199999999982,1.4146099999999981,1.4150899999999982,3333
2026-07-09T06:00:00+00:00,1.4150899999999982,1.415379999999998,1.4141799999999982,1.4142099999999982,3867
2026-07-09T06:30:00+00:00,1.4142099999999982,1.4148599999999982,1.4138799999999982,1.4146799999999982,3969
2026-07-09T07:00:00+00:00,1.4146799999999982,1.4158999999999982,1.4146099999999981,1.4158399999999982,5443
2026-07-09T07:30:00+00:00,1.4158399999999982,1.4168499999999982,1.4157599999999981,1.4164699999999981,4533
2026-07-09T08:00:00+00:00,1.4164699999999981,1.417209999999998,1.4164099999999982,1.4171599999999982,4259
2026-07-09T08:30:00+00:00,1.4171599999999982,1.4174699999999982,1.4167799999999982,1.4174699999999982,3955
2026-07-09T09:00:00+00:00,1.4174699999999982,1.4176099999999983,1.4167999999999983,1.4168299999999983,3777
2026-07-09T09:30:00+00:00,1.4168299999999983,1.4171699999999983,1.4163199999999982,1.4163799999999982,3854
2026-07-09T10:00:00+00:00,1.4163799999999982,1.4167399999999981,1.4162899999999983,1.4165899999999982,3422
2026-07-09T10:30:00+00:00,1.4165899999999982,1.4166099999999981,1.4159999999999981,1.4161899999999983,3587
2026-07-09T11:00:00+00:00,1.4161899999999983,1.4169699999999983,1.4161799999999982,1.4168999999999983,4377
2026-07-09T11:30:00+00:00,1.4168999999999983,1.4170799999999981,1.4160399999999982,1.4161099999999982,4397
2026-07-09T12:00:00+00:00,1.4161099999999982,1.4161099999999982,1.4150899999999982,1.415349999999998,6099
2026-07-09T12:30:00+00:00,1.415349999999998,1.4163099999999982,1.4151499999999981,1.4162999999999981,6261
2026-07-09T13:00:00+00:00,1.4162999999999981,1.4165299999999983,1.4155099999999983,1.4157699999999982,5000
2026-07-09T13:30:00+00:00,1.4157699999999982,1.4168299999999983,1.4154899999999981,1.4166099999999981,6023
2026-07-09T14:00:00+00:00,1.4166099999999981,1.4166299999999983,1.4155899999999981,1.4157099999999982,6136
2026-07-09T14:30:00+00:00,1.4157099999999982,1.4164599999999983,1.4153699999999982,1.4157999999999982,8751
2026-07-09T15:00:00+00:00,1.4157999999999982,1.4161799999999982,1.4150899999999982,1.4153699999999982,5182
2026-07-09T15:30:00+00:00,1.4153699999999982,1.4154799999999983,1.4150299999999982,1.415039999999998,5286
2026-07-09T16:00:00+00:00,1.415039999999998,1.4151899999999982,1.4144899999999982,1.4149899999999982,3581
2026-07-09T16:30:00+00:00,1.4149899999999982,1.415449999999998,1.4147799999999982,1.4150999999999982,3604
2026-07-09T17:00:00+00:00,1.4150999999999982,1.415279999999998,1.4146599999999983,1.4148299999999983,3546
2026-07-09T17:30:00+00:00,1.4148299999999983,1.4152599999999982,1.4148299999999983,1.4150999999999982,2914
2026-07-09T18:00:00+00:00,1.4150999999999982,1.4154599999999982,1.4150899999999982,1.4153399999999983,2441
2026-07-09T18:30:00+00:00,1.4153399999999983,1.4155999999999982,1.4152499999999981,1.415349999999998,2738
2026-07-09T19:00:00+00:00,1.415349999999998,1.4158699999999982,1.4153199999999981,1.4158499999999983,2106
2026-07-09T19:30:00+00:00,1.4158499999999983,1.4159399999999982,1.4155399999999982,1.4158799999999983,2991
2026-07-09T20:00:00+00:00,1.4158799999999983,1.4159399999999982,1.4155099999999983,1.4156399999999982,1329
2026-07-09T20:30:00+00:00,1.4156399999999982,1.415649999999998,1.4153299999999982,1.4153299999999982,1138
2026-07-09T21:00:00+00:00,1.4153299999999982,1.4153299999999982,1.4139399999999982,1.4150699999999983,217.24333276917488
2026-07-09T21:30:00+00:00,1.4150699999999983,1.4157799999999983,1.4148699999999983,1.4155299999999982,2274
2026-07-09T22:00:00+00:00,1.4155299999999982,1.4157999999999982,1.4151299999999982,1.4156599999999981,615
2026-07-09T22:30:00+00:00,1.4156599999999981,1.4156799999999983,1.4154499999999983,1.4155599999999982,373
2026-07-09T23:00:00+00:00,1.4155599999999982,1.4156499999999983,1.4154299999999982,1.4155199999999981,586
2026-07-09T23:30:00+00:00,1.4155199999999981,1.4155599999999982,1.4153399999999983,1.4153399999999983,610
2026-07-10T00:00:00+00:00,1.4153399999999983,1.4158399999999982,1.4153099999999983,1.415789999999998,2447
2026-07-10T00:30:00+00:00,1.415789999999998,1.4158599999999981,1.4146099999999981,1.4147499999999982,2906
2026-07-10T01:00:00+00:00,1.4147499999999982,1.4148999999999983,1.4139099999999982,1.4143399999999982,4355
2026-07-10T01:30:00+00:00,1.4143399999999982,1.4143899999999983,1.4136099999999983,1.413789999999998,3796
2026-07-10T02:00:00+00:00,1.413789999999998,1.4138599999999981,1.4124399999999981,1.4126999999999983,4551
2026-07-10T02:30:00+00:00,1.4126999999999983,1.4129699999999983,1.4121699999999981,1.4124099999999982,3995
2026-07-10T03:00:00+00:00,1.4124099999999982,1.4128399999999983,1.4123099999999982,1.4126799999999982,2857
2026-07-10T03:30:00+00:00,1.4126799999999982,1.4134399999999983,1.4125899999999982,1.4133699999999982,2241
2026-07-10T04:00:00+00:00,1.4133699999999982,1.4140299999999981,1.4133699999999982,1.4138399999999982,2067
2026-07-10T04:30:00+00:00,1.4138399999999982,1.4144099999999982,1.4138199999999983,1.4141999999999981,1784
2026-07-10T05:00:00+00:00,1.4141999999999981,1.4148699999999983,1.4139299999999981,1.4147499999999982,2470
2026-07-10T05:30:00+00:00,1.4147499999999982,1.4151499999999981,1.4145899999999982,1.4147299999999983,2698
2026-07-10T06:00:00+00:00,1.4147299999999983,1.4150199999999982,1.4144299999999983,1.4145099999999982,4066
2026-07-10T06:30:00+00:00,1.4145099999999982,1.414569999999998,1.4140399999999982,1.4141799999999982,4311
2026-07-10T07:00:00+00:00,1.4141799999999982,1.4150499999999981,1.4141499999999982,1.4148299999999983,5205
2026-07-10T07:30:00+00:00,1.4148299999999983,1.4152499999999981,1.4147199999999982,1.4150799999999981,4208
2026-07-10T08:00:00+00:00,1.4150799999999981,1.4155099999999983,1.4148499999999982,1.4154199999999981,5875
2026-07-10T08:30:00+00:00,1.4154199999999981,1.4155399999999982,1.4151399999999983,1.4154899999999981,4501
2026-07-10T09:00:00+00:00,1.4154899999999981,1.4156599999999981,1.4151999999999982,1.4155499999999983,2739
2026-07-10T09:30:00+00:00,1.4155499999999983,1.4155999999999982,1.4152499999999981,1.4155999999999982,3179
2026-07-10T10:00:00+00:00,1.4155999999999982,1.4156499999999983,1.4147299999999983,1.4147799999999982,3068
2026-07-10T10:30:00+00:00,1.4147799999999982,1.4152699999999983,1.4147299999999983,1.4150699999999983,3483
2026-07-10T11:00:00+00:00,1.4150699999999983,1.4157799999999983,1.4150399999999983,1.4155699999999982,4527
2026-07-10T11:30:00+00:00,1.4155699999999982,1.4156899999999981,1.4140299999999981,1.4142599999999983,5792
2026-07-10T12:00:00+00:00,1.4142599999999983,1.4145299999999983,1.4131899999999982,1.4140899999999983,6716
2026-07-10T12:30:00+00:00,1.4140899999999983,1.4141499999999982,1.4124499999999982,1.4130699999999983,5733
2026-07-10T13:00:00+00:00,1.4130699999999983,1.4144799999999982,1.4130599999999982,1.4144499999999982,7095
2026-07-10T13:30:00+00:00,1.4144499999999982,1.4152399999999983,1.4134399999999983,1.4149399999999983,7843
2026-07-10T14:00:00+00:00,1.4149399999999983,1.4155799999999983,1.4140399999999982,1.4142899999999983,8110
2026-07-10T14:30:00+00:00,1.4142899999999983,1.4151599999999982,1.4135699999999982,1.4136799999999983,10546
2026-07-10T15:00:00+00:00,1.4136799999999983,1.4140899999999983,1.4120299999999981,1.4125199999999982,6145
2026-07-10T15:30:00+00:00,1.4125199999999982,1.4129099999999981,1.4118899999999983,1.4119399999999982,4780
2026-07-10T16:00:00+00:00,1.4119399999999982,1.4121399999999982,1.4106699999999983,1.4108799999999981,5486
2026-07-10T16:30:00+00:00,1.4108799999999981,1.4111299999999982,1.4103499999999982,1.4110199999999982,4753
2026-07-10T17:00:00+00:00,1.4110199999999982,1.4122299999999983,1.4108699999999983,1.4121099999999982,4065
2026-07-10T17:30:00+00:00,1.4121099999999982,1.4131199999999982,1.4119899999999983,1.4130899999999982,3345
2026-07-10T18:00:00+00:00,1.4130899999999982,1.4136099999999983,1.4129699999999983,1.4134999999999982,3475
2026-07-10T18:30:00+00:00,1.4134999999999982,1.413959999999998,1.4132399999999983,1.4137599999999981,3433
2026-07-10T19:00:00+00:00,1.4137599999999981,1.4140899999999983,1.4136999999999982,1.4140799999999982,2102
2026-07-10T19:30:00+00:00,1.4140799999999982,1.414399999999998,1.4140299999999981,1.4142199999999983,2018
2026-07-10T20:00:00+00:00,1.4142199999999983,1.4145399999999981,1.4140099999999982,1.4143699999999981,1598
2026-07-10T20:30:00+00:00,1.4143699999999981,1.4145799999999982,1.4126899999999982,1.4136699999999982,1350.2831281679942
2026-07-12T21:00:00+00:00,1.4136699999999982,1.414159999999998,1.4136399999999982,1.4140999999999984,144.59207309932646
2026-07-12T21:30:00+00:00,1.4140999999999984,1.414159999999998,1.4140299999999983,1.414139999999998,304.3860315641364
2026-07-12T22:00:00+00:00,1.414139999999998,1.415139999999998,1.414129999999998,1.414869999999998,1112
2026-07-12T22:30:00+00:00,1.414869999999998,1.415179999999998,1.414829999999998,1.415089999999998,795
2026-07-12T23:00:00+00:00,1.415089999999998,1.415189999999998,1.414669999999998,1.414709999999998,1037
2026-07-12T23:30:00+00:00,1.414709999999998,1.414959999999998,1.414459999999998,1.414519999999998,1967
2026-07-13T00:00:00+00:00,1.414519999999998,1.414999999999998,1.414429999999998,1.414759999999998,5015
2026-07-13T00:30:00+00:00,1.414759999999998,1.415269999999998,1.414619999999998,1.415029999999998,4073
2026-07-13T01:00:00+00:00,1.415029999999998,1.415599999999998,1.415029999999998,1.4152499999999981,5002
2026-07-13T01:30:00+00:00,1.4152499999999981,1.415299999999998,1.4142999999999981,1.4142999999999981,5169
2026-07-13T02:00:00+00:00,1.4142999999999981,1.414659999999998,1.414249999999998,1.414569999999998,3713
2026-07-13T02:30:00+00:00,1.414569999999998,1.414949999999998,1.414359999999998,1.414929999999998,3606
2026-07-13T03:00:00+00:00,1.414929999999998,1.415209999999998,1.414679999999998,1.414819999999998,3724
2026-07-13T03:30:00+00:00,1.414819999999998,1.414829999999998,1.414259999999998,1.414269999999998,3163
2026-07-13T04:00:00+00:00,1.414269999999998,1.414419999999998,1.413799999999998,1.413809999999998,2650
2026-07-13T04:30:00+00:00,1.413809999999998,1.413919999999998,1.413459999999998,1.413529999999998,2353
2026-07-13T05:00:00+00:00,1.413529999999998,1.414219999999998,1.413229999999998,1.4141999999999981,3735
2026-07-13T05:30:00+00:00,1.4141999999999981,1.414609999999998,1.413769999999998,1.414559999999998,4183
2026-07-13T06:00:00+00:00,1.414559999999998,1.414579999999998,1.413789999999998,1.414019999999998,6151
2026-07-13T06:30:00+00:00,1.414019999999998,1.4146399999999981,1.413719999999998,1.414359999999998,5882
2026-07-13T07:00:00+00:00,1.414359999999998,1.414499999999998,1.413349999999998,1.413439999999998,6992
2026-07-13T07:30:00+00:00,1.413439999999998,1.413649999999998,1.412379999999998,1.412489999999998,5517
2026-07-13T08:00:00+00:00,1.412489999999998,1.412559999999998,1.411359999999998,1.411779999999998,7441
2026-07-13T08:30:00+00:00,1.411779999999998,1.411979999999998,1.411569999999998,1.411669999999998,5323
2026-07-13T09:00:00+00:00,1.411669999999998,1.4124699999999981,1.411649999999998,1.412309999999998,6231
2026-07-13T09:30:00+00:00,1.412309999999998,1.4124699999999981,1.4120299999999981,1.412169999999998,4045
2026-07-13T10:00:00+00:00,1.412169999999998,1.412379999999998,1.411909999999998,1.412229999999998,4387
2026-07-13T10:30:00+00:00,1.412229999999998,1.412279999999998,1.410919999999998,1.410939999999998,5153
2026-07-13T11:00:00+00:00,1.410939999999998,1.411509999999998,1.410759999999998,1.411069999999998,6146
2026-07-13T11:30:00+00:00,1.411069999999998,1.411609999999998,1.4106399999999981,1.411559999999998,5498
2026-07-13T12:00:00+00:00,1.411559999999998,1.412329999999998,1.411339999999998,1.412089999999998,5964
2026-07-13T12:30:00+00:00,1.412089999999998,1.4122999999999981,1.4115899999999981,1.411609999999998,6312
2026-07-13T13:00:00+00:00,1.411609999999998,1.412649999999998,1.4112499999999981,1.412409999999998,5677
2026-07-13T13:30:00+00:00,1.412409999999998,1.412929999999998,1.411749999999998,1.412379999999998,10481
2026-07-13T14:00:00+00:00,1.412379999999998,1.413389999999998,1.411719999999998,1.411779999999998,10239
2026-07-13T14:30:00+00:00,1.411779999999998,1.412929999999998,1.411779999999998,1.412429999999998,9029
2026-07-13T15:00:00+00:00,1.412429999999998,1.412609999999998,1.411469999999998,1.411929999999998,5441
2026-07-13T15:30:00+00:00,1.411929999999998,1.412539999999998,1.411929999999998,1.412259999999998,4499
2026-07-13T16:00:00+00:00,1.412259999999998,1.412739999999998,1.411929999999998,1.412609999999998,4789
2026-07-13T16:30:00+00:00,1.412609999999998,1.413649999999998,1.412549999999998,1.413009999999998,8078
2026-07-13T17:00:00+00:00,1.413009999999998,1.413399999999998,1.412859999999998,1.412929999999998,4892
2026-07-13T17:30:00+00:00,1.412929999999998,1.413139999999998,1.412679999999998,1.412879999999998,3562
2026-07-13T18:00:00+00:00,1.412879999999998,1.413189999999998,1.412769999999998,1.413019999999998,4050
2026-07-13T18:30:00+00:00,1.413019999999998,1.413339999999998,1.4129099999999981,1.413169999999998,3701
2026-07-13T19:00:00+00:00,1.413169999999998,1.413979999999998,1.413089999999998,1.413959999999998,3921
2026-07-13T19:30:00+00:00,1.413959999999998,1.414129999999998,1.4135899999999981,1.413679999999998,2873
2026-07-13T20:00:00+00:00,1.413679999999998,1.413939999999998,1.413509999999998,1.413909999999998,2046
2026-07-13T20:30:00+00:00,1.413909999999998,1.414049999999998,1.413369999999998,1.413369999999998,1249
2026-07-13T21:00:00+00:00,1.413369999999998,1.413399999999998,1.4127499999999982,1.412939999999998,154.3546766920487
2026-07-13T21:30:00+00:00,1.412939999999998,1.4131599999999982,1.4123999999999985,1.4126099999999984,789.0868661140653
2026-07-13T22:00:00+00:00,1.4126099999999984,1.4133399999999985,1.4126099999999984,1.4131699999999985,523
2026-07-13T22:30:00+00:00,1.4131699999999985,1.4131699999999985,1.4129799999999983,1.4131099999999985,509.0266518600777
2026-07-13T23:00:00+00:00,1.4131099999999985,1.4132099999999985,1.4130399999999985,1.4131699999999985,874
2026-07-13T23:30:00+00:00,1.4131699999999985,1.4131999999999985,1.4126299999999985,1.4127599999999985,1983
2026-07-14T00:00:00+00:00,1.4127599999999985,1.4132099999999985,1.4127099999999984,1.4131699999999985,5748
2026-07-14T00:30:00+00:00,1.4131699999999985,1.4132799999999985,1.4122999999999983,1.4126199999999984,5159
2026-07-14T01:00:00+00:00,1.4126199999999984,1.4127399999999983,1.4120899999999985,1.4124799999999984,5106
2026-07-14T01:30:00+00:00,1.4124799999999984,1.4125799999999984,1.4120399999999984,1.4121399999999984,5608
2026-07-14T02:00:00+00:00,1.4121399999999984,1.4121599999999985,1.4113399999999985,1.4113499999999983,3421
2026-07-14T02:30:00+00:00,1.4113499999999983,1.4114499999999985,1.4109599999999984,1.4111299999999984,2827
2026-07-14T03:00:00+00:00,1.4111299999999984,1.4114099999999985,1.4108799999999984,1.4109599999999984,2990
2026-07-14T03:30:00+00:00,1.4109599999999984,1.4110199999999984,1.4106799999999984,1.4109899999999984,2877
2026-07-14T04:00:00+00:00,1.4109899999999984,1.4111699999999985,1.4106999999999985,1.4108299999999985,2702
2026-07-14T04:30:00+00:00,1.4108299999999985,1.4112499999999983,1.4107299999999985,1.4109899999999984,2767
2026-07-14T05:00:00+00:00,1.4109899999999984,1.4110299999999985,1.4107499999999984,1.4109399999999985,2474
2026-07-14T05:30:00+00:00,1.4109399999999985,1.4111799999999983,1.4107199999999984,1.4109899999999984,3519
2026-07-14T06:00:00+00:00,1.4109899999999984,1.4113299999999984,1.4106599999999985,1.4112199999999984,3764
2026-07-14T06:30:00+00:00,1.4112199999999984,1.4113799999999985,1.4107799999999984,1.4112399999999985,4191
2026-07-14T07:00:00+00:00,1.4112399999999985,1.4113099999999985,1.4094299999999984,1.4094599999999984,5095
2026-07-14T07:30:00+00:00,1.4094599999999984,1.4096699999999984,1.4079899999999985,1.4083099999999984,6494
2026-07-14T08:00:00+00:00,1.4083099999999984,1.4085099999999984,1.4076199999999985,1.4084699999999983,6018
2026-07-14T08:30:00+00:00,1.4084699999999983,1.4084899999999985,1.4068499999999984,1.4070799999999983,4702
2026-07-14T09:00:00+00:00,1.4070799999999983,1.4070899999999984,1.4061599999999985,1.4063599999999985,5871
2026-07-14T09:30:00+00:00,1.4063599999999985,1.4065499999999984,1.4059799999999985,1.4063399999999984,3993
2026-07-14T10:00:00+00:00,1.4063399999999984,1.4075499999999985,1.4061999999999983,1.4074699999999984,4257
2026-07-14T10:30:00+00:00,1.4074699999999984,1.4085599999999985,1.4073499999999983,1.4085199999999984,4682
2026-07-14T11:00:00+00:00,1.4085199999999984,1.4093199999999984,1.4084899999999985,1.4092999999999984,6443
2026-07-14T11:30:00+00:00,1.4092999999999984,1.4094299999999984,1.4087399999999983,1.4092499999999983,5309
2026-07-14T12:00:00+00:00,1.4092499999999983,1.4093699999999985,1.4074999999999984,1.4075899999999983,6488
2026-07-14T12:30:00+00:00,1.4075899999999983,1.4075999999999984,1.4032599999999984,1.4051799999999983,23130
2026-07-14T13:00:00+00:00,1.4051799999999983,1.4052999999999984,1.4033199999999983,1.4037499999999985,12676
2026-07-14T13:30:00+00:00,1.4037499999999985,1.4048599999999984,1.4034099999999985,1.4048499999999984,11425
2026-07-14T14:00:00+00:00,1.4048499999999984,1.4048499999999984,1.4029799999999983,1.4046599999999985,9832
2026-07-14T14:30:00+00:00,1.4046599999999985,1.4046999999999985,1.4032099999999985,1.4035099999999985,11999
2026-07-14T15:00:00+00:00,1.4035099999999985,1.4036799999999985,1.4025699999999985,1.4033499999999983,8774
2026-07-14T15:30:00+00:00,1.4033499999999983,1.4048199999999984,1.4031599999999984,1.4046099999999984,10063
2026-07-14T16:00:00+00:00,1.4046099999999984,1.4051599999999984,1.4044499999999984,1.4045399999999983,7147
2026-07-14T16:30:00+00:00,1.4045399999999983,1.4045999999999985,1.4036399999999984,1.4038299999999984,4513
2026-07-14T17:00:00+00:00,1.4038299999999984,1.4051799999999983,1.4037299999999984,1.4047499999999984,7014
2026-07-14T17:30:00+00:00,1.4047499999999984,1.4049099999999983,1.4044199999999984,1.4047499999999984,3591
2026-07-14T18:00:00+00:00,1.4047499999999984,1.4051699999999985,1.4044599999999985,1.4049799999999983,3805
2026-07-14T18:30:00+00:00,1.4049799999999983,1.4052899999999984,1.4044499999999984,1.4044599999999985,4481
2026-07-14T19:00:00+00:00,1.4044599999999985,1.4048599999999984,1.4043699999999983,1.4045399999999983,3620
2026-07-14T19:30:00+00:00,1.4045399999999983,1.4046699999999985,1.4041599999999985,1.4045199999999984,4385
2026-07-14T20:00:00+00:00,1.4045199999999984,1.4047699999999985,1.4042199999999985,1.4042199999999985,1959
2026-07-14T20:30:00+00:00,1.4042199999999985,1.4042499999999984,1.4035399999999985,1.4036099999999985,1707
2026-07-14T21:00:00+00:00,1.4036099999999985,1.4048199999999986,1.4035399999999985,1.404729999999999,280.7469263607263
2026-07-14T21:30:00+00:00,1.404729999999999,1.404829999999999,1.404449999999999,1.404829999999999,1102
2026-07-14T22:00:00+00:00,1.404829999999999,1.404829999999999,1.404469999999999,1.4045599999999991,698.491090610388
2026-07-14T22:30:00+00:00,1.4045599999999991,1.4047299999999991,1.404539999999999,1.404579999999999,473
2026-07-14T23:00:00+00:00,1.404579999999999,1.4047299999999991,1.4043199999999991,1.404329999999999,843
2026-07-14T23:30:00+00:00,1.404329999999999,1.4043899999999991,1.403649999999999,1.403869999999999,1818
2026-07-15T00:00:00+00:00,1.403869999999999,1.404239999999999,1.4037099999999991,1.4038499999999992,3367
2026-07-15T00:30:00+00:00,1.4038499999999992,1.404129999999999,1.403329999999999,1.403379999999999,2581
2026-07-15T01:00:00+00:00,1.403379999999999,1.403629999999999,1.403039999999999,1.403529999999999,3467
2026-07-15T01:30:00+00:00,1.403529999999999,1.403549999999999,1.403159999999999,1.403229999999999,2429
2026-07-15T02:00:00+00:00,1.403229999999999,1.403449999999999,1.403039999999999,1.403129999999999,2086
2026-07-15T02:30:00+00:00,1.403129999999999,1.403259999999999,1.402599999999999,1.402749999999999,2531
2026-07-15T03:00:00+00:00,1.402749999999999,1.403649999999999,1.4026299999999992,1.403489999999999,2427
2026-07-15T03:30:00+00:00,1.403489999999999,1.4036099999999991,1.403189999999999,1.403299999999999,1760
2026-07-15T04:00:00+00:00,1.403299999999999,1.403419999999999,1.403149999999999,1.4033399999999991,2050
2026-07-15T04:30:00+00:00,1.4033399999999991,1.403599999999999,1.403229999999999,1.403579999999999,1677
2026-07-15T05:00:00+00:00,1.403579999999999,1.403769999999999,1.4034099999999992,1.403639999999999,2213
2026-07-15T05:30:00+00:00,1.403639999999999,1.403939999999999,1.403469999999999,1.403909999999999,2461
2026-07-15T06:00:00+00:00,1.403909999999999,1.404269999999999,1.403629999999999,1.404029999999999,3970
2026-07-15T06:30:00+00:00,1.404029999999999,1.4045599999999991,1.4039499999999991,1.4044899999999991,4952
2026-07-15T07:00:00+00:00,1.4044899999999991,1.4044899999999991,1.403019999999999,1.404259999999999,6031
2026-07-15T07:30:00+00:00,1.404259999999999,1.404369999999999,1.4036799999999992,1.403899999999999,3939
2026-07-15T08:00:00+00:00,1.403899999999999,1.4040499999999991,1.403279999999999,1.403639999999999,4210
2026-07-15T08:30:00+00:00,1.403639999999999,1.404469999999999,1.403459999999999,1.404179999999999,3632
2026-07-15T09:00:00+00:00,1.404179999999999,1.4044199999999991,1.403999999999999,1.4043899999999991,3047
2026-07-15T09:30:00+00:00,1.4043899999999991,1.404769999999999,1.4043199999999991,1.404609999999999,3020
2026-07-15T10:00:00+00:00,1.404609999999999,1.405419999999999,1.404599999999999,1.405319999999999,3747
2026-07-15T10:30:00+00:00,1.405319999999999,1.405669999999999,1.4050999999999991,1.405219999999999,3298
2026-07-15T11:00:00+00:00,1.405219999999999,1.405559999999999,1.405009999999999,1.4055099999999991,3245
2026-07-15T11:30:00+00:00,1.4055099999999991,1.405839999999999,1.405209999999999,1.405589999999999,5182
2026-07-15T12:00:00+00:00,1.405589999999999,1.406379999999999,1.4054399999999991,1.405459999999999,5893
2026-07-15T12:30:00+00:00,1.405459999999999,1.405479999999999,1.403899999999999,1.404009999999999,8179
2026-07-15T13:00:00+00:00,1.404009999999999,1.4049299999999991,1.403719999999999,1.4048999999999991,6396
2026-07-15T13:30:00+00:00,1.4048999999999991,1.405449999999999,1.404209999999999,1.405259999999999,7826
2026-07-15T14:00:00+00:00,1.405259999999999,1.405429999999999,1.403959999999999,1.404399999999999,6974
2026-07-15T14:30:00+00:00,1.404399999999999,1.4046299999999992,1.403739999999999,1.403829999999999,8849
2026-07-15T15:00:00+00:00,1.403829999999999,1.404409999999999,1.4031999999999991,1.4034399999999991,7176
2026-07-15T15:30:00+00:00,1.4034399999999991,1.403889999999999,1.403219999999999,1.403499999999999,4823
2026-07-15T16:00:00+00:00,1.403499999999999,1.403919999999999,1.403259999999999,1.403519999999999,7213
2026-07-15T16:30:00+00:00,1.403519999999999,1.404189999999999,1.403499999999999,1.4035399999999991,5467
2026-07-15T17:00:00+00:00,1.4035399999999991,1.403579999999999,1.402699999999999,1.402769999999999,4389
2026-07-15T17:30:00+00:00,1.402769999999999,1.402799999999999,1.401769999999999,1.401869999999999,5387
2026-07-15T18:00:00+00:00,1.401869999999999,1.402139999999999,1.401329999999999,1.4013399999999991,4280
2026-07-15T18:30:00+00:00,1.4013399999999991,1.402969999999999,1.401119999999999,1.402939999999999,4664
2026-07-15T19:00:00+00:00,1.402939999999999,1.402969999999999,1.402209999999999,1.402619999999999,3612
2026-07-15T19:30:00+00:00,1.402619999999999,1.403179999999999,1.4025899999999991,1.402849999999999,5055
2026-07-15T20:00:00+00:00,1.402849999999999,1.403189999999999,1.402749999999999,1.402989999999999,1313
2026-07-15T20:30:00+00:00,1.402989999999999,1.403189999999999,1.402469999999999,1.402749999999999,1603
2026-07-15T21:00:00+00:00,1.402749999999999,1.4029399999999994,1.4019199999999994,1.4019699999999995,567.1365546932241
2026-07-15T21:30:00+00:00,1.4019699999999995,1.4020099999999995,1.4009799999999994,1.4016199999999996,2436.235924196649
2026-07-15T22:00:00+00:00,1.4016199999999996,1.4021899999999996,1.4016199999999996,1.4021299999999997,1220
2026-07-15T22:30:00+00:00,1.4021299999999997,1.4022499999999996,1.4019199999999996,1.4022199999999996,722
2026-07-15T23:00:00+00:00,1.4022199999999996,1.4022199999999996,1.4018599999999997,1.4018899999999996,675.9699163857583
2026-07-15T23:30:00+00:00,1.4018899999999996,1.4020499999999996,1.4016699999999995,1.4019099999999995,1155
2026-07-16T00:00:00+00:00,1.4019099999999995,1.4021199999999996,1.4017699999999995,1.4020699999999997,3825
2026-07-16T00:30:00+00:00,1.4020699999999997,1.4025099999999997,1.4019699999999995,1.4019999999999997,3565
2026-07-16T01:00:00+00:00,1.4019999999999997,1.4025299999999996,1.4018399999999995,1.4025199999999995,3829
2026-07-16T01:30:00+00:00,1.4025199999999995,1.4030999999999996,1.4024799999999995,1.4029999999999996,2529
2026-07-16T02:00:00+00:00,1.4029999999999996,1.4033199999999997,1.4029699999999996,1.4030499999999997,3101
2026-07-16T02:30:00+00:00,1.4030499999999997,1.4034799999999996,1.4030399999999996,1.4031399999999996,2494
2026-07-16T03:00:00+00:00,1.4031399999999996,1.4032199999999997,1.4026499999999995,1.4026799999999997,2542
2026-07-16T03:30:00+00:00,1.4026799999999997,1.4029199999999995,1.4026099999999997,1.4027999999999996,2112
2026-07-16T04:00:00+00:00,1.4027999999999996,1.4029199999999995,1.4026399999999997,1.4029099999999997,2195
2026-07-16T04:30:00+00:00,1.4029099999999997,1.4029599999999995,1.4025099999999997,1.4027999999999996,2126
2026-07-16T05:00:00+00:00,1.4027999999999996,1.4028999999999996,1.4025899999999996,1.4028799999999997,2654
2026-07-16T05:30:00+00:00,1.4028799999999997,1.4031899999999995,1.4026699999999996,1.4030799999999997,3673
2026-07-16T06:00:00+00:00,1.4030799999999997,1.4032599999999995,1.4026899999999995,1.4028099999999997,4253
2026-07-16T06:30:00+00:00,1.4028099999999997,1.4029199999999995,1.4022099999999995,1.4022999999999997,3855
2026-07-16T07:00:00+00:00,1.4022999999999997,1.4027099999999997,1.4021299999999997,1.4026499999999995,4495
2026-07-16T07:30:00+00:00,1.4026499999999995,1.4027899999999995,1.4023999999999996,1.4027599999999996,3139
2026-07-16T08:00:00+00:00,1.4027599999999996,1.4028699999999996,1.4024299999999996,1.4027399999999997,4182
2026-07-16T08:30:00+00:00,1.4027399999999997,1.4029899999999995,1.4022299999999996,1.4022999999999997,3703
2026-07-16T09:00:00+00:00,1.4022999999999997,1.4027099999999997,1.4022599999999996,1.4026699999999996,3281
2026-07-16T09:30:00+00:00,1.4026699999999996,1.4029099999999997,1.4021699999999997,1.4021999999999997,4299
2026-07-16T10:00:00+00:00,1.4021999999999997,1.4022499999999996,1.4015999999999995,1.4017799999999996,3981
2026-07-16T10:30:00+00:00,1.4017799999999996,1.4019699999999995,1.4016399999999996,1.4018499999999996,3121
2026-07-16T11:00:00+00:00,1.4018499999999996,1.4019399999999995,1.4011999999999996,1.4017199999999996,3755
2026-07-16T11:30:00+00:00,1.4017199999999996,1.4019099999999995,1.4011699999999996,1.4013499999999997,5751
2026-07-16T12:00:00+00:00,1.4013499999999997,1.4013899999999997,1.4003499999999995,1.4004099999999995,7826
2026-07-16T12:30:00+00:00,1.4004099999999995,1.4012399999999996,1.4001299999999997,1.4009499999999997,5065
2026-07-16T13:00:00+00:00,1.4009499999999997,1.4012599999999995,1.3992399999999996,1.3993299999999995,6496
2026-07-16T13:30:00+00:00,1.3993299999999995,1.4004699999999997,1.3991299999999995,1.4002899999999996,7129
2026-07-16T14:00:00+00:00,1.4002899999999996,1.4008699999999996,1.3999399999999995,1.4002699999999997,6164
2026-07-16T14:30:00+00:00,1.4002699999999997,1.4014699999999995,1.4000099999999995,1.4013399999999996,7220
2026-07-16T15:00:00+00:00,1.4013399999999996,1.4021599999999996,1.4013399999999996,1.4020099999999995,6219
2026-07-16T15:30:00+00:00,1.4020099999999995,1.4022699999999997,1.4013599999999995,1.4015399999999996,4649
2026-07-16T16:00:00+00:00,1.4015399999999996,1.4027199999999995,1.4014099999999996,1.4025699999999997,4663
2026-07-16T16:30:00+00:00,1.4025699999999997,1.4032399999999996,1.4023499999999995,1.4031399999999996,3368
2026-07-16T17:00:00+00:00,1.4031399999999996,1.4039399999999995,1.4030599999999995,1.4033499999999997,4691
2026-07-16T17:30:00+00:00,1.4033499999999997,1.4036199999999996,1.4031299999999995,1.4034299999999995,4444
2026-07-16T18:00:00+00:00,1.4034299999999995,1.4037599999999997,1.4030699999999996,1.4033899999999997,4775
2026-07-16T18:30:00+00:00,1.4033899999999997,1.4034899999999997,1.4029099999999997,1.4029399999999996,2695
2026-07-16T19:00:00+00:00,1.4029399999999996,1.4033099999999996,1.4027199999999995,1.4031499999999997,2695
2026-07-16T19:30:00+00:00,1.4031499999999997,1.4032699999999996,1.4027399999999997,1.4029499999999997,2871
2026-07-16T20:00:00+00:00,1.4029499999999997,1.4033999999999995,1.4028899999999995,1.4031699999999996,1400
2026-07-16T20:30:00+00:00,1.4031699999999996,1.4031899999999995,1.4022199999999996,1.4022599999999996,1556
2026-07-16T21:00:00+00:00,1.4022599999999996,1.4022799999999995,1.4017499999999994,1.4018899999999996,192.32565269243906
2026-07-16T21:30:00+00:00,1.4018899999999996,1.4023799999999995,1.4015799999999996,1.4020099999999995,867
2026-07-16T22:00:00+00:00,1.4020099999999995,1.4022099999999995,1.4019599999999997,1.4021299999999997,542
2026-07-16T22:30:00+00:00,1.4021299999999997,1.4024299999999996,1.4021199999999996,1.4023599999999996,399
2026-07-16T23:00:00+00:00,1.4023599999999996,1.4023699999999997,1.4018099999999996,1.4019899999999996,754
2026-07-16T23:30:00+00:00,1.4019899999999996,1.4021699999999995,1.4018699999999995,1.4019399999999995,1368
2026-07-17T00:00:00+00:00,1.4019399999999995,1.4021599999999996,1.4018499999999996,1.4020699999999995,3718
2026-07-17T00:30:00+00:00,1.4020699999999995,1.4021299999999997,1.4015099999999996,1.4015899999999997,4586
2026-07-17T01:00:00+00:00,1.4015899999999997,1.4016499999999996,1.4010499999999995,1.4011299999999995,3941
2026-07-17T01:30:00+00:00,1.4011299999999995,1.4021699999999995,1.4010899999999995,1.4019699999999995,4114
2026-07-17T02:00:00+00:00,1.4019699999999995,1.4020699999999995,1.4017899999999996,1.4020199999999996,3411
2026-07-17T02:30:00+00:00,1.4020199999999996,1.4022599999999996,1.4019099999999995,1.4022199999999996,3860
2026-07-17T03:00:00+00:00,1.4022199999999996,1.4022499999999996,1.4017599999999997,1.4019699999999995,4005
2026-07-17T03:30:00+00:00,1.4019699999999995,1.4022199999999996,1.4017199999999996,1.4017699999999995,5054
2026-07-17T04:00:00+00:00,1.4017699999999995,1.4018699999999995,1.4016299999999995,1.4018299999999995,4027
2026-07-17T04:30:00+00:00,1.4018299999999995,1.4019499999999996,1.4014999999999995,1.4018599999999997,4627
2026-07-17T05:00:00+00:00,1.4018599999999997,1.4019099999999995,1.4016099999999996,1.4017499999999996,3963
2026-07-17T05:30:00+00:00,1.4017499999999996,1.4018499999999996,1.4012699999999996,1.4017999999999995,4467
2026-07-17T06:00:00+00:00,1.4017999999999995,1.4021299999999997,1.4013199999999997,1.4015499999999996,4398
2026-07-17T06:30:00+00:00,1.4015499999999996,1.4015899999999997,1.4010099999999996,1.4012499999999997,3924
2026-07-17T07:00:00+00:00,1.4012499999999997,1.4014999999999995,1.4008899999999995,1.4010099999999996,3987
2026-07-17T07:30:00+00:00,1.4010099999999996,1.4012699999999996,1.4006999999999996,1.4010299999999996,3635
2026-07-17T08:00:00+00:00,1.4010299999999996,1.4019399999999995,1.4008299999999996,1.4013399999999996,5486
2026-07-17T08:30:00+00:00,1.4013399999999996,1.4014499999999996,1.4009899999999995,1.4012499999999997,4395
2026-07-17T09:00:00+00:00,1.4012499999999997,1.4016699999999995,1.4010199999999995,1.4010699999999996,3834
2026-07-17T09:30:00+00:00,1.4010699999999996,1.4016799999999996,1.4010599999999995,1.4012199999999995,3680
2026-07-17T10:00:00+00:00,1.4012199999999995,1.4015699999999995,1.4007699999999996,1.4009999999999996,4214
2026-07-17T10:30:00+00:00,1.4009999999999996,1.4020099999999995,1.4009599999999995,1.4018899999999996,3821
2026-07-17T11:00:00+00:00,1.4018899999999996,1.4021499999999996,1.4012599999999995,1.4012699999999996,4027
2026-07-17T11:30:00+00:00,1.4012699999999996,1.4013599999999995,1.4002399999999995,1.4007599999999996,3322
2026-07-17T12:00:00+00:00,1.4007599999999996,1.4009099999999997,1.4002599999999996,1.4003199999999996,4125
2026-07-17T12:30:00+00:00,1.4003199999999996,1.4010799999999997,1.4001399999999995,1.4006699999999996,5328
2026-07-17T13:00:00+00:00,1.4006699999999996,1.4007999999999996,1.3994599999999995,1.3997299999999995,6019
2026-07-17T13:30:00+00:00,1.3997299999999995,1.4002599999999996,1.3989699999999996,1.3991799999999996,7584
2026-07-17T14:00:00+00:00,1.3991799999999996,1.3996699999999995,1.3987599999999996,1.3995699999999995,6535
2026-07-17T14:30:00+00:00,1.3995699999999995,1.3999099999999995,1.3989699999999996,1.3994099999999996,6921
2026-07-17T15:00:00+00:00,1.3994099999999996,1.3996099999999996,1.3987699999999996,1.3991399999999996,6653
2026-07-17T15:30:00+00:00,1.3991399999999996,1.4001999999999997,1.3990299999999996,1.3996999999999995,4257
2026-07-17T16:00:00+00:00,1.3996999999999995,1.3999999999999995,1.3986599999999996,1.3987799999999995,6695
2026-07-17T16:30:00+00:00,1.3987799999999995,1.3994599999999995,1.3986599999999996,1.3991199999999995,3472
2026-07-17T17:00:00+00:00,1.3991199999999995,1.3997099999999996,1.3990699999999996,1.3993699999999996,3046
2026-07-17T17:30:00+00:00,1.3993699999999996,1.3997799999999996,1.3993599999999995,1.3996699999999995,2767
2026-07-17T18:00:00+00:00,1.3996699999999995,1.3997799999999996,1.3991899999999995,1.3992099999999996,3354
2026-07-17T18:30:00+00:00,1.3992099999999996,1.3995999999999995,1.3989699999999996,1.3992799999999996,3035
2026-07-17T19:00:00+00:00,1.3992799999999996,1.4003399999999995,1.3991599999999995,1.3992999999999995,2636
2026-07-17T19:30:00+00:00,1.3992999999999995,1.3996899999999997,1.3990199999999995,1.3991999999999996,2419
2026-07-17T20:00:00+00:00,1.3991999999999996,1.3999699999999995,1.3989899999999995,1.3997599999999997,1532
2026-07-17T20:30:00+00:00,1.3997599999999997,1.4002199999999996,1.3996699999999995,1.4001799999999998,1880.996905346281
2026-07-19T21:00:00+00:00,1.4001799999999998,1.4001799999999998,1.3995999999999995,1.3996799999999994,301.8877388391545
2026-07-19T21:30:00+00:00,1.3996799999999994,1.4002999999999994,1.3996799999999994,1.4000999999999995,750.1435321789115
2026-07-19T22:00:00+00:00,1.4000999999999995,1.4018799999999996,1.4000999999999995,1.4017499999999996,1762
2026-07-19T22:30:00+00:00,1.4017499999999996,1.4017599999999995,1.4013599999999995,1.4015299999999995,854
2026-07-19T23:00:00+00:00,1.4015299999999995,1.4016299999999995,1.4013899999999995,1.4014499999999996,904
2026-07-19T23:30:00+00:00,1.4014499999999996,1.4018699999999995,1.4014499999999996,1.4015199999999997,1887
2026-07-20T00:00:00+00:00,1.4015199999999997,1.4016599999999995,1.4009299999999996,1.4010399999999996,2788
2026-07-20T00:30:00+00:00,1.4010399999999996,1.4011999999999996,1.4007899999999995,1.4008199999999995,2853
2026-07-20T01:00:00+00:00,1.4008199999999995,1.4008699999999996,1.4005199999999995,1.4005599999999996,4386
2026-07-20T01:30:00+00:00,1.4005599999999996,1.4006899999999995,1.4002699999999995,1.4002799999999995,3307
2026-07-20T02:00:00+00:00,1.4002799999999995,1.4003799999999995,1.4001599999999996,1.4002599999999996,3730
2026-07-20T02:30:00+00:00,1.4002599999999996,1.4004899999999996,1.4000699999999995,1.4002999999999997,2837
2026-07-20T03:00:00+00:00,1.4002999999999997,1.4005199999999995,1.4002999999999997,1.4003899999999996,2572
2026-07-20T03:30:00+00:00,1.4003899999999996,1.4004499999999995,1.4001299999999997,1.4002099999999995,1845
2026-07-20T04:00:00+00:00,1.4002099999999995,1.4003599999999996,1.3999899999999996,1.4000499999999996,2077
2026-07-20T04:30:00+00:00,1.4000499999999996,1.4000999999999995,1.3999699999999995,1.4000799999999995,1622
2026-07-20T05:00:00+00:00,1.4000799999999995,1.4005599999999996,1.4000499999999996,1.4004999999999996,2255
2026-07-20T05:30:00+00:00,1.4004999999999996,1.4006799999999995,1.4004399999999995,1.4006199999999995,2187
2026-07-20T06:00:00+00:00,1.4006199999999995,1.4006699999999996,1.4001599999999996,1.4005699999999996,3456
2026-07-20T06:30:00+00:00,1.4005699999999996,1.4005899999999996,1.4000699999999995,1.4004799999999995,2671
2026-07-20T07:00:00+00:00,1.4004799999999995,1.4005399999999995,1.4000699999999995,1.4003899999999996,3969
2026-07-20T07:30:00+00:00,1.4003899999999996,1.4011199999999995,1.3998699999999995,1.4010499999999995,4500
2026-07-20T08:00:00+00:00,1.4010499999999995,1.4020699999999995,1.4008599999999996,1.4020299999999997,2938
2026-07-20T08:30:00+00:00,1.4020299999999997,1.4021699999999995,1.4017099999999996,1.4018199999999996,2815
2026-07-20T09:00:00+00:00,1.4018199999999996,1.4023499999999995,1.4017699999999995,1.4023399999999995,3489
2026-07-20T09:30:00+00:00,1.4023399999999995,1.4030599999999995,1.4022199999999996,1.4026199999999995,2986
2026-07-20T10:00:00+00:00,1.4026199999999995,1.4026499999999995,1.4017499999999996,1.4018899999999996,3075
2026-07-20T10:30:00+00:00,1.4018899999999996,1.4023899999999996,1.4018299999999995,1.4021499999999996,3226
2026-07-20T11:00:00+00:00,1.4021499999999996,1.4025499999999995,1.4015399999999996,1.4015399999999996,3637
2026-07-20T11:30:00+00:00,1.4015399999999996,1.4032599999999995,1.4014299999999995,1.4031299999999995,6102
2026-07-20T12:00:00+00:00,1.4031299999999995,1.4037199999999996,1.4024699999999997,1.4035499999999996,5316
2026-07-20T12:30:00+00:00,1.4035499999999996,1.4047899999999995,1.4035499999999996,1.4040799999999996,5768
2026-07-20T13:00:00+00:00,1.4040799999999996,1.4047899999999995,1.4035799999999996,1.4038999999999995,4183
2026-07-20T13:30:00+00:00,1.4038999999999995,1.4043999999999996,1.4037199999999996,1.4037899999999996,4319
2026-07-20T14:00:00+00:00,1.4037899999999996,1.4041199999999996,1.4034999999999995,1.4036099999999996,4766
2026-07-20T14:30:00+00:00,1.4036099999999996,1.4053399999999996,1.4035899999999994,1.4052699999999996,6274
2026-07-20T15:00:00+00:00,1.4052699999999996,1.4060199999999996,1.4049499999999995,1.4054999999999995,6016
2026-07-20T15:30:00+00:00,1.4054999999999995,1.4061699999999995,1.4052799999999996,1.4055699999999995,4448
2026-07-20T16:00:00+00:00,1.4055699999999995,1.4056299999999995,1.4046499999999995,1.4051099999999996,4014
2026-07-20T16:30:00+00:00,1.4051099999999996,1.4055799999999996,1.4049299999999996,1.4052899999999995,3590
2026-07-20T17:00:00+00:00,1.4052899999999995,1.4055599999999995,1.4050099999999996,1.4054099999999996,2992
2026-07-20T17:30:00+00:00,1.4054099999999996,1.4055799999999996,1.4050099999999996,1.4051999999999996,2339
2026-07-20T18:00:00+00:00,1.4051999999999996,1.4054699999999996,1.4048899999999995,1.4052899999999995,3168
2026-07-20T18:30:00+00:00,1.4052899999999995,1.4056099999999996,1.4052799999999996,1.4054399999999996,2869
2026-07-20T19:00:00+00:00,1.4054399999999996,1.4057899999999997,1.4052999999999995,1.4055099999999996,2613
2026-07-20T19:30:00+00:00,1.4055099999999996,1.4061899999999996,1.4054399999999996,1.4060799999999996,3052
2026-07-20T20:00:00+00:00,1.4060799999999996,1.4067699999999996,1.4058999999999995,1.4062999999999997,2025
2026-07-20T20:30:00+00:00,1.4062999999999997,1.4065899999999996,1.4062399999999995,1.4064799999999995,1179
2026-07-20T21:00:00+00:00,1.4064799999999995,1.4078099999999996,1.4056399999999996,1.4078099999999996,983
2026-07-20T21:30:00+00:00,1.4078099999999996,1.4079799999999996,1.4075199999999997,1.4076999999999995,884
2026-07-20T22:00:00+00:00,1.4076999999999995,1.4080599999999996,1.4075699999999995,1.4076499999999996,1384
2026-07-20T22:30:00+00:00,1.4076499999999996,1.4076699999999995,1.4071599999999995,1.4073799999999996,784
2026-07-20T23:00:00+00:00,1.4073799999999996,1.4074599999999995,1.4071499999999995,1.4073499999999997,868.4814331858473
2026-07-20T23:30:00+00:00,1.4073499999999997,1.4073499999999997,1.4066199999999995,1.4067099999999995,912.8449440366337
2026-07-21T00:00:00+00:00,1.4067099999999995,1.4072799999999996,1.4065399999999995,1.4072399999999996,1960
2026-07-21T00:30:00+00:00,1.4072399999999996,1.4073999999999995,1.4067199999999995,1.4070099999999996,2532
2026-07-21T01:00:00+00:00,1.4070099999999996,1.4072499999999997,1.4068099999999994,1.4069399999999996,3368
2026-07-21T01:30:00+00:00,1.4069399999999996,1.4072299999999995,1.4067899999999995,1.4070099999999996,3552
2026-07-21T02:00:00+00:00,1.4070099999999996,1.4074199999999994,1.4067299999999996,1.4074199999999994,2944
2026-07-21T02:30:00+00:00,1.4074199999999994,1.4075999999999995,1.4069699999999996,1.4075999999999995,2487
2026-07-21T03:00:00+00:00,1.4075999999999995,1.4076699999999995,1.4071999999999996,1.4073599999999995,2474
2026-07-21T03:30:00+00:00,1.4073599999999995,1.4075399999999996,1.4071999999999996,1.4074899999999995,1763
2026-07-21T04:00:00+00:00,1.4074899999999995,1.4075099999999996,1.4071899999999995,1.4072999999999996,2314
2026-07-21T04:30:00+00:00,1.4072999999999996,1.4072999999999996,1.4066999999999996,1.4067099999999995,1910
2026-07-21T05:00:00+00:00,1.4067099999999995,1.4068599999999996,1.4065599999999996,1.4066199999999995,1824
2026-07-21T05:30:00+00:00,1.4066199999999995,1.4067099999999995,1.4063099999999995,1.4066299999999996,2477
2026-07-21T06:00:00+00:00,1.4066299999999996,1.4073299999999995,1.4064199999999996,1.4065799999999995,3697
2026-07-21T06:30:00+00:00,1.4065799999999995,1.4066499999999995,1.4057999999999995,1.4059499999999996,5170
2026-07-21T07:00:00+00:00,1.4059499999999996,1.4059499999999996,1.4053699999999996,1.4058499999999996,3766
2026-07-21T07:30:00+00:00,1.4058499999999996,1.4062699999999995,1.4056099999999996,1.4060699999999995,4673
2026-07-21T08:00:00+00:00,1.4060699999999995,1.4063399999999995,1.4059299999999995,1.4062599999999996,5561
2026-07-21T08:30:00+00:00,1.4062599999999996,1.4064699999999997,1.4060599999999996,1.4061599999999996,5491
2026-07-21T09:00:00+00:00,1.4061599999999996,1.4062499999999996,1.4057199999999996,1.4060399999999995,3524
2026-07-21T09:30:00+00:00,1.4060399999999995,1.4060399999999995,1.4051199999999995,1.4052999999999995,3277
2026-07-21T10:00:00+00:00,1.4052999999999995,1.4054699999999996,1.4049999999999996,1.4053299999999995,2682
2026-07-21T10:30:00+00:00,1.4053299999999995,1.4058299999999995,1.4052199999999995,1.4056199999999996,2258
2026-07-21T11:00:00+00:00,1.4056199999999996,1.4062199999999996,1.4052999999999995,1.4061099999999995,4561
2026-07-21T11:30:00+00:00,1.4061099999999995,1.4065699999999997,1.4058299999999995,1.4061599999999996,3405
2026-07-21T12:00:00+00:00,1.4061599999999996,1.4076999999999995,1.4061099999999995,1.4072399999999996,5261
2026-07-21T12:30:00+00:00,1.4072399999999996,1.4074099999999996,1.4068799999999995,1.4071299999999995,4676
2026-07-21T13:00:00+00:00,1.4071299999999995,1.4085299999999996,1.4069999999999996,1.4082899999999996,4937
2026-07-21T13:30:00+00:00,1.4082899999999996,1.4084499999999995,1.4073699999999996,1.4083999999999997,7435
2026-07-21T14:00:00+00:00,1.4083999999999997,1.4088199999999995,1.4072199999999995,1.4087799999999995,6473
2026-07-21T14:30:00+00:00,1.4087799999999995,1.4095099999999996,1.4084899999999996,1.4087099999999995,6498
2026-07-21T15:00:00+00:00,1.4087099999999995,1.4093499999999997,1.4085299999999996,1.4090899999999995,6666
2026-07-21T15:30:00+00:00,1.4090899999999995,1.4097399999999995,1.4086699999999996,1.4093299999999995,5195
2026-07-21T16:00:00+00:00,1.4093299999999995,1.4097999999999995,1.4093099999999996,1.4096399999999996,2674
2026-07-21T16:30:00+00:00,1.4096399999999996,1.4100399999999995,1.4092499999999997,1.4093699999999996,2777
2026-07-21T17:00:00+00:00,1.4093699999999996,1.4097899999999997,1.4090899999999995,1.4094499999999996,2800
2026-07-21T17:30:00+00:00,1.4094499999999996,1.4100899999999996,1.4094499999999996,1.4097499999999996,2134
2026-07-21T18:00:00+00:00,1.4097499999999996,1.4104499999999995,1.4097499999999996,1.4101599999999996,3326
2026-07-21T18:30:00+00:00,1.4101599999999996,1.4106299999999996,1.4101099999999995,1.4102899999999996,2935
2026-07-21T19:00:00+00:00,1.4102899999999996,1.4105199999999996,1.4100899999999996,1.4101099999999995,2867
2026-07-21T19:30:00+00:00,1.4101099999999995,1.4106599999999996,1.4100899999999996,1.4101299999999997,2915
2026-07-21T20:00:00+00:00,1.4101299999999997,1.4104099999999995,1.4099699999999995,1.4100699999999995,1308
2026-07-21T20:30:00+00:00,1.4100699999999995,1.4106199999999995,1.4099399999999995,1.4102699999999995,1315
2026-07-21T21:00:00+00:00,1.4102699999999995,1.4103099999999995,1.4099499999999996,1.4102599999999994,154.82946953321948
2026-07-21T21:30:00+00:00,1.4102599999999994,1.4104199999999996,1.4101999999999995,1.4103199999999996,629
2026-07-21T22:00:00+00:00,1.4103199999999996,1.4105399999999995,1.4100999999999995,1.4102499999999996,769
2026-07-21T22:30:00+00:00,1.4102499999999996,1.4105399999999995,1.4102199999999996,1.4104699999999994,507
2026-07-21T23:00:00+00:00,1.4104699999999994,1.4106699999999994,1.4104699999999994,1.4105899999999996,763
2026-07-21T23:30:00+00:00,1.4105899999999996,1.4105899999999996,1.4100699999999995,1.4100999999999995,1097
2026-07-22T00:00:00+00:00,1.4100999999999995,1.4103299999999994,1.4096699999999995,1.4097099999999996,3235
2026-07-22T00:30:00+00:00,1.4097099999999996,1.4103399999999995,1.4096799999999996,1.4100499999999996,2446
2026-07-22T01:00:00+00:00,1.4100499999999996,1.4100599999999994,1.4094399999999996,1.4098799999999996,3181
2026-07-22T01:30:00+00:00,1.4098799999999996,1.4101899999999994,1.4098799999999996,1.4099499999999996,1845
2026-07-22T02:00:00+00:00,1.4099499999999996,1.4102099999999995,1.4097799999999996,1.4099199999999994,2237
2026-07-22T02:30:00+00:00,1.4099199999999994,1.4102599999999994,1.4098599999999994,1.4100399999999995,2083
2026-07-22T03:00:00+00:00,1.4100399999999995,1.4101899999999994,1.4097999999999995,1.4099799999999996,2049
2026-07-22T03:30:00+00:00,1.4099799999999996,1.4102199999999996,1.4099499999999996,1.4100599999999994,1778
2026-07-22T04:00:00+00:00,1.4100599999999994,1.4103699999999995,1.4100099999999995,1.4101699999999995,2227
2026-07-22T04:30:00+00:00,1.4101699999999995,1.4101899999999994,1.4099899999999994,1.4100599999999994,1795
2026-07-22T05:00:00+00:00,1.4100599999999994,1.4101099999999995,1.4098699999999995,1.4100899999999994,1618
2026-07-22T05:30:00+00:00,1.4100899999999994,1.4101999999999995,1.4098399999999995,1.4098599999999994,2243
2026-07-22T06:00:00+00:00,1.4098599999999994,1.4098899999999994,1.4093699999999996,1.4098499999999996,4321
2026-07-22T06:30:00+00:00,1.4098499999999996,1.4099899999999994,1.4093299999999995,1.4093799999999994,3369
2026-07-22T07:00:00+00:00,1.4093799999999994,1.4094799999999994,1.4080699999999995,1.4080699999999995,3014
2026-07-22T07:30:00+00:00,1.4080699999999995,1.4088899999999995,1.4077899999999994,1.4085399999999995,4957
2026-07-22T08:00:00+00:00,1.4085399999999995,1.4091899999999995,1.4085099999999995,1.4089299999999996,4441
2026-07-22T08:30:00+00:00,1.4089299999999996,1.4090299999999996,1.4086299999999996,1.4089599999999995,3317
2026-07-22T09:00:00+00:00,1.4089599999999995,1.4091799999999994,1.4087199999999995,1.4090599999999995,3782
2026-07-22T09:30:00+00:00,1.4090599999999995,1.4095499999999994,1.4089299999999996,1.4091199999999995,3043
2026-07-22T10:00:00+00:00,1.4091199999999995,1.4100699999999995,1.4090999999999996,1.4099999999999995,3889
2026-07-22T10:30:00+00:00,1.4099999999999995,1.4100299999999995,1.4093799999999994,1.4096599999999995,3477
2026-07-22T11:00:00+00:00,1.4096599999999995,1.4096999999999995,1.4089499999999995,1.4090499999999995,3677
2026-07-22T11:30:00+00:00,1.4090499999999995,1.4090999999999996,1.4085299999999994,1.4085699999999994,4861
2026-07-22T12:00:00+00:00,1.4085699999999994,1.4085699999999994,1.4077199999999994,1.4081699999999995,4629
2026-07-22T12:30:00+00:00,1.4081699999999995,1.4089499999999995,1.4076499999999994,1.4086899999999996,5585
2026-07-22T13:00:00+00:00,1.4086899999999996,1.4087499999999995,1.4080399999999995,1.4081599999999994,4927
2026-07-22T13:30:00+00:00,1.4081599999999994,1.4088399999999994,1.4071899999999995,1.4085299999999994,7310
2026-07-22T14:00:00+00:00,1.4085299999999994,1.4085899999999996,1.4076799999999996,1.4077999999999995,5624
2026-07-22T14:30:00+00:00,1.4077999999999995,1.4084299999999994,1.4074499999999994,1.4079899999999994,5809
2026-07-22T15:00:00+00:00,1.4079899999999994,1.4083099999999995,1.4076399999999996,1.4079899999999994,4683
2026-07-22T15:30:00+00:00,1.4079899999999994,1.4083099999999995,1.4078999999999995,1.4080699999999995,3498
2026-07-22T16:00:00+00:00,1.4080699999999995,1.4088899999999995,1.4079899999999994,1.4085799999999995,2968
2026-07-22T16:30:00+00:00,1.4085799999999995,1.4090099999999994,1.4085699999999994,1.4088699999999994,2596
2026-07-22T17:00:00+00:00,1.4088699999999994,1.4088999999999996,1.4085599999999996,1.4086399999999994,2439
2026-07-22T17:30:00+00:00,1.4086399999999994,1.4090199999999995,1.4086399999999994,1.4087899999999995,1731
2026-07-22T18:00:00+00:00,1.4087899999999995,1.4088999999999996,1.4084499999999995,1.4084799999999995,1783
2026-07-22T18:30:00+00:00,1.4084799999999995,1.4085499999999995,1.4080599999999994,1.4080899999999994,2341
2026-07-22T19:00:00+00:00,1.4080899999999994,1.4083299999999994,1.4080199999999996,1.4082199999999996,1900
2026-07-22T19:30:00+00:00,1.4082199999999996,1.4083699999999995,1.4079699999999995,1.4079799999999996,1860
2026-07-22T20:00:00+00:00,1.4079799999999996,1.4080899999999994,1.4076099999999996,1.4078099999999996,1460
2026-07-22T20:30:00+00:00,1.4078099999999996,1.4083299999999994,1.4077699999999995,1.4082199999999996,1278
2026-07-22T21:00:00+00:00,1.4082199999999996,1.4083899999999996,1.40731,1.4074400000000002,219.79379632756937
2026-07-22T21:30:00+00:00,1.4074400000000002,1.4079300000000001,1.40724,1.40765,2492
2026-07-22T22:00:00+00:00,1.40765,1.40829,1.40765,1.4082800000000002,418
2026-07-22T22:30:00+00:00,1.4082800000000002,1.4084500000000002,1.4082400000000002,1.4082500000000002,521
2026-07-22T23:00:00+00:00,1.4082500000000002,1.4083,1.4080400000000002,1.4082100000000002,1040.9533622559652
2026-07-22T23:30:00+00:00,1.4082100000000002,1.4082400000000002,1.4080500000000002,1.4080700000000002,1305
2026-07-23T00:00:00+00:00,1.4080700000000002,1.4081700000000001,1.4078700000000002,1.4080200000000003,3745
2026-07-23T00:30:00+00:00,1.4080200000000003,1.4080200000000003,1.4074400000000002,1.4074500000000003,2757
2026-07-23T01:00:00+00:00,1.4074500000000003,1.4074500000000003,1.4069800000000001,1.4072900000000002,3012
2026-07-23T01:30:00+00:00,1.4072900000000002,1.4072900000000002,1.4067200000000002,1.4069500000000001,4809
2026-07-23T02:00:00+00:00,1.4069500000000001,1.4069700000000003,1.4067100000000001,1.4067700000000003,3103
2026-07-23T02:30:00+00:00,1.4067700000000003,1.4067800000000001,1.4059600000000003,1.4060000000000001,3013
2026-07-23T03:00:00+00:00,1.4060000000000001,1.4064500000000002,1.4058900000000003,1.4059500000000003,3536
2026-07-23T03:30:00+00:00,1.4059500000000003,1.4060000000000001,1.4057100000000002,1.4059200000000003,3280
2026-07-23T04:00:00+00:00,1.4059200000000003,1.4060300000000001,1.4055800000000003,1.4057200000000003,3922
2026-07-23T04:30:00+00:00,1.4057200000000003,1.4060500000000002,1.4056300000000002,1.4059500000000003,3566
2026-07-23T05:00:00+00:00,1.4059500000000003,1.4064600000000003,1.4057900000000003,1.4062600000000003,2446
2026-07-23T05:30:00+00:00,1.4062600000000003,1.4064200000000002,1.4058400000000002,1.4059100000000002,2872
2026-07-23T06:00:00+00:00,1.4059100000000002,1.4059300000000001,1.4051600000000002,1.4057200000000003,3835
2026-07-23T06:30:00+00:00,1.4057200000000003,1.4062300000000003,1.4055600000000001,1.40613,3412
2026-07-23T07:00:00+00:00,1.40613,1.4062100000000002,1.4052700000000002,1.4061600000000003,4747
2026-07-23T07:30:00+00:00,1.4061600000000003,1.4068600000000002,1.4059200000000003,1.4064600000000003,4991
2026-07-23T08:00:00+00:00,1.4064600000000003,1.4072400000000003,1.4062800000000002,1.4069400000000003,4542
2026-07-23T08:30:00+00:00,1.4069400000000003,1.4072500000000001,1.4068800000000001,1.40708,3791
2026-07-23T09:00:00+00:00,1.40708,1.4077200000000003,1.4068100000000001,1.4076400000000002,2993
2026-07-23T09:30:00+00:00,1.4076400000000002,1.4076500000000003,1.4072800000000003,1.4076000000000002,3019
2026-07-23T10:00:00+00:00,1.4076000000000002,1.4080400000000002,1.4075800000000003,1.4080400000000002,3746
2026-07-23T10:30:00+00:00,1.4080400000000002,1.4082600000000003,1.4076800000000003,1.4078900000000003,4667
2026-07-23T11:00:00+00:00,1.4078900000000003,1.4079800000000002,1.4069700000000003,1.4071900000000002,4301
2026-07-23T11:30:00+00:00,1.4071900000000002,1.4086200000000002,1.4071800000000003,1.4073900000000001,5985
2026-07-23T12:00:00+00:00,1.4073900000000001,1.4078800000000002,1.4065800000000002,1.4076100000000002,5011
2026-07-23T12:30:00+00:00,1.4076100000000002,1.4085200000000002,1.4075700000000002,1.4077900000000003,7408
2026-07-23T13:00:00+00:00,1.4077900000000003,1.4083300000000003,1.4073700000000002,1.4076100000000002,8750
2026-07-23T13:30:00+00:00,1.4076100000000002,1.4076400000000002,1.4064600000000003,1.4074100000000003,8760
2026-07-23T14:00:00+00:00,1.4074100000000003,1.4086700000000003,1.4071100000000003,1.4083100000000002,10616
2026-07-23T14:30:00+00:00,1.4083100000000002,1.4086200000000002,1.4079300000000001,1.4080900000000003,8734
2026-07-23T15:00:00+00:00,1.4080900000000003,1.4087700000000003,1.4080400000000002,1.4087000000000003,7046
2026-07-23T15:30:00+00:00,1.4087000000000003,1.4094600000000002,1.4079100000000002,1.4082800000000002,6425
2026-07-23T16:00:00+00:00,1.4082800000000002,1.4085000000000003,1.4078300000000001,1.4080500000000002,4403
2026-07-23T16:30:00+00:00,1.4080500000000002,1.4080900000000003,1.4071500000000001,1.4071800000000003,3916
2026-07-23T17:00:00+00:00,1.4071800000000003,1.4074600000000002,1.4070200000000002,1.4073300000000002,3925
2026-07-23T17:30:00+00:00,1.4073300000000002,1.4076000000000002,1.4072600000000002,1.4075700000000002,2960
2026-07-23T18:00:00+00:00,1.4075700000000002,1.4077800000000003,1.4072300000000002,1.4075700000000002,3116
2026-07-23T18:30:00+00:00,1.4075700000000002,1.4075800000000003,1.4070600000000002,1.4070900000000002,3515
2026-07-23T19:00:00+00:00,1.4070900000000002,1.4077900000000003,1.4070500000000001,1.4075300000000002,2863
2026-07-23T19:30:00+00:00,1.4075300000000002,1.4079100000000002,1.4072500000000001,1.4078200000000003,3908
2026-07-23T20:00:00+00:00,1.4078200000000003,1.4084400000000001,1.40769,1.4082300000000003,1827
2026-07-23T20:30:00+00:00,1.4082300000000003,1.4083700000000001,1.4078700000000002,1.4078900000000003,1243
2026-07-23T21:00:00+00:00,1.4078900000000003,1.4078900000000003,1.4070500000000001,1.4072900000000002,268.98115039672973
2026-07-23T21:30:00+00:00,1.4072900000000002,1.4076500000000003,1.4069400000000003,1.4073300000000002,1167
2026-07-23T22:00:00+00:00,1.4073300000000002,1.4078600000000001,1.4073300000000002,1.4078300000000001,465
2026-07-23T22:30:00+00:00,1.4078300000000001,1.4079400000000002,1.4076500000000003,1.4077600000000001,556
2026-07-23T23:00:00+00:00,1.4077600000000001,1.4079400000000002,1.4077400000000002,1.4078000000000002,831
2026-07-23T23:30:00+00:00,1.4078000000000002,1.4081400000000002,1.4076800000000003,1.4080300000000001,1426
2026-07-24T00:00:00+00:00,1.4080300000000001,1.40813,1.4069800000000001,1.4071000000000002,5526
2026-07-24T00:30:00+00:00,1.4071000000000002,1.4072600000000002,1.4065400000000001,1.4065400000000001,3242
2026-07-24T01:00:00+00:00,1.4065400000000001,1.4068000000000003,1.4062700000000001,1.4067800000000001,7760
2026-07-24T01:30:00+00:00,1.4067800000000001,1.4068400000000003,1.4063900000000003,1.4067500000000002,5571
2026-07-24T02:00:00+00:00,1.4067500000000002,1.4069900000000002,1.40674,1.4068900000000002,5493
2026-07-24T02:30:00+00:00,1.4068900000000002,1.40735,1.4067100000000001,1.4073300000000002,4481
2026-07-24T03:00:00+00:00,1.4073300000000002,1.4074500000000003,1.4072000000000002,1.4073700000000002,4213
2026-07-24T03:30:00+00:00,1.4073700000000002,1.4073700000000002,1.4071000000000002,1.4071700000000003,3688
2026-07-24T04:00:00+00:00,1.4071700000000003,1.4074600000000002,1.4070600000000002,1.4074600000000002,3012
2026-07-24T04:30:00+00:00,1.4074600000000002,1.4078600000000001,1.4074100000000003,1.4076700000000002,3905
2026-07-24T05:00:00+00:00,1.4076700000000002,1.4077000000000002,1.4072600000000002,1.40735,5668
2026-07-24T05:30:00+00:00,1.40735,1.4078300000000001,1.4071100000000003,1.4077600000000001,4812
2026-07-24T06:00:00+00:00,1.4077600000000001,1.4079200000000003,1.4071000000000002,1.4071400000000003,5348
2026-07-24T06:30:00+00:00,1.4071400000000003,1.4072700000000002,1.40691,1.4070000000000003,4533
2026-07-24T07:00:00+00:00,1.4070000000000003,1.4072200000000001,1.4062100000000002,1.4064000000000003,5808
2026-07-24T07:30:00+00:00,1.4064000000000003,1.4071300000000002,1.4060900000000003,1.4070900000000002,4630
2026-07-24T08:00:00+00:00,1.4070900000000002,1.4072800000000003,1.4068800000000001,1.4071900000000002,5555
2026-07-24T08:30:00+00:00,1.4071900000000002,1.4074800000000003,1.4070600000000002,1.4073700000000002,3652
2026-07-24T09:00:00+00:00,1.4073700000000002,1.4077100000000002,1.4073000000000002,1.4073100000000003,4004
2026-07-24T09:30:00+00:00,1.4073100000000003,1.4082300000000003,1.4073100000000003,1.4075100000000003,3651
2026-07-24T10:00:00+00:00,1.4075100000000003,1.4076600000000001,1.4068600000000002,1.4070200000000002,4490
2026-07-24T10:30:00+00:00,1.4070200000000002,1.4074200000000001,1.4067300000000003,1.40735,4005
2026-07-24T11:00:00+00:00,1.40735,1.4080300000000001,1.4072200000000001,1.4080100000000002,3373
2026-07-24T11:30:00+00:00,1.4080100000000002,1.4085400000000001,1.4079100000000002,1.4083,3728
2026-07-24T12:00:00+00:00,1.4083,1.4086800000000002,1.4079000000000002,1.4086000000000003,4251
2026-07-24T12:30:00+00:00,1.4086000000000003,1.41013,1.4085400000000001,1.4101100000000002,6978
2026-07-24T13:00:00+00:00,1.4101100000000002,1.4109800000000001,1.4096100000000003,1.4096100000000003,7031
2026-07-24T13:30:00+00:00,1.4096100000000003,1.4102000000000001,1.4091100000000003,1.4092600000000002,5919
2026-07-24T14:00:00+00:00,1.4092600000000002,1.4094100000000003,1.4083,1.4087100000000001,8123
2026-07-24T14:30:00+00:00,1.4087100000000001,1.4087900000000002,1.4073800000000003,1.4076800000000003,6308
2026-07-24T15:00:00+00:00,1.4076800000000003,1.4077900000000003,1.4069200000000002,1.4077800000000003,7000
2026-07-24T15:30:00+00:00,1.4077800000000003,1.40813,1.4073700000000002,1.4074600000000002,4236
2026-07-24T16:00:00+00:00,1.4074600000000002,1.4077600000000001,1.4072900000000002,1.4073000000000002,3030
2026-07-24T16:30:00+00:00,1.4073000000000002,1.4082900000000003,1.4072900000000002,1.4080000000000001,3278
2026-07-24T17:00:00+00:00,1.4080000000000001,1.4090200000000002,1.4080000000000001,1.40891,3785
2026-07-24T17:30:00+00:00,1.40891,1.4094500000000003,1.4087100000000001,1.4092300000000002,3068
2026-07-24T18:00:00+00:00,1.4092300000000002,1.4093700000000002,1.4091100000000003,1.4092100000000003,2598
2026-07-24T18:30:00+00:00,1.4092100000000003,1.4093700000000002,1.4090000000000003,1.4091200000000002,2880
2026-07-24T19:00:00+00:00,1.4091200000000002,1.4093400000000003,1.4090600000000002,1.4092900000000002,2330
2026-07-24T19:30:00+00:00,1.4092900000000002,1.4097300000000001,1.4090900000000002,1.4095700000000002,2951
2026-07-24T20:00:00+00:00,1.4095700000000002,1.4098700000000002,1.4095600000000001,1.40969,1609
2026-07-24T20:30:00+00:00,1.40969,1.4097900000000003,1.4085900000000002,1.4086800000000002,1134.5146275020727
2026-07-26T21:00:00+00:00,1.4086800000000002,1.40887,1.40813,1.4082100000000002,116.58202457893546
2026-07-26T21:30:00+00:00,1.4082100000000002,1.4083800000000002,1.4075900000000001,1.4077000000000002,504.71104961017295
2026-07-26T22:00:00+00:00,1.4077000000000002,1.4088,1.4077000000000002,1.4086200000000002,1514
2026-07-26T22:30:00+00:00,1.4086200000000002,1.4089900000000002,1.40856,1.4088800000000001,863
2026-07-26T23:00:00+00:00,1.4088800000000001,1.40891,1.40849,1.40873,1531
2026-07-26T23:30:00+00:00,1.40873,1.4088500000000002,1.40847,1.4085400000000001,1907
2026-07-27T00:00:00+00:00,1.4085400000000001,1.4085400000000001,1.4073000000000002,1.4075400000000002,5823
2026-07-27T00:30:00+00:00,1.4075400000000002,1.40805,1.40717,1.4079700000000002,4312
2026-07-27T01:00:00+00:00,1.4079700000000002,1.4079800000000002,1.4073900000000001,1.4076400000000002,4388
2026-07-27T01:30:00+00:00,1.4076400000000002,1.4079400000000002,1.40697,1.4069800000000001,4724
2026-07-27T02:00:00+00:00,1.4069800000000001,1.40768,1.4069,1.4073600000000002,4056
2026-07-27T02:30:00+00:00,1.4073600000000002,1.4077000000000002,1.40734,1.4076300000000002,2787
2026-07-27T03:00:00+00:00,1.4076300000000002,1.40823,1.40751,1.40809,3041
2026-07-27T03:30:00+00:00,1.40809,1.40836,1.40792,1.40809,3133
2026-07-27T04:00:00+00:00,1.40809,1.40846,1.4080400000000002,1.4084200000000002,1769
2026-07-27T04:30:00+00:00,1.4084200000000002,1.4085100000000002,1.4081500000000002,1.40819,2255
2026-07-27T05:00:00+00:00,1.40819,1.4084,1.40792,1.40813,3705
2026-07-27T05:30:00+00:00,1.40813,1.4084100000000002,1.4080400000000002,1.40836,2855
2026-07-27T06:00:00+00:00,1.40836,1.4101000000000001,1.40829,1.40924,4890
2026-07-27T06:30:00+00:00,1.40924,1.4097700000000002,1.4091200000000002,1.4095400000000002,3937
2026-07-27T07:00:00+00:00,1.4095400000000002,1.4099300000000001,1.4090900000000002,1.4093300000000002,4610
2026-07-27T07:30:00+00:00,1.4093300000000002,1.40962,1.4091200000000002,1.40961,3527
2026-07-27T08:00:00+00:00,1.40961,1.40982,1.40897,1.40982,3519
2026-07-27T08:30:00+00:00,1.40982,1.4098400000000002,1.4093700000000002,1.4097400000000002,3443
2026-07-27T09:00:00+00:00,1.4097400000000002,1.4104,1.4095900000000001,1.41033,3280
2026-07-27T09:30:00+00:00,1.41033,1.4104400000000001,1.4100100000000002,1.4104400000000001,2993
2026-07-27T10:00:00+00:00,1.4104400000000001,1.41053,1.4100400000000002,1.4105100000000002,4533
2026-07-27T10:30:00+00:00,1.4105100000000002,1.4106100000000001,1.4099800000000002,1.4105100000000002,4204
2026-07-27T11:00:00+00:00,1.4105100000000002,1.41073,1.40992,1.4102000000000001,2503
2026-07-27T11:30:00+00:00,1.4102000000000001,1.41077,1.4098400000000002,1.4106500000000002,3268
2026-07-27T12:00:00+00:00,1.4106500000000002,1.4106500000000002,1.4101800000000002,1.41046,3480
2026-07-27T12:30:00+00:00,1.41046,1.41077,1.4101800000000002,1.4107,3467
2026-07-27T13:00:00+00:00,1.4107,1.4111200000000002,1.41039,1.4106900000000002,4754
2026-07-27T13:30:00+00:00,1.4106900000000002,1.4107500000000002,1.40979,1.40995,6378
2026-07-27T14:00:00+00:00,1.40995,1.4114000000000002,1.40995,1.4114000000000002,6747
2026-07-27T14:30:00+00:00,1.4114000000000002,1.41168,1.4109800000000001,1.4111900000000002,5953
2026-07-27T15:00:00+00:00,1.4111900000000002,1.41135,1.41067,1.4110200000000002,6259
2026-07-27T15:30:00+00:00,1.4110200000000002,1.4113300000000002,1.4106200000000002,1.41104,5760
2026-07-27T16:00:00+00:00,1.41104,1.41138,1.4106400000000001,1.4108200000000002,5535
2026-07-27T16:30:00+00:00,1.4108200000000002,1.4111200000000002,1.41063,1.41107,3085
2026-07-27T17:00:00+00:00,1.41107,1.4117700000000002,1.41107,1.4117300000000002,3692
2026-07-27T17:30:00+00:00,1.4117300000000002,1.4119300000000001,1.41158,1.41192,2497
2026-07-27T18:00:00+00:00,1.41192,1.41213,1.4119100000000002,1.4120000000000001,2169
2026-07-27T18:30:00+00:00,1.4120000000000001,1.4124700000000001,1.41189,1.41233,2812
2026-07-27T19:00:00+00:00,1.41233,1.41236,1.41189,1.4119100000000002,3075
2026-07-27T19:30:00+00:00,1.4119100000000002,1.4121500000000002,1.4118100000000002,1.4120000000000001,2349
2026-07-27T20:00:00+00:00,1.4120000000000001,1.4123,1.41192,1.4122500000000002,1184
2026-07-27T20:30:00+00:00,1.4122500000000002,1.41249,1.4121400000000002,1.4121400000000002,720
2026-07-27T21:00:00+00:00,1.4121400000000002,1.4121400000000002,1.41148,1.41188,163.76842486992007
2026-07-27T21:30:00+00:00,1.41188,1.4120700000000002,1.4116900000000001,1.41171,512
2026-07-27T22:00:00+00:00,1.41171,1.41218,1.41171,1.41205,610
2026-07-27T22:30:00+00:00,1.41205,1.41216,1.4119700000000002,1.4121000000000001,551.0915581688366
2026-07-27T23:00:00+00:00,1.4121000000000001,1.41226,1.41199,1.4121400000000002,708
2026-07-27T23:30:00+00:00,1.4121400000000002,1.41248,1.4121400000000002,1.41231,1264
2026-07-28T00:00:00+00:00,1.41231,1.41273,1.41229,1.41229,3059
2026-07-28T00:30:00+00:00,1.41229,1.41232,1.41154,1.41158,1983
2026-07-28T01:00:00+00:00,1.41158,1.41178,1.41113,1.4117,3303
2026-07-28T01:30:00+00:00,1.4117,1.41209,1.4115900000000001,1.41196,2235
2026-07-28T02:00:00+00:00,1.41196,1.41204,1.4115900000000001,1.4119700000000002,2454
2026-07-28T02:30:00+00:00,1.4119700000000002,1.41199,1.41134,1.41152,2372
2026-07-28T03:00:00+00:00,1.41152,1.41179,1.41138,1.4113900000000001,2635
2026-07-28T03:30:00+00:00,1.4113900000000001,1.41155,1.41096,1.41143,2915
2026-07-28T04:00:00+00:00,1.41143,1.41177,1.41137,1.41157,3356
2026-07-28T04:30:00+00:00,1.41157,1.4118300000000001,1.41152,1.4116900000000001,2267
2026-07-28T05:00:00+00:00,1.4116900000000001,1.4125100000000002,1.4116900000000001,1.41215,2530
2026-07-28T05:30:00+00:00,1.41215,1.41215,1.41152,1.41165,2904
2026-07-28T06:00:00+00:00,1.41165,1.4120000000000001,1.41123,1.41126,4709
2026-07-28T06:30:00+00:00,1.41126,1.41208,1.4111500000000001,1.41205,4118
2026-07-28T07:00:00+00:00,1.41205,1.41228,1.41104,1.41117,4499
2026-07-28T07:30:00+00:00,1.41117,1.41175,1.41084,1.41167,3614
2026-07-28T08:00:00+00:00,1.41167,1.4117,1.4110200000000002,1.41123,3833
2026-07-28T08:30:00+00:00,1.41123,1.41137,1.41096,1.41096,2614
2026-07-28T09:00:00+00:00,1.41096,1.41099,1.4106100000000001,1.41077,2427
2026-07-28T09:30:00+00:00,1.41077,1.41154,1.41073,1.41143,2905
2026-07-28T10:00:00+00:00,1.41143,1.41162,1.41116,1.4112200000000001,3419
2026-07-28T10:30:00+00:00,1.4112200000000001,1.41134,1.41059,1.4107,2709
2026-07-28T11:00:00+00:00,1.4107,1.41124,1.41066,1.41072,3056
2026-07-28T11:30:00+00:00,1.41072,1.4108100000000001,1.41026,1.41059,3572
2026-07-28T12:00:00+00:00,1.41059,1.4113200000000001,1.41046,1.41127,3147
2026-07-28T12:30:00+00:00,1.41127,1.41157,1.41096,1.41118,3590
2026-07-28T13:00:00+00:00,1.41118,1.41118,1.40999,1.41052,4395
2026-07-28T13:30:00+00:00,1.41052,1.41083,1.4097300000000001,1.40975,7441
2026-07-28T14:00:00+00:00,1.40975,1.4106400000000001,1.4094600000000002,1.40998,5585
2026-07-28T14:30:00+00:00,1.40998,1.41043,1.40972,1.41032,5460
2026-07-28T15:00:00+00:00,1.41032,1.41045,1.4086,1.40886,6945
2026-07-28T15:30:00+00:00,1.40886,1.4092500000000001,1.4085,1.40907,4435
2026-07-28T16:00:00+00:00,1.40907,1.4091900000000002,1.40846,1.40865,3620
2026-07-28T16:30:00+00:00,1.40865,1.4090500000000001,1.40852,1.4086800000000002,2902
2026-07-28T17:00:00+00:00,1.4086800000000002,1.40999,1.40863,1.40998,3710
2026-07-28T17:30:00+00:00,1.40998,1.4104700000000001,1.40995,1.4103700000000001,2064
2026-07-28T18:00:00+00:00,1.4103700000000001,1.4105800000000002,1.4099300000000001,1.41018,2972
2026-07-28T18:30:00+00:00,1.41018,1.41042,1.40995,1.4103700000000001,2136
2026-07-28T19:00:00+00:00,1.4103700000000001,1.41069,1.41008,1.41057,2248
2026-07-28T19:30:00+00:00,1.41057,1.4109,1.4102400000000002,1.41087,2050
2026-07-28T20:00:00+00:00,1.41087,1.41099,1.4106100000000001,1.41069,1434
2026-07-28T20:30:00+00:00,1.41069,1.4109,1.41042,1.41049,1196
2026-07-28T21:00:00+00:00,1.41049,1.41049,1.40955,1.40973,392.279420335174
2026-07-28T21:30:00+00:00,1.40973,1.41014,1.40973,1.4101,1279
2026-07-28T22:00:00+00:00,1.4101,1.41044,1.4100499999999998,1.41017,580.0410334346504
2026-07-28T22:30:00+00:00,1.41017,1.4104899999999998,1.4100899999999998,1.41038,600.7593947949849
2026-07-28T23:00:00+00:00,1.41038,1.41052,1.41028,1.41038,1034
2026-07-28T23:30:00+00:00,1.41038,1.4106299999999998,1.41035,1.4104999999999999,1592
2026-07-29T00:00:00+00:00,1.4104999999999999,1.41082,1.41017,1.4102199999999998,3531
2026-07-29T00:30:00+00:00,1.4102199999999998,1.4102199999999998,1.4099199999999998,1.4099499999999998,3167
2026-07-29T01:00:00+00:00,1.4099499999999998,1.4099899999999999,1.4094799999999998,1.4098,3488
2026-07-29T01:30:00+00:00,1.4098,1.4103999999999999,1.40967,1.4096899999999999,5311
2026-07-29T02:00:00+00:00,1.4096899999999999,1.40993,1.4091099999999999,1.40943,3841
2026-07-29T02:30:00+00:00,1.40943,1.4098,1.40943,1.40956,2997
2026-07-29T03:00:00+00:00,1.40956,1.40957,1.40922,1.4093399999999998,3980
2026-07-29T03:30:00+00:00,1.4093399999999998,1.40939,1.4088999999999998,1.40913,3600
2026-07-29T04:00:00+00:00,1.40913,1.40926,1.40885,1.4091699999999998,3399
2026-07-29T04:30:00+00:00,1.4091699999999998,1.40923,1.40864,1.4088699999999998,3941
2026-07-29T05:00:00+00:00,1.4088699999999998,1.40905,1.4086599999999998,1.4090399999999998,2178
2026-07-29T05:30:00+00:00,1.4090399999999998,1.4092399999999998,1.4087699999999999,1.4089699999999998,3079
2026-07-29T06:00:00+00:00,1.4089699999999998,1.4089699999999998,1.4082899999999998,1.4089399999999999,4044
2026-07-29T06:30:00+00:00,1.4089399999999999,1.4099,1.4088999999999998,1.4095499999999999,4055
2026-07-29T07:00:00+00:00,1.4095499999999999,1.4097799999999998,1.4088299999999998,1.40889,5215
2026-07-29T07:30:00+00:00,1.40889,1.40939,1.40881,1.40937,4874
2026-07-29T08:00:00+00:00,1.40937,1.40949,1.4091099999999999,1.4093,4665
2026-07-29T08:30:00+00:00,1.4093,1.40974,1.4091799999999999,1.40966,3335
2026-07-29T09:00:00+00:00,1.40966,1.40987,1.40936,1.40954,4289
2026-07-29T09:30:00+00:00,1.40954,1.41005,1.4094,1.41005,3563
2026-07-29T10:00:00+00:00,1.41005,1.41048,1.4099700000000002,1.41009,3707
2026-07-29T10:30:00+00:00,1.41009,1.41028,1.40978,1.40982,3200
2026-07-29T11:00:00+00:00,1.40982,1.40982,1.4093,1.40935,3495
2026-07-29T11:30:00+00:00,1.40935,1.4099700000000002,1.4092900000000002,1.4097600000000001,4280
2026-07-29T12:00:00+00:00,1.4097600000000001,1.41043,1.40917,1.4093200000000001,5042
2026-07-29T12:30:00+00:00,1.4093200000000001,1.4098300000000001,1.4089200000000002,1.40911,4268
2026-07-29T13:00:00+00:00,1.40911,1.40992,1.4088800000000001,1.40901,4362
2026-07-29T13:30:00+00:00,1.40901,1.40933,1.40785,1.4079000000000002,6303
2026-07-29T14:00:00+00:00,1.4079000000000002,1.40853,1.40755,1.40771,6573
2026-07-29T14:30:00+00:00,1.40771,1.40937,1.40761,1.409,6150
2026-07-29T15:00:00+00:00,1.409,1.4090200000000002,1.40846,1.4089,6861
2026-07-29T15:30:00+00:00,1.4089,1.4091,1.4085100000000002,1.4086,4049
2026-07-29T16:00:00+00:00,1.4086,1.40931,1.40856,1.4091900000000002,4683
2026-07-29T16:30:00+00:00,1.4091900000000002,1.4098000000000002,1.4091200000000002,1.40934,2976
2026-07-29T17:00:00+00:00,1.40934,1.4096300000000002,1.4089800000000001,1.40911,3435
2026-07-29T17:30:00+00:00,1.40911,1.4095900000000001,1.40876,1.40901,4174
2026-07-29T18:00:00+00:00,1.40901,1.40901,1.40587,1.4064400000000001,10785
2026-07-29T18:30:00+00:00,1.4064400000000001,1.40754,1.40382,1.40387,11792
2026-07-29T19:00:00+00:00,1.40387,1.40445,1.40215,1.40357,14448
2026-07-29T19:30:00+00:00,1.40357,1.4056300000000002,1.40354,1.4055900000000001,10894
2026-07-29T20:00:00+00:00,1.4055900000000001,1.4056,1.40449,1.4048500000000002,3845
2026-07-29T20:30:00+00:00,1.4048500000000002,1.4049800000000001,1.40433,1.40446,3153
2026-07-29T21:00:00+00:00,1.40446,1.40446,1.40389,1.4040700000000004,322.5655878244165
2026-07-29T21:30:00+00:00,1.4040700000000004,1.4040700000000004,1.4034300000000004,1.4038400000000004,520.3032188370362
2026-07-29T22:00:00+00:00,1.4038400000000004,1.4043200000000002,1.4037300000000004,1.4038500000000005,646.0374992232591
2026-07-29T22:30:00+00:00,1.4038500000000005,1.4039600000000003,1.4036700000000004,1.4037400000000004,684
2026-07-29T23:00:00+00:00,1.4037400000000004,1.4039100000000004,1.4031200000000004,1.4038400000000004,1371
2026-07-29T23:30:00+00:00,1.4038400000000004,1.4038700000000004,1.4031000000000005,1.4033500000000003,2405
2026-07-30T00:00:00+00:00,1.4033500000000003,1.4040600000000003,1.4028200000000004,1.4040100000000004,6213
2026-07-30T00:30:00+00:00,1.4040100000000004,1.4044600000000005,1.4039300000000003,1.4040900000000003,3942
2026-07-30T01:00:00+00:00,1.4040900000000003,1.4044900000000005,1.4037100000000005,1.4043900000000005,3903
2026-07-30T01:30:00+00:00,1.4043900000000005,1.4048200000000004,1.4040800000000004,1.4046900000000004,3102
2026-07-30T02:00:00+00:00,1.4046900000000004,1.4048600000000004,1.4044700000000003,1.4047500000000004,4158
2026-07-30T02:30:00+00:00,1.4047500000000004,1.4048100000000003,1.4045300000000003,1.4047200000000004,3332
2026-07-30T03:00:00+00:00,1.4047200000000004,1.4051100000000003,1.4045900000000004,1.4048900000000004,3091
2026-07-30T03:30:00+00:00,1.4048900000000004,1.4050200000000004,1.4045200000000004,1.4049700000000005,2435
2026-07-30T04:00:00+00:00,1.4049700000000005,1.4050600000000004,1.4047800000000004,1.4049900000000004,2616
2026-07-30T04:30:00+00:00,1.4049900000000004,1.4053200000000003,1.4049900000000004,1.4052400000000005,2532
2026-07-30T05:00:00+00:00,1.4052400000000005,1.4052400000000005,1.4045700000000003,1.4046400000000003,3571
2026-07-30T05:30:00+00:00,1.4046400000000003,1.4050800000000003,1.4045800000000004,1.4050000000000005,3605
2026-07-30T06:00:00+00:00,1.4050000000000005,1.4055700000000004,1.4048300000000005,1.4055700000000004,4739
2026-07-30T06:30:00+00:00,1.4055700000000004,1.4056400000000004,1.4048300000000005,1.4051800000000003,4603
2026-07-30T07:00:00+00:00,1.4051800000000003,1.4063000000000003,1.4050200000000004,1.4061900000000005,5527
2026-07-30T07:30:00+00:00,1.4061900000000005,1.4065000000000003,1.4057900000000003,1.4063800000000004,4234
2026-07-30T08:00:00+00:00,1.4063800000000004,1.4064800000000004,1.4055000000000004,1.4055400000000002,4911
2026-07-30T08:30:00+00:00,1.4055400000000002,1.4060200000000003,1.4052000000000002,1.4055000000000002,4375
2026-07-30T09:00:00+00:00,1.4055000000000002,1.40555,1.4048900000000002,1.4049900000000002,4769
2026-07-30T09:30:00+00:00,1.4049900000000002,1.4050700000000003,1.4044500000000002,1.4044600000000003,4287
2026-07-30T10:00:00+00:00,1.4044600000000003,1.40484,1.4033900000000001,1.4041500000000002,6031
2026-07-30T10:30:00+00:00,1.4041500000000002,1.4042100000000002,1.4035700000000002,1.4041000000000001,4658
2026-07-30T11:00:00+00:00,1.4041000000000001,1.40474,1.4035600000000001,1.4044200000000002,4769
2026-07-30T11:30:00+00:00,1.4044200000000002,1.4048900000000002,1.4040000000000001,1.4040000000000001,4169
2026-07-30T12:00:00+00:00,1.4040000000000001,1.4042500000000002,1.4034200000000001,1.4037800000000002,4817
2026-07-30T12:30:00+00:00,1.4037800000000002,1.40528,1.4034900000000001,1.4052700000000002,9076
2026-07-30T13:00:00+00:00,1.4052700000000002,1.4055900000000001,1.4039800000000002,1.40433,8736
2026-07-30T13:30:00+00:00,1.40433,1.4045600000000003,1.4005800000000002,1.4007500000000002,12725
2026-07-30T14:00:00+00:00,1.4007500000000002,1.4019800000000002,1.40009,1.4018300000000001,18799
2026-07-30T14:30:00+00:00,1.4018300000000001,1.4023700000000001,1.4009600000000002,1.4015100000000003,8797
2026-07-30T15:00:00+00:00,1.4015100000000003,1.4019100000000002,1.40091,1.4009200000000002,9128
2026-07-30T15:30:00+00:00,1.4009200000000002,1.4009800000000001,1.39986,1.4001000000000001,6131
2026-07-30T16:00:00+00:00,1.4001000000000001,1.4002500000000002,1.3995900000000001,1.4001200000000003,6073
2026-07-30T16:30:00+00:00,1.4001200000000003,1.4001500000000002,1.3992300000000002,1.3992300000000002,3988
2026-07-30T17:00:00+00:00,1.3992300000000002,1.4002200000000002,1.39891,1.4002100000000002,3702
2026-07-30T17:30:00+00:00,1.4002100000000002,1.4004600000000003,1.3989800000000001,1.3992400000000003,7833
2026-07-30T18:00:00+00:00,1.3992400000000003,1.3997300000000001,1.3988000000000003,1.39955,4131
2026-07-30T18:30:00+00:00,1.39955,1.3998100000000002,1.3991500000000001,1.3992400000000003,3935
2026-07-30T19:00:00+00:00,1.3992400000000003,1.4003,1.3992400000000003,1.4001100000000002,4226
2026-07-30T19:30:00+00:00,1.4001100000000002,1.4003200000000002,1.39982,1.4000200000000003,3898
2026-07-30T20:00:00+00:00,1.4000200000000003,1.4004200000000002,1.3998000000000002,1.4004200000000002,1508
2026-07-30T20:30:00+00:00,1.4004200000000002,1.4008200000000002,1.4002700000000001,1.40081,1564
2026-07-30T21:00:00+00:00,1.40081,1.40087,1.4002100000000002,1.40081,129.30370869741003
2026-07-30T21:30:00+00:00,1.40081,1.4009900000000002,1.4007500000000002,1.4009600000000002,234
2026-07-30T22:00:00+00:00,1.4009600000000002,1.4010300000000002,1.4003700000000001,1.4005500000000002,1154
2026-07-30T22:30:00+00:00,1.4005500000000002,1.4005800000000002,1.4001000000000001,1.4003800000000002,705
2026-07-30T23:00:00+00:00,1.4003800000000002,1.4007900000000002,1.4002400000000002,1.4007600000000002,1601
2026-07-30T23:30:00+00:00,1.4007600000000002,1.4009900000000002,1.4006900000000002,1.4009800000000001,1961
2026-07-31T00:00:00+00:00,1.4009800000000001,1.4013000000000002,1.4005300000000003,1.4007800000000001,4194
2026-07-31T00:30:00+00:00,1.4007800000000001,1.4013000000000002,1.4006500000000002,1.4012900000000001,4154
2026-07-31T01:00:00+00:00,1.4012900000000001,1.4013500000000003,1.4008900000000002,1.4011800000000003,4848
2026-07-31T01:30:00+00:00,1.4011800000000003,1.4016400000000002,1.4008200000000002,1.4015800000000003,5155
2026-07-31T02:00:00+00:00,1.4015800000000003,1.4016800000000003,1.4007600000000002,1.4015400000000002,3214
2026-07-31T02:30:00+00:00,1.4015400000000002,1.4016200000000003,1.4012900000000001,1.4014900000000001,3205
2026-07-31T03:00:00+00:00,1.4014900000000001,1.4021600000000003,1.4014900000000001,1.4020400000000002,3469
2026-07-31T03:30:00+00:00,1.4020400000000002,1.4021200000000003,1.4016400000000002,1.4017200000000003,2924
2026-07-31T04:00:00+00:00,1.4017200000000003,1.4017300000000001,1.4014300000000002,1.4017100000000002,4227
2026-07-31T04:30:00+00:00,1.4017100000000002,1.4018600000000003,1.4016200000000003,1.4017600000000001,3665
2026-07-31T05:00:00+00:00,1.4017600000000001,1.4018500000000003,1.4014900000000001,1.4018400000000002,4270
2026-07-31T05:30:00+00:00,1.4018400000000002,1.4021100000000002,1.4014800000000003,1.4018400000000002,3035
2026-07-31T06:00:00+00:00,1.4018400000000002,1.4018700000000002,1.4009400000000003,1.4010700000000003,5365
2026-07-31T06:30:00+00:00,1.4010700000000003,1.4015300000000002,1.4009100000000003,1.4012700000000002,8584
2026-07-31T07:00:00+00:00,1.4012700000000002,1.4016700000000002,1.4010600000000002,1.4014400000000002,5359
2026-07-31T07:30:00+00:00,1.4014400000000002,1.40203,1.4010100000000003,1.4019100000000002,3878
2026-07-31T08:00:00+00:00,1.4019100000000002,1.4020000000000001,1.4015000000000002,1.4018300000000001,5753
2026-07-31T08:30:00+00:00,1.4018300000000001,1.4020200000000003,1.4005600000000002,1.4007600000000002,5836
2026-07-31T09:00:00+00:00,1.4007600000000002,1.4014600000000002,1.4001700000000001,1.4014300000000002,7286
2026-07-31T09:30:00+00:00,1.4014300000000002,1.4015200000000003,1.4009900000000002,1.4012100000000003,4058
2026-07-31T10:00:00+00:00,1.4012100000000003,1.4018900000000003,1.4012000000000002,1.4017400000000002,3505
2026-07-31T10:30:00+00:00,1.4017400000000002,1.4021400000000002,1.4015600000000001,1.4020000000000001,2453
2026-07-31T11:00:00+00:00,1.4020000000000001,1.4025400000000001,1.4018400000000002,1.4023400000000001,3771
2026-07-31T11:30:00+00:00,1.4023400000000001,1.4034500000000003,1.4022700000000001,1.4034200000000001,3929
2026-07-31T12:00:00+00:00,1.4034200000000001,1.4044300000000003,1.4032900000000001,1.4043900000000002,4598
2026-07-31T12:30:00+00:00,1.4043900000000002,1.4048000000000003,1.4034400000000002,1.4034700000000002,4632
2026-07-31T13:00:00+00:00,1.4034700000000002,1.4037800000000002,1.4015600000000001,1.4017600000000001,8113
2026-07-31T13:30:00+00:00,1.4017600000000001,1.4038300000000001,1.4013900000000001,1.4038000000000002,10460
2026-07-31T14:00:00+00:00,1.4038000000000002,1.4056900000000003,1.4036600000000001,1.4049600000000002,10691
2026-07-31T14:30:00+00:00,1.4049600000000002,1.4049800000000001,1.4023700000000001,1.4028500000000002,11529
2026-07-31T15:00:00+00:00,1.4028500000000002,1.4033300000000002,1.4018500000000003,1.40264,10030
2026-07-31T15:30:00+00:00,1.40264,1.4031100000000003,1.4021000000000001,1.4028100000000001,7296
2026-07-31T16:00:00+00:00,1.4028100000000001,1.4030100000000003,1.4021100000000002,1.4025800000000002,6529
2026-07-31T16:30:00+00:00,1.4025800000000002,1.4030100000000003,1.4024300000000003,1.4028100000000001,4996
2026-07-31T17:00:00+00:00,1.4028100000000001,1.4029200000000002,1.4016100000000002,1.4016300000000002,4518
2026-07-31T17:30:00+00:00,1.4016300000000002,1.4018900000000003,1.4009700000000003,1.4017200000000003,8894
2026-07-31T18:00:00+00:00,1.4017200000000003,1.4022300000000003,1.4016000000000002,1.4020500000000002,5436
2026-07-31T18:30:00+00:00,1.4020500000000002,1.4022000000000001,1.4016000000000002,1.4017100000000002,3541
2026-07-31T19:00:00+00:00,1.4017100000000002,1.4017100000000002,1.4011600000000002,1.4012000000000002,2720
2026-07-31T19:30:00+00:00,1.4012000000000002,1.4016600000000001,1.4007900000000002,1.4015700000000002,4061
2026-07-31T20:00:00+00:00,1.4015700000000002,1.4018400000000002,1.4010600000000002,1.4015100000000003,2897
2026-07-31T20:30:00+00:00,1.4015100000000003,1.4018600000000003,1.3999100000000002,1.4008800000000001,5999.5352467927805
2026-08-02T21:00:00+00:00,1.4008800000000001,1.4012200000000001,1.4008800000000001,1.4010000000000002,379.9324346019421
2026-08-02T21:30:00+00:00,1.4010000000000002,1.4013700000000002,1.4006500000000002,1.4010000000000005,3171.168286971326
2026-08-02T22:00:00+00:00,1.4010000000000005,1.4018600000000003,1.4008900000000004,1.4016200000000003,1725
2026-08-02T22:30:00+00:00,1.4016200000000003,1.4017300000000004,1.4011700000000005,1.4014500000000003,1026
2026-08-02T23:00:00+00:00,1.4014500000000003,1.4018900000000003,1.4013200000000003,1.4017300000000004,2129
2026-08-02T23:30:00+00:00,1.4017300000000004,1.4019000000000004,1.4016400000000004,1.4017300000000004,1717
2026-08-03T00:00:00+00:00,1.4017300000000004,1.4021100000000004,1.4013100000000005,1.4014800000000005,6043
2026-08-03T00:30:00+00:00,1.4014800000000005,1.4025500000000004,1.4008700000000005,1.4025400000000003,10494
2026-08-03T01:00:00+00:00,1.4025400000000003,1.4032200000000004,1.4023400000000004,1.4032100000000003,6725
2026-08-03T01:30:00+00:00,1.4032100000000003,1.4036300000000004,1.4030300000000004,1.4035300000000004,3434
2026-08-03T02:00:00+00:00,1.4035300000000004,1.4038900000000003,1.4033900000000004,1.4036600000000004,3213
2026-08-03T02:30:00+00:00,1.4036600000000004,1.4037300000000004,1.4033200000000003,1.4036200000000003,2981
2026-08-03T03:00:00+00:00,1.4036200000000003,1.4038300000000004,1.4035900000000003,1.4036700000000004,2834
2026-08-03T03:30:00+00:00,1.4036700000000004,1.4039200000000005,1.4036500000000005,1.4037900000000003,3038
2026-08-03T04:00:00+00:00,1.4037900000000003,1.4038800000000005,1.4036000000000004,1.4037200000000003,3016
2026-08-03T04:30:00+00:00,1.4037200000000003,1.4037900000000003,1.4035900000000003,1.4037200000000003,2709
2026-08-03T05:00:00+00:00,1.4037200000000003,1.4039400000000004,1.4035300000000004,1.4037000000000004,2810
2026-08-03T05:30:00+00:00,1.4037000000000004,1.4037400000000004,1.4031900000000004,1.4032600000000004,2677
2026-08-03T06:00:00+00:00,1.4032600000000004,1.4037300000000004,1.4031300000000004,1.4035000000000004,4142
2026-08-03T06:30:00+00:00,1.4035000000000004,1.4044300000000003,1.4034500000000003,1.4042200000000005,4788
2026-08-03T07:00:00+00:00,1.4042200000000005,1.4047600000000005,1.4038700000000004,1.4043600000000005,4912
2026-08-03T07:30:00+00:00,1.4043600000000005,1.4048700000000005,1.4039600000000003,1.4046100000000004,3738
2026-08-03T08:00:00+00:00,1.4046100000000004,1.4047600000000005,1.4041100000000004,1.4046300000000005,5053
2026-08-03T08:30:00+00:00,1.4046300000000005,1.4047600000000005,1.4041900000000005,1.4045500000000004,4516
2026-08-03T09:00:00+00:00,1.4045500000000004,1.4047300000000005,1.4043200000000005,1.4044800000000004,3447
2026-08-03T09:30:00+00:00,1.4044800000000004,1.4046600000000005,1.4040400000000004,1.4046200000000004,3894
2026-08-03T10:00:00+00:00,1.4046200000000004,1.4047200000000004,1.4043100000000004,1.4044400000000004,3333
2026-08-03T10:30:00+00:00,1.4044400000000004,1.4049400000000003,1.4044100000000004,1.4048000000000005,2820
2026-08-03T11:00:00+00:00,1.4048000000000005,1.4048700000000005,1.4043200000000005,1.4046800000000004,3182
2026-08-03T11:30:00+00:00,1.4046800000000004,1.4047400000000003,1.4032700000000005,1.4033100000000005,4709
2026-08-03T12:00:00+00:00,1.4033100000000005,1.4038700000000004,1.4031100000000003,1.4037900000000003,6510
2026-08-03T12:30:00+00:00,1.4037900000000003,1.4045500000000004,1.4035000000000004,1.4043000000000003,4990
2026-08-03T13:00:00+00:00,1.4043000000000003,1.4047900000000004,1.4037800000000005,1.4040700000000004,5817
2026-08-03T13:30:00+00:00,1.4040700000000004,1.4053500000000003,1.4039900000000003,1.4045900000000004,6481
2026-08-03T14:00:00+00:00,1.4045900000000004,1.4049300000000005,1.4039800000000004,1.4042600000000005,7427
2026-08-03T14:30:00+00:00,1.4042600000000005,1.4044500000000004,1.4038100000000004,1.4040000000000004,6530
2026-08-03T15:00:00+00:00,1.4040000000000004,1.4049700000000005,1.4039500000000005,1.4048800000000004,6478
2026-08-03T15:30:00+00:00,1.4048800000000004,1.4051800000000003,1.4042600000000005,1.4044500000000004,5034
2026-08-03T16:00:00+00:00,1.4044500000000004,1.4047800000000004,1.4041500000000005,1.4047800000000004,3959
2026-08-03T16:30:00+00:00,1.4047800000000004,1.4049400000000003,1.4044600000000005,1.4047200000000004,2896
2026-08-03T17:00:00+00:00,1.4047200000000004,1.4053600000000004,1.4046800000000004,1.4052800000000003,3089
2026-08-03T17:30:00+00:00,1.4052800000000003,1.4055500000000003,1.4050200000000004,1.4055200000000003,2842
2026-08-03T18:00:00+00:00,1.4055200000000003,1.4057600000000003,1.4048900000000004,1.4049800000000003,3702
2026-08-03T18:30:00+00:00,1.4049800000000003,1.4050900000000004,1.4046800000000004,1.4048800000000004,4071
2026-08-03T19:00:00+00:00,1.4048800000000004,1.4049200000000004,1.4046000000000003,1.4047500000000004,2774
2026-08-03T19:30:00+00:00,1.4047500000000004,1.4050000000000005,1.4046400000000003,1.4048900000000004,1986
2026-08-03T20:00:00+00:00,1.4048900000000004,1.4052100000000003,1.4048000000000005,1.4051400000000005,1321
2026-08-03T20:30:00+00:00,1.4051400000000005,1.4051600000000004,1.4049100000000003,1.4049300000000005,904
2026-08-03T21:00:00+00:00,1.4049300000000005,1.4049300000000005,1.4043500000000004,1.4045500000000004,233.06220561531728
2026-08-03T21:30:00+00:00,1.4045500000000004,1.4047400000000003,1.4044300000000003,1.4046500000000004,811
2026-08-03T22:00:00+00:00,1.4046500000000004,1.4052000000000004,1.4046500000000004,1.4050500000000004,793
2026-08-03T22:30:00+00:00,1.4050500000000004,1.4050700000000005,1.4048500000000004,1.4049400000000003,444
2026-08-03T23:00:00+00:00,1.4049400000000003,1.4049800000000003,1.4047200000000004,1.4048600000000004,625
2026-08-03T23:30:00+00:00,1.4048600000000004,1.4052100000000003,1.4048600000000004,1.4050700000000005,1463
2026-08-04T00:00:00+00:00,1.4050700000000005,1.4050700000000005,1.4044900000000005,1.4045700000000003,7058
2026-08-04T00:30:00+00:00,1.4045700000000003,1.4048200000000004,1.4042500000000004,1.4047500000000004,5931
2026-08-04T01:00:00+00:00,1.4047500000000004,1.4052100000000003,1.4047500000000004,1.4049700000000005,7228
2026-08-04T01:30:00+00:00,1.4049700000000005,1.4049700000000005,1.4046200000000004,1.4048800000000004,6323
2026-08-04T02:00:00+00:00,1.4048800000000004,1.4052100000000003,1.4046800000000004,1.4050900000000004,5883
2026-08-04T02:30:00+00:00,1.4050900000000004,1.4051500000000003,1.4047900000000004,1.4051200000000004,4652
2026-08-04T03:00:00+00:00,1.4051200000000004,1.4051300000000004,1.4045400000000003,1.4045900000000004,6266
2026-08-04T03:30:00+00:00,1.4045900000000004,1.4049000000000005,1.4043700000000003,1.4047600000000005,4839
2026-08-04T04:00:00+00:00,1.4047600000000005,1.4049900000000004,1.4046800000000004,1.4049800000000003,7710
2026-08-04T04:30:00+00:00,1.4049800000000003,1.4049900000000004,1.4047400000000003,1.4048400000000003,5297
2026-08-04T05:00:00+00:00,1.4048400000000003,1.4051900000000004,1.4047900000000004,1.4050700000000005,5376
2026-08-04T05:30:00+00:00,1.4050700000000005,1.4057100000000005,1.4049500000000004,1.4054900000000004,3434
2026-08-04T06:00:00+00:00,1.4054900000000004,1.4069200000000004,1.4054500000000003,1.4064600000000005,6359
2026-08-04T06:30:00+00:00,1.4064600000000005,1.4067000000000005,1.4060400000000004,1.4065900000000005,5654
2026-08-04T07:00:00+00:00,1.4065900000000005,1.4068400000000003,1.4054400000000005,1.4057100000000005,5692
2026-08-04T07:30:00+00:00,1.4057100000000005,1.4059000000000004,1.4053100000000005,1.4054700000000004,4910
2026-08-04T08:00:00+00:00,1.4054700000000004,1.4055000000000004,1.4046600000000005,1.4047300000000005,4968
2026-08-04T08:30:00+00:00,1.4047300000000005,1.4048600000000004,1.4042900000000005,1.4043000000000003,4717
2026-08-04T09:00:00+00:00,1.4043000000000003,1.4044900000000005,1.4038900000000003,1.4039300000000003,5120
2026-08-04T09:30:00+00:00,1.4039300000000003,1.4044300000000003,1.4039300000000003,1.4041500000000005,4414
2026-08-04T10:00:00+00:00,1.4041500000000005,1.4044000000000003,1.4040300000000003,1.4041600000000003,3826
2026-08-04T10:30:00+00:00,1.4041600000000003,1.4046000000000003,1.4039500000000005,1.4045800000000004,4603
2026-08-04T11:00:00+00:00,1.4045800000000004,1.4052600000000004,1.4045700000000003,1.4050900000000004,4564
2026-08-04T11:30:00+00:00,1.4050900000000004,1.4062700000000004,1.4046700000000003,1.4061300000000003,8825
2026-08-04T12:00:00+00:00,1.4061300000000003,1.4068500000000004,1.4059600000000003,1.4064400000000004,5316
2026-08-04T12:30:00+00:00,1.4064400000000004,1.4067400000000003,1.4056800000000005,1.4067200000000004,4885
2026-08-04T13:00:00+00:00,1.4067200000000004,1.4076200000000003,1.4066800000000004,1.4074600000000004,7004
2026-08-04T13:30:00+00:00,1.4074600000000004,1.4077400000000004,1.4065500000000004,1.4068200000000004,8531
2026-08-04T14:00:00+00:00,1.4068200000000004,1.4069300000000005,1.4058300000000004,1.4061700000000004,5959
2026-08-04T14:30:00+00:00,1.4061700000000004,1.4069700000000005,1.4055800000000005,1.4061500000000005,7237
2026-08-04T15:00:00+00:00,1.4061500000000005,1.4077000000000004,1.4060300000000003,1.4069300000000005,6111
2026-08-04T15:30:00+00:00,1.4069300000000005,1.4080500000000005,1.4069000000000005,1.4076300000000004,6104
2026-08-04T16:00:00+00:00,1.4076300000000004,1.4081600000000003,1.4073100000000005,1.4081500000000005,4315
2026-08-04T16:30:00+00:00,1.4081500000000005,1.4084100000000004,1.4078800000000005,1.4080300000000003,3212
2026-08-04T17:00:00+00:00,1.4080300000000003,1.4080700000000004,1.4075300000000004,1.4079100000000004,3831
2026-08-04T17:30:00+00:00,1.4079100000000004,1.4079600000000003,1.4074400000000005,1.4076900000000003,2388
2026-08-04T18:00:00+00:00,1.4076900000000003,1.4081300000000003,1.4075400000000005,1.4080700000000004,3963
2026-08-04T18:30:00+00:00,1.4080700000000004,1.4082600000000003,1.4068400000000003,1.4069700000000005,5402
2026-08-04T19:00:00+00:00,1.4069700000000005,1.4071500000000003,1.4066300000000005,1.4068200000000004,2914
2026-08-04T19:30:00+00:00,1.4068200000000004,1.4071200000000004,1.4066900000000004,1.4071100000000003,4454
2026-08-04T20:00:00+00:00,1.4071100000000003,1.4072200000000004,1.4065700000000003,1.4067200000000004,1795
2026-08-04T20:30:00+00:00,1.4067200000000004,1.4070900000000004,1.4064200000000004,1.4066000000000003,1508
2026-08-04T21:00:00+00:00,1.4066000000000003,1.4066700000000005,1.4060100000000004,1.4066700000000005,292.1633573872039
2026-08-04T21:30:00+00:00,1.4066700000000005,1.4069500000000006,1.4060800000000004,1.4067600000000005,571
2026-08-04T22:00:00+00:00,1.4067600000000005,1.4068400000000005,1.4065300000000005,1.4067800000000006,583
2026-08-04T22:30:00+00:00,1.4067800000000006,1.4068600000000004,1.4066300000000005,1.4066400000000006,571
2026-08-04T23:00:00+00:00,1.4066400000000006,1.4072000000000005,1.4066100000000006,1.4071700000000005,1169
2026-08-04T23:30:00+00:00,1.4071700000000005,1.4071700000000005,1.4068300000000005,1.4068800000000006,1307
2026-08-05T00:00:00+00:00,1.4068800000000006,1.4071700000000005,1.4066600000000005,1.4067500000000006,3103
2026-08-05T00:30:00+00:00,1.4067500000000006,1.4071800000000005,1.4066800000000006,1.4070700000000005,2837
2026-08-05T01:00:00+00:00,1.4070700000000005,1.4073600000000006,1.4069000000000005,1.4072000000000005,3727
2026-08-05T01:30:00+00:00,1.4072000000000005,1.4076300000000006,1.4071500000000006,1.4076300000000006,3527
2026-08-05T02:00:00+00:00,1.4076300000000006,1.4077300000000006,1.4074000000000007,1.4076600000000006,4076
2026-08-05T02:30:00+00:00,1.4076600000000006,1.4078900000000005,1.4072700000000005,1.4075700000000004,4060
2026-08-05T03:00:00+00:00,1.4075700000000004,1.4075800000000005,1.4067300000000005,1.4071400000000005,3630
2026-08-05T03:30:00+00:00,1.4071400000000005,1.4074200000000006,1.4070600000000006,1.4074000000000007,2867
2026-08-05T04:00:00+00:00,1.4074000000000007,1.4074100000000005,1.4069800000000006,1.4071400000000005,2435
2026-08-05T04:30:00+00:00,1.4071400000000005,1.4076300000000006,1.4071000000000005,1.4076100000000005,2363
2026-08-05T05:00:00+00:00,1.4076100000000005,1.4078600000000006,1.4074100000000005,1.4075800000000005,2382
2026-08-05T05:30:00+00:00,1.4075800000000005,1.4079000000000006,1.4074600000000006,1.4075700000000004,2733
2026-08-05T06:00:00+00:00,1.4075700000000004,1.4083200000000005,1.4075100000000005,1.4080900000000005,3992
2026-08-05T06:30:00+00:00,1.4080900000000005,1.4082500000000004,1.4074200000000006,1.4076600000000006,4761
2026-08-05T07:00:00+00:00,1.4076600000000006,1.4077000000000006,1.4071600000000006,1.4076400000000004,4814
2026-08-05T07:30:00+00:00,1.4076400000000004,1.4077900000000005,1.4069800000000006,1.4070200000000006,4564
2026-08-05T08:00:00+00:00,1.4070200000000006,1.4073900000000006,1.4068500000000006,1.4070500000000006,3773
2026-08-05T08:30:00+00:00,1.4070500000000006,1.4078900000000005,1.4069800000000006,1.4072300000000006,7010
2026-08-05T09:00:00+00:00,1.4072300000000006,1.4073200000000006,1.4067100000000006,1.4068700000000005,6016
2026-08-05T09:30:00+00:00,1.4068700000000005,1.4070700000000005,1.4066100000000006,1.4067300000000005,2638
2026-08-05T10:00:00+00:00,1.4067300000000005,1.4069700000000005,1.4065500000000006,1.4069300000000005,4389
2026-08-05T10:30:00+00:00,1.4069300000000005,1.4072200000000006,1.4067600000000005,1.4068700000000005,5112
2026-08-05T11:00:00+00:00,1.4068700000000005,1.4068700000000005,1.4057600000000006,1.4059900000000005,5973
2026-08-05T11:30:00+00:00,1.4059900000000005,1.4059900000000005,1.4054700000000004,1.4055400000000005,6155
2026-08-05T12:00:00+00:00,1.4055400000000005,1.4055400000000005,1.4045300000000005,1.4049500000000006,5237
2026-08-05T12:30:00+00:00,1.4049500000000006,1.4055700000000007,1.4043900000000005,1.4054500000000005,5507
2026-08-05T13:00:00+00:00,1.4054500000000005,1.4059200000000005,1.4050200000000006,1.4050300000000004,5069
2026-08-05T13:30:00+00:00,1.4050300000000004,1.4054200000000006,1.4045200000000004,1.4047600000000005,7766
2026-08-05T14:00:00+00:00,1.4047600000000005,1.4048700000000005,1.4029500000000006,1.4033100000000005,7318
2026-08-05T14:30:00+00:00,1.4033100000000005,1.4038600000000006,1.4020900000000005,1.4022300000000005,8188
2026-08-05T15:00:00+00:00,1.4022300000000005,1.4024300000000005,1.4017600000000006,1.4021300000000005,8957
2026-08-05T15:30:00+00:00,1.4021300000000005,1.4025400000000006,1.4020100000000006,1.4022800000000006,6328
2026-08-05T16:00:00+00:00,1.4022800000000006,1.4023000000000005,1.4017800000000005,1.4022300000000005,3758
2026-08-05T16:30:00+00:00,1.4022300000000005,1.4031000000000005,1.4022300000000005,1.4029500000000006,2953
2026-08-05T17:00:00+00:00,1.4029500000000006,1.4031700000000005,1.4025700000000005,1.4026400000000006,2453
2026-08-05T17:30:00+00:00,1.4026400000000006,1.4027500000000006,1.4012800000000005,1.4014000000000006,3209
2026-08-05T18:00:00+00:00,1.4014000000000006,1.4014800000000005,1.4008000000000005,1.4008100000000006,2612
2026-08-05T18:30:00+00:00,1.4008100000000006,1.4014400000000005,1.4008100000000006,1.4011100000000005,2556
2026-08-05T19:00:00+00:00,1.4011100000000005,1.4015600000000006,1.4010200000000006,1.4014900000000006,2299
2026-08-05T19:30:00+00:00,1.4014900000000006,1.4018000000000006,1.4013900000000006,1.4015400000000005,2877
2026-08-05T20:00:00+00:00,1.4015400000000005,1.4016900000000005,1.4011800000000005,1.4012700000000005,1375
2026-08-05T20:30:00+00:00,1.4012700000000005,1.4015800000000005,1.4010900000000006,1.4010900000000006,1218
2026-08-05T21:00:00+00:00,1.4010900000000006,1.4013100000000005,1.4009100000000005,1.4010700000000003,338.67150265799285
2026-08-05T21:30:00+00:00,1.4010700000000003,1.40135,1.4009600000000002,1.4010700000000003,1027
2026-08-05T22:00:00+00:00,1.4010700000000003,1.4015600000000001,1.4010700000000003,1.4012400000000003,1050
2026-08-05T22:30:00+00:00,1.4012400000000003,1.4014000000000002,1.4012400000000003,1.4013300000000002,520
2026-08-05T23:00:00+00:00,1.4013300000000002,1.4015600000000001,1.4013100000000003,1.4014000000000002,772
2026-08-05T23:30:00+00:00,1.4014000000000002,1.4014900000000001,1.4011600000000002,1.4013200000000001,762
2026-08-06T00:00:00+00:00,1.4013200000000001,1.4013600000000002,1.4010500000000001,1.4012700000000002,2625
2026-08-06T00:30:00+00:00,1.4012700000000002,1.4012700000000002,1.4008900000000002,1.40108,2569
2026-08-06T01:00:00+00:00,1.40108,1.4012000000000002,1.4005500000000002,1.4007900000000002,3275
2026-08-06T01:30:00+00:00,1.4007900000000002,1.4009700000000003,1.4005300000000003,1.4009000000000003,3058
2026-08-06T02:00:00+00:00,1.4009000000000003,1.4012000000000002,1.4006900000000002,1.40108,2691
2026-08-06T02:30:00+00:00,1.40108,1.40118,1.4009600000000002,1.4011600000000002,2270
2026-08-06T03:00:00+00:00,1.4011600000000002,1.4015100000000003,1.4011000000000002,1.4014000000000002,2559
2026-08-06T03:30:00+00:00,1.4014000000000002,1.4017800000000002,1.4013300000000002,1.4016400000000002,1976
2026-08-06T04:00:00+00:00,1.4016400000000002,1.4018200000000003,1.4015500000000003,1.4017600000000001,1724
2026-08-06T04:30:00+00:00,1.4017600000000001,1.4018400000000002,1.4016700000000002,1.40169,1933
2026-08-06T05:00:00+00:00,1.40169,1.4020800000000002,1.40169,1.40196,2070
2026-08-06T05:30:00+00:00,1.40196,1.4020100000000002,1.4014100000000003,1.4015500000000003,2567
2026-08-06T06:00:00+00:00,1.4015500000000003,1.4019400000000002,1.4012200000000001,1.40186,4070
2026-08-06T06:30:00+00:00,1.40186,1.4019500000000003,1.4015400000000002,1.4016400000000002,3722
2026-08-06T07:00:00+00:00,1.4016400000000002,1.4018200000000003,1.40142,1.4016800000000003,2632
2026-08-06T07:30:00+00:00,1.4016800000000003,1.4019000000000001,1.4015900000000001,1.40162,2606
2026-08-06T08:00:00+00:00,1.40162,1.4018300000000001,1.4009600000000002,1.4014800000000003,3157
2026-08-06T08:30:00+00:00,1.4014800000000003,1.4017400000000002,1.4013100000000003,1.4013200000000001,2691
2026-08-06T09:00:00+00:00,1.4013200000000001,1.4013900000000001,1.40101,1.40128,1952
2026-08-06T09:30:00+00:00,1.40128,1.4015000000000002,1.4010500000000001,1.40145,1843
2026-08-06T10:00:00+00:00,1.40145,1.4014700000000002,1.4006100000000001,1.4006100000000001,1762
2026-08-06T10:30:00+00:00,1.4006100000000001,1.4007100000000001,1.4001500000000002,1.4002400000000002,2178
2026-08-06T11:00:00+00:00,1.4002400000000002,1.4002900000000003,1.3997300000000001,1.3999800000000002,3349
2026-08-06T11:30:00+00:00,1.3999800000000002,1.4005,1.3994800000000003,1.3994800000000003,3186
2026-08-06T12:00:00+00:00,1.3994800000000003,1.4004900000000002,1.39935,1.4003200000000002,3957
2026-08-06T12:30:00+00:00,1.4003200000000002,1.4010200000000002,1.4001500000000002,1.4009800000000001,3884
2026-08-06T13:00:00+00:00,1.4009800000000001,1.4023600000000003,1.40084,1.40196,5280
2026-08-06T13:30:00+00:00,1.40196,1.4023900000000002,1.4015700000000002,1.4018300000000001,5841
2026-08-06T14:00:00+00:00,1.4018300000000001,1.4027500000000002,1.40162,1.4022000000000001,5185
2026-08-06T14:30:00+00:00,1.4022000000000001,1.4026100000000001,1.4015700000000002,1.4023900000000002,5174
2026-08-06T15:00:00+00:00,1.4023900000000002,1.40379,1.4023800000000002,1.4035800000000003,5874
2026-08-06T15:30:00+00:00,1.4035800000000003,1.4040700000000002,1.4032700000000002,1.4033900000000001,4745
2026-08-06T16:00:00+00:00,1.4033900000000001,1.40352,1.4027500000000002,1.4032100000000003,3795
2026-08-06T16:30:00+00:00,1.4032100000000003,1.40325,1.4024200000000002,1.4025100000000001,2411
2026-08-06T17:00:00+00:00,1.4025100000000001,1.4026500000000002,1.4022000000000001,1.4022100000000002,2496
2026-08-06T17:30:00+00:00,1.4022100000000002,1.4023900000000002,1.4017100000000002,1.4019300000000001,1993
2026-08-06T18:00:00+00:00,1.4019300000000001,1.4019300000000001,1.4014600000000002,1.4017700000000002,2141
2026-08-06T18:30:00+00:00,1.4017700000000002,1.4019100000000002,1.4016400000000002,1.4016400000000002,1691
2026-08-06T19:00:00+00:00,1.4016400000000002,1.40213,1.4015400000000002,1.40196,2422
2026-08-06T19:30:00+00:00,1.40196,1.4023,1.4016700000000002,1.4017800000000002,2733
2026-08-06T20:00:00+00:00,1.4017800000000002,1.4021400000000002,1.4016300000000002,1.4020400000000002,1244
2026-08-06T20:30:00+00:00,1.4020400000000002,1.4020400000000002,1.4015400000000002,1.4016000000000002,1410
2026-08-06T21:00:00+00:00,1.4016000000000002,1.4016000000000002,1.40107,1.40117,175.96222453354267
2026-08-06T21:30:00+00:00,1.40117,1.4015200000000003,1.40114,1.4013300000000002,434.5586115191509
2026-08-06T22:00:00+00:00,1.4013300000000002,1.4019000000000001,1.4013300000000002,1.4018100000000002,489
2026-08-06T22:30:00+00:00,1.4018100000000002,1.40186,1.4016100000000002,1.4017300000000001,348
2026-08-06T23:00:00+00:00,1.4017300000000001,1.4017800000000002,1.4015300000000002,1.4016300000000002,547
2026-08-06T23:30:00+00:00,1.4016300000000002,1.4017300000000001,1.4014900000000001,1.4016300000000002,846
2026-08-07T00:00:00+00:00,1.4016300000000002,1.4018200000000003,1.4015100000000003,1.4017600000000001,2491
2026-08-07T00:30:00+00:00,1.4017600000000001,1.4022500000000002,1.4016300000000002,1.4021000000000001,2531
2026-08-07T01:00:00+00:00,1.4021000000000001,1.4021400000000002,1.4017100000000002,1.4017900000000003,2615
2026-08-07T01:30:00+00:00,1.4017900000000003,1.4019500000000003,1.4015500000000003,1.4018200000000003,3501
2026-08-07T02:00:00+00:00,1.4018200000000003,1.4020600000000003,1.4017100000000002,1.4019400000000002,2588
2026-08-07T02:30:00+00:00,1.4019400000000002,1.4023100000000002,1.4019300000000001,1.4022700000000001,2579
2026-08-07T03:00:00+00:00,1.4022700000000001,1.4023600000000003,1.4021800000000002,1.4022600000000003,2453
2026-08-07T03:30:00+00:00,1.4022600000000003,1.4023300000000003,1.4020500000000002,1.4021000000000001,3092
2026-08-07T04:00:00+00:00,1.4021000000000001,1.4021800000000002,1.4020100000000002,1.4021100000000002,2217
2026-08-07T04:30:00+00:00,1.4021100000000002,1.4022700000000001,1.4019400000000002,1.4021800000000002,1664
2026-08-07T05:00:00+00:00,1.4021800000000002,1.4026100000000001,1.4021100000000002,1.4026000000000003,1472
2026-08-07T05:30:00+00:00,1.4026000000000003,1.4027400000000003,1.4022100000000002,1.4027000000000003,1614
2026-08-07T06:00:00+00:00,1.4027000000000003,1.4030700000000003,1.4026000000000003,1.4027600000000002,2164
2026-08-07T06:30:00+00:00,1.4027600000000002,1.4028400000000003,1.4023900000000002,1.4026100000000001,3276
2026-08-07T07:00:00+00:00,1.4026100000000001,1.4026800000000001,1.4022900000000003,1.4025300000000003,3625
2026-08-07T07:30:00+00:00,1.4025300000000003,1.4028700000000003,1.4025000000000003,1.40264,3099
2026-08-07T08:00:00+00:00,1.40264,1.4031700000000003,1.4026300000000003,1.4031700000000003,1853
2026-08-07T08:30:00+00:00,1.4031700000000003,1.4031800000000003,1.4023600000000003,1.4025500000000002,2136
2026-08-07T09:00:00+00:00,1.4025500000000002,1.4026100000000001,1.4016400000000002,1.4017400000000002,3790
2026-08-07T09:30:00+00:00,1.4017400000000002,1.4019700000000002,1.4017300000000001,1.4018400000000002,2077
2026-08-07T10:00:00+00:00,1.4018400000000002,1.4024200000000002,1.4018400000000002,1.4022900000000003,2382
2026-08-07T10:30:00+00:00,1.4022900000000003,1.4025400000000001,1.4022000000000001,1.4024200000000002,2688
2026-08-07T11:00:00+00:00,1.4024200000000002,1.4024200000000002,1.4019200000000003,1.4020400000000002,3365
2026-08-07T11:30:00+00:00,1.4020400000000002,1.4021000000000001,1.4013400000000003,1.40142,3112
2026-08-07T12:00:00+00:00,1.40142,1.4015300000000002,1.4001500000000002,1.4002100000000002,6367
2026-08-07T12:30:00+00:00,1.4002100000000002,1.4002100000000002,1.3945200000000002,1.3950700000000003,17463
2026-08-07T13:00:00+00:00,1.3950700000000003,1.3957400000000002,1.3945300000000003,1.3952200000000001,9513
2026-08-07T13:30:00+00:00,1.3952200000000001,1.3961300000000003,1.3948500000000001,1.3952300000000002,8555
2026-08-07T14:00:00+00:00,1.3952300000000002,1.3952400000000003,1.3934900000000001,1.3939700000000002,9932
2026-08-07T14:30:00+00:00,1.3939700000000002,1.3947500000000002,1.3938700000000002,1.3945800000000002,7771
2026-08-07T15:00:00+00:00,1.3945800000000002,1.3949600000000002,1.3928200000000002,1.3940000000000001,7507
2026-08-07T15:30:00+00:00,1.3940000000000001,1.3942600000000003,1.3929100000000003,1.3936800000000003,5883
2026-08-07T16:00:00+00:00,1.3936800000000003,1.3940000000000001,1.3932600000000002,1.3937900000000003,5965
2026-08-07T16:30:00+00:00,1.3937900000000003,1.3940600000000003,1.3933800000000003,1.39376,3974
2026-08-07T17:00:00+00:00,1.39376,1.3940200000000003,1.3934200000000003,1.3939900000000003,3957
2026-08-07T17:30:00+00:00,1.3939900000000003,1.3942900000000003,1.3935700000000002,1.3940300000000003,3014
2026-08-07T18:00:00+00:00,1.3940300000000003,1.3942500000000002,1.3938900000000003,1.3939600000000003,3153
2026-08-07T18:30:00+00:00,1.3939600000000003,1.3940100000000002,1.3937500000000003,1.3939200000000003,2371
2026-08-07T19:00:00+00:00,1.3939200000000003,1.3942100000000002,1.3937400000000002,1.3940500000000002,2871
2026-08-07T19:30:00+00:00,1.3940500000000002,1.3946700000000003,1.3940400000000002,1.3945400000000001,3040
2026-08-07T20:00:00+00:00,1.3945400000000001,1.39498,1.3944000000000003,1.3948900000000002,1340
2026-08-07T20:30:00+00:00,1.3948900000000002,1.3956300000000001,1.3935600000000001,1.3938800000000002,2800.649667405765
2026-08-09T21:00:00+00:00,1.3938800000000002,1.3938800000000002,1.3936000000000002,1.3937100000000002,223.90972280396142
2026-08-09T21:30:00+00:00,1.3937100000000002,1.3939200000000003,1.3936400000000002,1.3936800000000005,1226.1286491297797
2026-08-09T22:00:00+00:00,1.3936800000000005,1.3938700000000004,1.3933700000000004,1.3937100000000004,643.7135442412259
2026-08-09T22:30:00+00:00,1.3937100000000004,1.3938200000000005,1.3934600000000006,1.3937900000000005,527.4203527815469
2026-08-09T23:00:00+00:00,1.3937900000000005,1.3940700000000006,1.3936900000000005,1.3940700000000006,1011
2026-08-09T23:30:00+00:00,1.3940700000000006,1.3944600000000005,1.3939600000000005,1.3944600000000005,1672
2026-08-10T00:00:00+00:00,1.3944600000000005,1.3945300000000005,1.3940700000000006,1.3943200000000004,4510
2026-08-10T00:30:00+00:00,1.3943200000000004,1.3944700000000005,1.3939500000000005,1.3941700000000006,3312
2026-08-10T01:00:00+00:00,1.3941700000000006,1.3947900000000004,1.3941600000000005,1.3942800000000006,4994
2026-08-10T01:30:00+00:00,1.3942800000000006,1.3945100000000006,1.3942400000000006,1.3944300000000005,3107
2026-08-10T02:00:00+00:00,1.3944300000000005,1.3946700000000005,1.3943400000000006,1.3946200000000004,2920
2026-08-10T02:30:00+00:00,1.3946200000000004,1.3948800000000006,1.3945500000000006,1.3948300000000005,2569
2026-08-10T03:00:00+00:00,1.3948300000000005,1.3954800000000005,1.3948000000000005,1.3953100000000005,3221
2026-08-10T03:30:00+00:00,1.3953100000000005,1.3954300000000006,1.3952200000000006,1.3953800000000005,2084
2026-08-10T04:00:00+00:00,1.3953800000000005,1.3955900000000006,1.3953400000000005,1.3954400000000005,2051
2026-08-10T04:30:00+00:00,1.3954400000000005,1.3955700000000004,1.3951900000000006,1.3952400000000005,1683
2026-08-10T05:00:00+00:00,1.3952400000000005,1.3954600000000006,1.3951100000000005,1.3953100000000005,2734
2026-08-10T05:30:00+00:00,1.3953100000000005,1.3954300000000006,1.3949200000000006,1.3949500000000006,3727
2026-08-10T06:00:00+00:00,1.3949500000000006,1.3950700000000005,1.3944400000000006,1.3946400000000005,4226
2026-08-10T06:30:00+00:00,1.3946400000000005,1.3949400000000005,1.3945800000000006,1.3946300000000005,4217
2026-08-10T07:00:00+00:00,1.3946300000000005,1.3948000000000005,1.3941300000000005,1.3943900000000005,4744
2026-08-10T07:30:00+00:00,1.3943900000000005,1.3944300000000005,1.3933800000000005,1.3934200000000005,5121
2026-08-10T08:00:00+00:00,1.3934200000000005,1.3936100000000005,1.3925200000000004,1.3928000000000005,3427
2026-08-10T08:30:00+00:00,1.3928000000000005,1.3932600000000006,1.3927400000000005,1.3932500000000005,2705
2026-08-10T09:00:00+00:00,1.3932500000000005,1.3933700000000004,1.3931400000000005,1.3932400000000005,2149
2026-08-10T09:30:00+00:00,1.3932400000000005,1.3936900000000005,1.3931600000000006,1.3935400000000004,3224
2026-08-10T10:00:00+00:00,1.3935400000000004,1.3938200000000005,1.3934600000000006,1.3936800000000005,3159
2026-08-10T10:30:00+00:00,1.3936800000000005,1.3938100000000004,1.3930800000000005,1.3932000000000004,3190
2026-08-10T11:00:00+00:00,1.3932000000000004,1.3933300000000006,1.3929200000000006,1.3933000000000004,3717
2026-08-10T11:30:00+00:00,1.3933000000000004,1.3935500000000005,1.3930100000000005,1.3932100000000005,2555
2026-08-10T12:00:00+00:00,1.3932100000000005,1.3942900000000005,1.3931200000000006,1.3940700000000006,5294
2026-08-10T12:30:00+00:00,1.3940700000000006,1.3942100000000006,1.3938100000000004,1.3940100000000004,3592
2026-08-10T13:00:00+00:00,1.3940100000000004,1.3948700000000005,1.3938900000000005,1.3943800000000006,4392
2026-08-10T13:30:00+00:00,1.3943800000000006,1.3949500000000006,1.3940400000000006,1.3942700000000006,6736
2026-08-10T14:00:00+00:00,1.3942700000000006,1.3946700000000005,1.3933000000000004,1.3933300000000006,5200
2026-08-10T14:30:00+00:00,1.3933300000000006,1.3938000000000006,1.3930000000000005,1.3935000000000006,4721
2026-08-10T15:00:00+00:00,1.3935000000000006,1.3940200000000005,1.3924500000000006,1.3928100000000005,4647
2026-08-10T15:30:00+00:00,1.3928100000000005,1.3928700000000005,1.3920200000000005,1.3920500000000005,3666
2026-08-10T16:00:00+00:00,1.3920500000000005,1.3923600000000005,1.3919500000000005,1.3920000000000006,2409
2026-08-10T16:30:00+00:00,1.3920000000000006,1.3926500000000006,1.3918500000000005,1.3925800000000006,3692
2026-08-10T17:00:00+00:00,1.3925800000000006,1.3937000000000006,1.3924500000000006,1.3935700000000004,3137
2026-08-10T17:30:00+00:00,1.3935700000000004,1.3939100000000004,1.3933200000000006,1.3937400000000004,2287
2026-08-10T18:00:00+00:00,1.3937400000000004,1.3937600000000006,1.3935000000000006,1.3936100000000005,1928
2026-08-10T18:30:00+00:00,1.3936100000000005,1.3936900000000005,1.3930600000000006,1.3934300000000006,3319
2026-08-10T19:00:00+00:00,1.3934300000000006,1.3936000000000006,1.3930200000000006,1.3932000000000004,2205
2026-08-10T19:30:00+00:00,1.3932000000000004,1.3932400000000005,1.3928200000000006,1.3931600000000006,2590
2026-08-10T20:00:00+00:00,1.3931600000000006,1.3932600000000006,1.3929100000000005,1.3930300000000004,1471
2026-08-10T20:30:00+00:00,1.3930300000000004,1.3933100000000005,1.3930300000000004,1.3931500000000006,1289
2026-08-10T21:00:00+00:00,1.3931500000000006,1.3932600000000006,1.3924600000000005,1.3928300000000005,157.72721256752794
2026-08-10T21:30:00+00:00,1.3928300000000005,1.3928600000000004,1.3921400000000004,1.3927300000000005,931.2417562151608
2026-08-10T22:00:00+00:00,1.3927300000000005,1.3932600000000004,1.3927300000000005,1.3932300000000004,668
2026-08-10T22:30:00+00:00,1.3932300000000004,1.3932400000000005,1.3928500000000004,1.3928700000000005,408
2026-08-10T23:00:00+00:00,1.3928700000000005,1.3930700000000005,1.3927900000000004,1.3930500000000003,536
2026-08-10T23:30:00+00:00,1.3930500000000003,1.3931300000000004,1.3924800000000004,1.3925200000000004,1446
2026-08-11T00:00:00+00:00,1.3925200000000004,1.3925400000000003,1.3922400000000004,1.3923900000000005,3088
2026-08-11T00:30:00+00:00,1.3923900000000005,1.3924400000000003,1.3921000000000003,1.3923700000000003,2325
2026-08-11T01:00:00+00:00,1.3923700000000003,1.3929200000000004,1.3921100000000004,1.3921800000000004,3203
2026-08-11T01:30:00+00:00,1.3921800000000004,1.3923900000000005,1.3921000000000003,1.3923800000000004,3002
2026-08-11T02:00:00+00:00,1.3923800000000004,1.3927900000000004,1.3923200000000004,1.3926300000000005,2468
2026-08-11T02:30:00+00:00,1.3926300000000005,1.3928200000000004,1.3925400000000003,1.3926300000000005,2849
2026-08-11T03:00:00+00:00,1.3926300000000005,1.3927100000000003,1.3923000000000003,1.3923300000000005,3301
2026-08-11T03:30:00+00:00,1.3923300000000005,1.3923700000000003,1.3920700000000004,1.3922800000000004,2678
2026-08-11T04:00:00+00:00,1.3922800000000004,1.3923500000000004,1.3921100000000004,1.3921400000000004,2824
2026-08-11T04:30:00+00:00,1.3921400000000004,1.3925300000000005,1.3920300000000003,1.3922200000000005,4044
2026-08-11T05:00:00+00:00,1.3922200000000005,1.3923700000000003,1.3921600000000005,1.3922300000000005,2953
2026-08-11T05:30:00+00:00,1.3922300000000005,1.3923800000000004,1.3919100000000004,1.3919900000000005,2775
2026-08-11T06:00:00+00:00,1.3919900000000005,1.3926800000000004,1.3919100000000004,1.3923600000000005,4362
2026-08-11T06:30:00+00:00,1.3923600000000005,1.3926000000000005,1.3921300000000003,1.3923900000000005,3299
2026-08-11T07:00:00+00:00,1.3923900000000005,1.3930700000000005,1.3922900000000005,1.3926200000000004,3300
2026-08-11T07:30:00+00:00,1.3926200000000004,1.3936500000000005,1.3925100000000004,1.3935900000000003,3778
2026-08-11T08:00:00+00:00,1.3935900000000003,1.3937500000000005,1.3929900000000004,1.3930600000000004,3552
2026-08-11T08:30:00+00:00,1.3930600000000004,1.3930800000000003,1.3925300000000005,1.3925600000000005,2884
2026-08-11T09:00:00+00:00,1.3925600000000005,1.3927300000000005,1.3923600000000005,1.3926900000000004,2725
2026-08-11T09:30:00+00:00,1.3926900000000004,1.3928300000000005,1.3923300000000005,1.3924000000000005,2401
2026-08-11T10:00:00+00:00,1.3924000000000005,1.3926000000000005,1.3921200000000005,1.3924600000000005,3465
2026-08-11T10:30:00+00:00,1.3924600000000005,1.3926800000000004,1.3922200000000005,1.3923500000000004,2781
2026-08-11T11:00:00+00:00,1.3923500000000004,1.3928500000000004,1.3920700000000004,1.3923200000000004,6591
2026-08-11T11:30:00+00:00,1.3923200000000004,1.3932100000000005,1.3922700000000003,1.3930800000000003,4242
2026-08-11T12:00:00+00:00,1.3930800000000003,1.3933000000000004,1.3925400000000003,1.3925800000000004,4924
2026-08-11T12:30:00+00:00,1.3925800000000004,1.3926600000000005,1.3921400000000004,1.3925500000000004,3347
2026-08-11T13:00:00+00:00,1.3925500000000004,1.3928900000000004,1.3923400000000004,1.3928800000000003,4135
2026-08-11T13:30:00+00:00,1.3928800000000003,1.3930600000000004,1.3925700000000003,1.3929300000000004,5795
2026-08-11T14:00:00+00:00,1.3929300000000004,1.3930400000000005,1.3920600000000005,1.3923200000000004,4779
2026-08-11T14:30:00+00:00,1.3923200000000004,1.3924100000000004,1.3915900000000003,1.3918400000000004,4732
2026-08-11T15:00:00+00:00,1.3918400000000004,1.3927600000000004,1.3918200000000005,1.3921200000000005,4111
2026-08-11T15:30:00+00:00,1.3921200000000005,1.3921700000000004,1.3915700000000004,1.3915700000000004,3742
2026-08-11T16:00:00+00:00,1.3915700000000004,1.3918400000000004,1.3908300000000005,1.3909500000000004,2551
2026-08-11T16:30:00+00:00,1.3909500000000004,1.3913300000000004,1.3908000000000005,1.3908200000000004,2914
2026-08-11T17:00:00+00:00,1.3908200000000004,1.3914400000000005,1.3906600000000005,1.3913300000000004,3312
2026-08-11T17:30:00+00:00,1.3913300000000004,1.3916500000000005,1.3910800000000003,1.3913800000000005,3002
2026-08-11T18:00:00+00:00,1.3913800000000005,1.3915100000000005,1.3910800000000003,1.3911900000000004,2555
2026-08-11T18:30:00+00:00,1.3911900000000004,1.3912500000000003,1.3907800000000003,1.3911100000000005,2435
2026-08-11T19:00:00+00:00,1.3911100000000005,1.3913000000000004,1.3910300000000004,1.3911300000000004,2042
2026-08-11T19:30:00+00:00,1.3911300000000004,1.3916600000000003,1.3910600000000004,1.3916200000000005,2276
2026-08-11T20:00:00+00:00,1.3916200000000005,1.3917300000000004,1.3914700000000004,1.3916400000000004,1344
2026-08-11T20:30:00+00:00,1.3916400000000004,1.3918300000000003,1.3914600000000004,1.3914600000000004,1113
2026-08-11T21:00:00+00:00,1.3914600000000004,1.3914600000000004,1.3909600000000004,1.3912900000000001,184.63269530379105
2026-08-11T21:30:00+00:00,1.3912900000000001,1.3916800000000003,1.3912700000000002,1.39145,209.71919634714433
2026-08-11T22:00:00+00:00,1.39145,1.39168,1.3912600000000002,1.39141,552
2026-08-11T22:30:00+00:00,1.39141,1.3915300000000002,1.39115,1.39115,553
2026-08-11T23:00:00+00:00,1.39115,1.3915300000000002,1.39114,1.39151,583
2026-08-11T23:30:00+00:00,1.39151,1.39155,1.3912300000000002,1.3912900000000001,777
2026-08-12T00:00:00+00:00,1.3912900000000001,1.3914300000000002,1.39107,1.39121,2616
2026-08-12T00:30:00+00:00,1.39121,1.3916000000000002,1.3911200000000001,1.3915400000000002,2278
2026-08-12T01:00:00+00:00,1.3915400000000002,1.3921500000000002,1.39151,1.3919700000000002,3096
2026-08-12T01:30:00+00:00,1.3919700000000002,1.3921800000000002,1.3918700000000002,1.3920800000000002,1603
2026-08-12T02:00:00+00:00,1.3920800000000002,1.3923800000000002,1.3920700000000001,1.39222,2235
2026-08-12T02:30:00+00:00,1.39222,1.39223,1.39189,1.39196,2190
2026-08-12T03:00:00+00:00,1.39196,1.3921000000000001,1.39188,1.3920400000000002,2093
2026-08-12T03:30:00+00:00,1.3920400000000002,1.3922,1.3919300000000001,1.39209,1903
2026-08-12T04:00:00+00:00,1.39209,1.39237,1.39202,1.3922700000000001,1998
2026-08-12T04:30:00+00:00,1.3922700000000001,1.39233,1.3921500000000002,1.39226,2172
2026-08-12T05:00:00+00:00,1.39226,1.3926,1.39226,1.3924100000000001,1835
2026-08-12T05:30:00+00:00,1.3924100000000001,1.3925100000000001,1.3922400000000001,1.39226,2240
2026-08-12T06:00:00+00:00,1.39226,1.3924100000000001,1.3920400000000002,1.3922800000000002,2259
2026-08-12T06:30:00+00:00,1.3922800000000002,1.39257,1.3922,1.3922100000000002,3398
2026-08-12T07:00:00+00:00,1.3922100000000002,1.3925900000000002,1.3920800000000002,1.39247,3890
2026-08-12T07:30:00+00:00,1.39247,1.3926800000000001,1.3921500000000002,1.3922100000000002,3113
2026-08-12T08:00:00+00:00,1.3922100000000002,1.39257,1.39205,1.3922,2837
2026-08-12T08:30:00+00:00,1.3922,1.3924200000000002,1.39216,1.3923400000000001,2020
2026-08-12T09:00:00+00:00,1.3923400000000001,1.39266,1.39202,1.3923200000000002,5159
2026-08-12T09:30:00+00:00,1.3923200000000002,1.3930500000000001,1.3922700000000001,1.3928500000000001,3363
2026-08-12T10:00:00+00:00,1.3928500000000001,1.39287,1.3924100000000001,1.3925500000000002,2695
2026-08-12T10:30:00+00:00,1.3925500000000002,1.3928800000000001,1.3923800000000002,1.3925500000000002,3107
2026-08-12T11:00:00+00:00,1.3925500000000002,1.3929900000000002,1.39237,1.3924500000000002,2514
2026-08-12T11:30:00+00:00,1.3924500000000002,1.3926200000000002,1.3918000000000001,1.39189,2812
2026-08-12T12:00:00+00:00,1.39189,1.3920700000000001,1.39108,1.39108,4030
2026-08-12T12:30:00+00:00,1.39108,1.3922100000000002,1.3903400000000001,1.39039,10198
2026-08-12T13:00:00+00:00,1.39039,1.39135,1.39029,1.39067,7597
2026-08-12T13:30:00+00:00,1.39067,1.3910200000000001,1.3902,1.39067,6652
2026-08-12T14:00:00+00:00,1.39067,1.39084,1.39002,1.3907600000000002,5947
2026-08-12T14:30:00+00:00,1.3907600000000002,1.3917700000000002,1.3906100000000001,1.39155,7025
2026-08-12T15:00:00+00:00,1.39155,1.3917300000000001,1.3909600000000002,1.3912300000000002,4330
2026-08-12T15:30:00+00:00,1.3912300000000002,1.39178,1.39111,1.3913000000000002,3028
2026-08-12T16:00:00+00:00,1.3913000000000002,1.3926900000000002,1.39127,1.39267,3411
2026-08-12T16:30:00+00:00,1.39267,1.39344,1.3926500000000002,1.3933700000000002,3501
2026-08-12T17:00:00+00:00,1.3933700000000002,1.3939100000000002,1.39324,1.39369,3191
2026-08-12T17:30:00+00:00,1.39369,1.39395,1.39351,1.3937300000000001,2723
2026-08-12T18:00:00+00:00,1.3937300000000001,1.3937700000000002,1.39311,1.3931600000000002,2205
2026-08-12T18:30:00+00:00,1.3931600000000002,1.39388,1.3931600000000002,1.39387,2112.0714891811626
2026-08-12T19:00:00+00:00,1.39387,1.39389,1.3934,1.39361,1831
2026-08-12T19:30:00+00:00,1.39361,1.39389,1.39328,1.39329,2690
2026-08-12T20:00:00+00:00,1.39329,1.39357,1.39313,1.39353,1558
2026-08-12T20:30:00+00:00,1.39353,1.39356,1.393,1.39314,1599
2026-08-12T21:00:00+00:00,1.39314,1.39314,1.39289,1.39299,181.6726241642724
2026-08-12T21:30:00+00:00,1.39299,1.39308,1.39284,1.39299,521.0711315848714
2026-08-12T22:00:00+00:00,1.39299,1.3935099999999998,1.3929799999999999,1.39346,447
2026-08-12T22:30:00+00:00,1.39346,1.3934799999999998,1.39316,1.39319,356.234381640459
2026-08-12T23:00:00+00:00,1.39319,1.39336,1.3930999999999998,1.3933499999999999,536
2026-08-12T23:30:00+00:00,1.3933499999999999,1.3934099999999998,1.39323,1.3932799999999999,1243
2026-08-13T00:00:00+00:00,1.3932799999999999,1.39339,1.3930099999999999,1.3930799999999999,3567
2026-08-13T00:30:00+00:00,1.3930799999999999,1.39336,1.39285,1.3931299999999998,4153
2026-08-13T01:00:00+00:00,1.3931299999999998,1.39357,1.39306,1.3934,3802
2026-08-13T01:30:00+00:00,1.3934,1.3938099999999998,1.3933099999999998,1.3937,2854
2026-08-13T02:00:00+00:00,1.3937,1.3940299999999999,1.3936899999999999,1.3940299999999999,1829
2026-08-13T02:30:00+00:00,1.3940299999999999,1.39421,1.3939,1.3939499999999998,1911
2026-08-13T03:00:00+00:00,1.3939499999999998,1.39427,1.39383,1.39417,2931
2026-08-13T03:30:00+00:00,1.39417,1.3941999999999999,1.394,1.3940299999999999,2751
2026-08-13T04:00:00+00:00,1.3940299999999999,1.3941999999999999,1.3939099999999998,1.3939799999999998,2463
2026-08-13T04:30:00+00:00,1.3939799999999998,1.39404,1.3936499999999998,1.3937499999999998,3272
2026-08-13T05:00:00+00:00,1.3937499999999998,1.3938599999999999,1.39363,1.3937899999999999,3052
2026-08-13T05:30:00+00:00,1.3937899999999999,1.39394,1.39367,1.3937799999999998,2283
2026-08-13T06:00:00+00:00,1.3937799999999998,1.3943999999999999,1.3936399999999998,1.3943499999999998,3004
2026-08-13T06:30:00+00:00,1.3943499999999998,1.3950399999999998,1.3943199999999998,1.3946299999999998,4092
2026-08-13T07:00:00+00:00,1.3946299999999998,1.3947399999999999,1.3942899999999998,1.3944899999999998,4645
2026-08-13T07:30:00+00:00,1.3944899999999998,1.3947299999999998,1.3942999999999999,1.3944699999999999,4279
2026-08-13T08:00:00+00:00,1.3944699999999999,1.3947399999999999,1.39427,1.3946699999999999,3360
2026-08-13T08:30:00+00:00,1.3946699999999999,1.3947999999999998,1.3943499999999998,1.3945599999999998,2261
2026-08-13T09:00:00+00:00,1.3945599999999998,1.3947999999999998,1.3937199999999998,1.39373,2971
2026-08-13T09:30:00+00:00,1.39373,1.3939199999999998,1.3930399999999998,1.3930999999999998,2885
2026-08-13T10:00:00+00:00,1.3930999999999998,1.3932799999999999,1.3929299999999998,1.39306,3790
2026-08-13T10:30:00+00:00,1.39306,1.3934199999999999,1.3927699999999998,1.39326,3510
2026-08-13T11:00:00+00:00,1.39326,1.39346,1.3931099999999998,1.39322,2373
2026-08-13T11:30:00+00:00,1.39322,1.3937799999999998,1.39306,1.3937599999999999,2396
2026-08-13T12:00:00+00:00,1.3937599999999999,1.39417,1.3936499999999998,1.3939,3045
2026-08-13T12:30:00+00:00,1.3939,1.3943499999999998,1.39228,1.3923599999999998,6836
2026-08-13T13:00:00+00:00,1.3923599999999998,1.3928999999999998,1.3921499999999998,1.39285,5890
2026-08-13T13:30:00+00:00,1.39285,1.39451,1.3928399999999999,1.39448,7602
2026-08-13T14:00:00+00:00,1.39448,1.39461,1.39312,1.3934399999999998,7968
2026-08-13T14:30:00+00:00,1.3934399999999998,1.3939899999999998,1.3931499999999999,1.3935799999999998,5845
2026-08-13T15:00:00+00:00,1.3935799999999998,1.3936899999999999,1.39288,1.3932699999999998,5704
2026-08-13T15:30:00+00:00,1.3932699999999998,1.3934699999999998,1.3927299999999998,1.39292,4053
2026-08-13T16:00:00+00:00,1.39292,1.39326,1.3925199999999998,1.39254,3336
2026-08-13T16:30:00+00:00,1.39254,1.39262,1.3922499999999998,1.3923599999999998,2965
2026-08-13T17:00:00+00:00,1.3923599999999998,1.3929399999999998,1.39218,1.3928999999999998,3639
2026-08-13T17:30:00+00:00,1.3928999999999998,1.3929399999999998,1.39234,1.3928299999999998,3004
2026-08-13T18:00:00+00:00,1.3928299999999998,1.3930799999999999,1.3926599999999998,1.39275,2941
2026-08-13T18:30:00+00:00,1.39275,1.3929299999999998,1.39265,1.3927699999999998,3094
2026-08-13T19:00:00+00:00,1.3927699999999998,1.3927699999999998,1.3922999999999999,1.39241,2338
2026-08-13T19:30:00+00:00,1.39241,1.39268,1.3920199999999998,1.3920499999999998,2681
2026-08-13T20:00:00+00:00,1.3920499999999998,1.3924999999999998,1.3919799999999998,1.39227,1308
2026-08-13T20:30:00+00:00,1.39227,1.3925999999999998,1.39218,1.39221,1386
2026-08-13T21:00:00+00:00,1.39221,1.39254,1.39177,1.3920099999999997,211.39165127588677
2026-08-13T21:30:00+00:00,1.3920099999999997,1.3924099999999997,1.3918699999999997,1.3922299999999999,428
2026-08-13T22:00:00+00:00,1.3922299999999999,1.3924099999999997,1.3919199999999998,1.3923099999999997,566
2026-08-13T22:30:00+00:00,1.3923099999999997,1.39234,1.3921099999999997,1.39217,553
2026-08-13T23:00:00+00:00,1.39217,1.39227,1.3918599999999999,1.3921299999999999,885
2026-08-13T23:30:00+00:00,1.3921299999999999,1.3922399999999997,1.3918399999999997,1.3919399999999997,1393
2026-08-14T00:00:00+00:00,1.3919399999999997,1.3919799999999998,1.3914099999999998,1.3914799999999998,4261
2026-08-14T00:30:00+00:00,1.3914799999999998,1.39156,1.3912499999999999,1.3912999999999998,3301
2026-08-14T01:00:00+00:00,1.3912999999999998,1.3922199999999998,1.3912899999999997,1.3920599999999999,3549
2026-08-14T01:30:00+00:00,1.3920599999999999,1.3921199999999998,1.3917799999999998,1.3921199999999998,2973
2026-08-14T02:00:00+00:00,1.3921199999999998,1.3921599999999998,1.3915999999999997,1.3917899999999999,3020
2026-08-14T02:30:00+00:00,1.3917899999999999,1.3918199999999998,1.3913999999999997,1.3916699999999997,3180
2026-08-14T03:00:00+00:00,1.3916699999999997,1.3917099999999998,1.3913099999999998,1.39132,3209
2026-08-14T03:30:00+00:00,1.39132,1.3915199999999999,1.3911999999999998,1.3912299999999997,3030
2026-08-14T04:00:00+00:00,1.3912299999999997,1.3913699999999998,1.3909999999999998,1.3913099999999998,1853
2026-08-14T04:30:00+00:00,1.3913099999999998,1.3913799999999998,1.3909899999999997,1.3910799999999999,2717
2026-08-14T05:00:00+00:00,1.3910799999999999,1.3911199999999997,1.3907399999999999,1.3907699999999998,2015
2026-08-14T05:30:00+00:00,1.3907699999999998,1.3908099999999999,1.3903199999999998,1.3903599999999998,3219
2026-08-14T06:00:00+00:00,1.3903599999999998,1.3903999999999999,1.3901499999999998,1.3901799999999997,3334
2026-08-14T06:30:00+00:00,1.3901799999999997,1.3901999999999999,1.3894799999999998,1.3894999999999997,2720
2026-08-14T07:00:00+00:00,1.3894999999999997,1.3895799999999998,1.3885899999999998,1.3888299999999998,4001
2026-08-14T07:30:00+00:00,1.3888299999999998,1.38895,1.3880599999999998,1.3881199999999998,2939
2026-08-14T08:00:00+00:00,1.3881199999999998,1.3884999999999998,1.3877899999999999,1.3884299999999998,4103
2026-08-14T08:30:00+00:00,1.3884299999999998,1.3885499999999997,1.3881799999999997,1.3883699999999999,3706
2026-08-14T09:00:00+00:00,1.3883699999999999,1.3884299999999998,1.3881,1.3882499999999998,3300
2026-08-14T09:30:00+00:00,1.3882499999999998,1.3884299999999998,1.3880899999999998,1.3880899999999998,3188
2026-08-14T10:00:00+00:00,1.3880899999999998,1.3882299999999999,1.3878499999999998,1.3879199999999998,2896
2026-08-14T10:30:00+00:00,1.3879199999999998,1.3881599999999998,1.3879199999999998,1.3880299999999999,1970
2026-08-14T11:00:00+00:00,1.3880299999999999,1.3880299999999999,1.3872599999999997,1.3875699999999997,3304
2026-08-14T11:30:00+00:00,1.3875699999999997,1.3876699999999997,1.3871699999999998,1.3874199999999999,4543
2026-08-14T12:00:00+00:00,1.3874199999999999,1.3874399999999998,1.3863099999999997,1.3863799999999997,5268
2026-08-14T12:30:00+00:00,1.3863799999999997,1.3874799999999998,1.3858799999999998,1.3873199999999999,5653
2026-08-14T13:00:00+00:00,1.3873199999999999,1.3875399999999998,1.3869599999999997,1.3870599999999997,4213
2026-08-14T13:30:00+00:00,1.3870599999999997,1.3872699999999998,1.3858199999999998,1.3860499999999998,6821
2026-08-14T14:00:00+00:00,1.3860499999999998,1.3868599999999998,1.3855999999999997,1.3861299999999999,5963
2026-08-14T14:30:00+00:00,1.3861299999999999,1.3872599999999997,1.3860899999999998,1.3871099999999998,6387
2026-08-14T15:00:00+00:00,1.3871099999999998,1.3872899999999997,1.3864899999999998,1.3868999999999998,6046
2026-08-14T15:30:00+00:00,1.3868999999999998,1.3868999999999998,1.3858199999999998,1.3865399999999999,4914
2026-08-14T16:00:00+00:00,1.3865399999999999,1.3868199999999997,1.3862599999999998,1.3864699999999999,3605
2026-08-14T16:30:00+00:00,1.3864699999999999,1.3867299999999998,1.3859799999999998,1.3864599999999998,3215
2026-08-14T17:00:00+00:00,1.3864599999999998,1.3872099999999998,1.3864299999999998,1.3867499999999997,2902
2026-08-14T17:30:00+00:00,1.3867499999999997,1.3872899999999997,1.3866399999999999,1.3869699999999998,2690
2026-08-14T18:00:00+00:00,1.3869699999999998,1.3870699999999998,1.3866699999999998,1.3866799999999997,2494
2026-08-14T18:30:00+00:00,1.3866799999999997,1.3868899999999997,1.3865499999999997,1.3868599999999998,1998
2026-08-14T19:00:00+00:00,1.3868599999999998,1.3870399999999998,1.3864699999999999,1.3865699999999999,2119
2026-08-14T19:30:00+00:00,1.3865699999999999,1.3869799999999999,1.3865499999999997,1.3868299999999998,1621
2026-08-14T20:00:00+00:00,1.3868299999999998,1.3869699999999998,1.3865199999999998,1.3865599999999998,1264
2026-08-14T20:30:00+00:00,1.3865599999999998,1.3867299999999998,1.3861799999999997,1.3864299999999998,1463.8141025641025
2026-08-16T21:00:00+00:00,1.3864299999999998,1.3866999999999998,1.3863299999999998,1.3865999999999998,133.02315274484272
2026-08-16T21:30:00+00:00,1.3865999999999998,1.38668,1.38627,1.3864099999999997,967.9915084143894
2026-08-16T22:00:00+00:00,1.3864099999999997,1.3869599999999997,1.3864099999999997,1.3867199999999997,1157
2026-08-16T22:30:00+00:00,1.3867199999999997,1.3867199999999997,1.3864899999999998,1.3864899999999998,546
2026-08-16T23:00:00+00:00,1.3864899999999998,1.3867299999999998,1.3864299999999998,1.3867199999999997,537
2026-08-16T23:30:00+00:00,1.3867199999999997,1.3867399999999999,1.38644,1.3866699999999998,782
2026-08-17T00:00:00+00:00,1.3866699999999998,1.3866799999999997,1.3858599999999999,1.3859499999999998,3215
2026-08-17T00:30:00+00:00,1.3859499999999998,1.3862799999999997,1.3858199999999998,1.3860999999999999,2685
2026-08-17T01:00:00+00:00,1.3860999999999999,1.3865899999999998,1.3860499999999998,1.3863099999999997,3590
2026-08-17T01:30:00+00:00,1.3863099999999997,1.3866399999999999,1.3860499999999998,1.3860999999999999,2682
2026-08-17T02:00:00+00:00,1.3860999999999999,1.3861999999999999,1.3859299999999999,1.3859399999999997,1751
2026-08-17T02:30:00+00:00,1.3859399999999997,1.3862899999999998,1.3858899999999998,1.3862599999999998,2249
2026-08-17T03:00:00+00:00,1.3862599999999998,1.3864099999999997,1.3860999999999999,1.3861999999999999,2154
2026-08-17T03:30:00+00:00,1.3861999999999999,1.3863299999999998,1.3859299999999999,1.3859399999999997,1906
2026-08-17T04:00:00+00:00,1.3859399999999997,1.386,1.3856299999999997,1.3857999999999997,2261
2026-08-17T04:30:00+00:00,1.3857999999999997,1.3858999999999997,1.3856799999999998,1.3858699999999997,1722
2026-08-17T05:00:00+00:00,1.3858699999999997,1.3859499999999998,1.3854999999999997,1.3855299999999997,1837
2026-08-17T05:30:00+00:00,1.3855299999999997,1.3857599999999999,1.3854399999999998,1.3857099999999998,2960
2026-08-17T06:00:00+00:00,1.3857099999999998,1.3861099999999997,1.3854999999999997,1.3855199999999999,2957
2026-08-17T06:30:00+00:00,1.3855199999999999,1.3858499999999998,1.38522,1.3852599999999997,2621
2026-08-17T07:00:00+00:00,1.3852599999999997,1.3855499999999998,1.38495,1.3849799999999999,2983
2026-08-17T07:30:00+00:00,1.3849799999999999,1.3851999999999998,1.3847199999999997,1.3851699999999998,3837
2026-08-17T08:00:00+00:00,1.3851699999999998,1.3852899999999997,1.3846799999999997,1.3847099999999999,2947
2026-08-17T08:30:00+00:00,1.3847099999999999,1.3855799999999998,1.3846799999999997,1.3852699999999998,3376
2026-08-17T09:00:00+00:00,1.3852699999999998,1.3854399999999998,1.3850299999999998,1.3850599999999997,2525
2026-08-17T09:30:00+00:00,1.3850599999999997,1.3852099999999998,1.3848599999999998,1.3851699999999998,2367
2026-08-17T10:00:00+00:00,1.3851699999999998,1.3853599999999997,1.3850099999999999,1.3852399999999998,2559
2026-08-17T10:30:00+00:00,1.3852399999999998,1.3855799999999998,1.3850699999999998,1.3855299999999997,3020
2026-08-17T11:00:00+00:00,1.3855299999999997,1.3857099999999998,1.3852799999999998,1.3855699999999997,2459
2026-08-17T11:30:00+00:00,1.3855699999999997,1.38617,1.3855499999999998,1.3856399999999998,2354
2026-08-17T12:00:00+00:00,1.3856399999999998,1.3856799999999998,1.3847899999999997,1.38522,3691
2026-08-17T12:30:00+00:00,1.38522,1.3853799999999998,1.3845199999999998,1.3845899999999998,4648
2026-08-17T13:00:00+00:00,1.3845899999999998,1.3853499999999999,1.3845199999999998,1.3849799999999999,4893
2026-08-17T13:30:00+00:00,1.3849799999999999,1.3851699999999998,1.3846599999999998,1.3846699999999998,5107
2026-08-17T14:00:00+00:00,1.3846699999999998,1.3848299999999998,1.3839199999999998,1.3845999999999998,5176
2026-08-17T14:30:00+00:00,1.3845999999999998,1.38627,1.3843899999999998,1.3862499999999998,5745
2026-08-17T15:00:00+00:00,1.3862499999999998,1.3868999999999998,1.3860299999999999,1.3865199999999998,4419
2026-08-17T15:30:00+00:00,1.3865199999999998,1.3868199999999997,1.3859899999999998,1.3862999999999999,3485
2026-08-17T16:00:00+00:00,1.3862999999999999,1.3867199999999997,1.3862199999999998,1.3862999999999999,2961
2026-08-17T16:30:00+00:00,1.3862999999999999,1.3865199999999998,1.3861899999999998,1.3863799999999997,2225
2026-08-17T17:00:00+00:00,1.3863799999999997,1.3865899999999998,1.3861199999999998,1.3861299999999999,2335
2026-08-17T17:30:00+00:00,1.3861299999999999,1.3868699999999998,1.3860899999999998,1.3864999999999998,2382
2026-08-17T18:00:00+00:00,1.3864999999999998,1.3868599999999998,1.3863099999999997,1.3867399999999999,2498
2026-08-17T18:30:00+00:00,1.3867399999999999,1.3871799999999999,1.3867199999999997,1.3870899999999997,2699
2026-08-17T19:00:00+00:00,1.3870899999999997,1.3872299999999997,1.3866999999999998,1.3867099999999999,2248
2026-08-17T19:30:00+00:00,1.3867099999999999,1.3868999999999998,1.3866299999999998,1.3868199999999997,1577
2026-08-17T20:00:00+00:00,1.3868199999999997,1.3870599999999997,1.3866799999999997,1.3868599999999998,1125
2026-08-17T20:30:00+00:00,1.3868599999999998,1.3870999999999998,1.3868099999999999,1.3868399999999999,1336
2026-08-17T21:00:00+00:00,1.3868399999999999,1.3868399999999999,1.3857899999999996,1.3865899999999998,226.8919933328546
2026-08-17T21:30:00+00:00,1.3865899999999998,1.3868999999999998,1.3865599999999998,1.3867999999999998,198.8312125748503
2026-08-17T22:00:00+00:00,1.3867999999999998,1.3870799999999999,1.3866999999999998,1.3867599999999998,615
2026-08-17T22:30:00+00:00,1.3867599999999998,1.3867999999999998,1.3865999999999998,1.38661,459
2026-08-17T23:00:00+00:00,1.38661,1.3867199999999997,1.3864999999999998,1.3865699999999999,644
2026-08-17T23:30:00+00:00,1.3865699999999999,1.3867099999999999,1.3864099999999997,1.3865099999999997,1137
2026-08-18T00:00:00+00:00,1.3865099999999997,1.3868099999999999,1.3860399999999997,1.3867599999999998,2534
2026-08-18T00:30:00+00:00,1.3867599999999998,1.3869699999999998,1.38644,1.3864799999999997,1746
2026-08-18T01:00:00+00:00,1.3864799999999997,1.3868299999999998,1.3862399999999997,1.3866399999999999,4065
2026-08-18T01:30:00+00:00,1.3866399999999999,1.3867399999999999,1.3862599999999998,1.3865699999999999,2079
2026-08-18T02:00:00+00:00,1.3865699999999999,1.3866799999999997,1.38644,1.3864699999999999,2441
2026-08-18T02:30:00+00:00,1.3864699999999999,1.3865699999999999,1.3860299999999999,1.3860499999999998,2103
2026-08-18T03:00:00+00:00,1.3860499999999998,1.3864899999999998,1.3860499999999998,1.3863799999999997,2172
2026-08-18T03:30:00+00:00,1.3863799999999997,1.3869499999999997,1.3863599999999998,1.3866999999999998,2736
2026-08-18T04:00:00+00:00,1.3866999999999998,1.3871999999999998,1.3866299999999998,1.3868899999999997,2679
2026-08-18T04:30:00+00:00,1.3868899999999997,1.3871299999999998,1.3868099999999999,1.3870699999999998,1767
2026-08-18T05:00:00+00:00,1.3870699999999998,1.3873099999999998,1.3869899999999997,1.3870799999999999,1731
2026-08-18T05:30:00+00:00,1.3870799999999999,1.3871799999999999,1.3868699999999998,1.3869799999999999,1398
2026-08-18T06:00:00+00:00,1.3869799999999999,1.3870699999999998,1.3863299999999998,1.3863499999999997,3017
2026-08-18T06:30:00+00:00,1.3863499999999997,1.3871799999999999,1.3862599999999998,1.3866799999999997,3121
2026-08-18T07:00:00+00:00,1.3866799999999997,1.3868499999999997,1.3860899999999998,1.3864599999999998,3573
2026-08-18T07:30:00+00:00,1.3864599999999998,1.3864799999999997,1.38583,1.3860199999999998,2750
2026-08-18T08:00:00+00:00,1.3860199999999998,1.3865899999999998,1.3859599999999999,1.3863999999999999,3183
2026-08-18T08:30:00+00:00,1.3863999999999999,1.3866399999999999,1.3859699999999997,1.3861999999999999,2589
2026-08-18T09:00:00+00:00,1.3861999999999999,1.3863999999999999,1.3858399999999997,1.3858899999999998,3078
2026-08-18T09:30:00+00:00,1.3858899999999998,1.3863499999999997,1.3856099999999998,1.3861499999999998,2920
2026-08-18T10:00:00+00:00,1.3861499999999998,1.3865499999999997,1.3860999999999999,1.3862499999999998,2485
2026-08-18T10:30:00+00:00,1.3862499999999998,1.3867299999999998,1.3862399999999997,1.3867199999999997,2903
2026-08-18T11:00:00+00:00,1.3867199999999997,1.3871299999999998,1.3866899999999998,1.3869799999999999,1922
2026-08-18T11:30:00+00:00,1.3869799999999999,1.3872499999999999,1.3868599999999998,1.3869299999999998,2786
2026-08-18T12:00:00+00:00,1.3869299999999998,1.3871299999999998,1.3865899999999998,1.3868199999999997,3732
2026-08-18T12:30:00+00:00,1.3868199999999997,1.3870399999999998,1.3862499999999998,1.3868599999999998,3317
2026-08-18T13:00:00+00:00,1.3868599999999998,1.3868599999999998,1.3861399999999997,1.38644,3426
2026-08-18T13:30:00+00:00,1.38644,1.3875599999999997,1.3861799999999997,1.3868599999999998,5986
2026-08-18T14:00:00+00:00,1.3868599999999998,1.3871299999999998,1.3863399999999997,1.3867199999999997,4987
2026-08-18T14:30:00+00:00,1.3867199999999997,1.3882199999999998,1.3865699999999999,1.3880799999999998,6318
2026-08-18T15:00:00+00:00,1.3880799999999998,1.3889699999999998,1.3875899999999999,1.3885999999999998,6096
2026-08-18T15:30:00+00:00,1.3885999999999998,1.3886699999999998,1.3880099999999997,1.3885199999999998,4111
2026-08-18T16:00:00+00:00,1.3885199999999998,1.3890999999999998,1.3884499999999997,1.3890999999999998,3312
2026-08-18T16:30:00+00:00,1.3890999999999998,1.3892299999999997,1.3888399999999999,1.3891599999999997,2591
2026-08-18T17:00:00+00:00,1.3891599999999997,1.3896799999999998,1.3890799999999999,1.3896299999999997,2639
2026-08-18T17:30:00+00:00,1.3896299999999997,1.3899199999999998,1.3896199999999999,1.3898199999999998,2472
2026-08-18T18:00:00+00:00,1.3898199999999998,1.3900799999999998,1.3898199999999998,1.3900499999999998,2078
2026-08-18T18:30:00+00:00,1.3900499999999998,1.3904699999999999,1.3899699999999997,1.3900499999999998,2358
2026-08-18T19:00:00+00:00,1.3900499999999998,1.3902199999999998,1.3887899999999997,1.3891999999999998,4293
2026-08-18T19:30:00+00:00,1.3891999999999998,1.3893599999999997,1.3888199999999997,1.3893599999999997,3581
2026-08-18T20:00:00+00:00,1.3893599999999997,1.3896699999999997,1.38922,1.3893799999999998,1283
2026-08-18T20:30:00+00:00,1.3893799999999998,1.3893799999999998,1.3889999999999998,1.38905,1369
2026-08-18T21:00:00+00:00,1.38905,1.38905,1.3879699999999997,1.38827,419
2026-08-18T21:30:00+00:00,1.38827,1.3886799999999997,1.3882199999999998,1.3886299999999998,682.1709041468389
2026-08-18T22:00:00+00:00,1.3886299999999998,1.3893599999999997,1.3886299999999998,1.3893399999999998,748
2026-08-18T22:30:00+00:00,1.3893399999999998,1.3894299999999997,1.3891799999999996,1.3892899999999997,439.1682639434407
2026-08-18T23:00:00+00:00,1.3892899999999997,1.3896099999999998,1.3891299999999998,1.3895999999999997,675
2026-08-18T23:30:00+00:00,1.3895999999999997,1.3897399999999998,1.3893799999999998,1.3894099999999998,1314
2026-08-19T00:00:00+00:00,1.3894099999999998,1.3894799999999998,1.3888099999999997,1.3890699999999998,3934
2026-08-19T00:30:00+00:00,1.3890699999999998,1.3897399999999998,1.3890499999999997,1.3897399999999998,3637
2026-08-19T01:00:00+00:00,1.3897399999999998,1.3902999999999996,1.3896499999999998,1.3900799999999998,4392
2026-08-19T01:30:00+00:00,1.3900799999999998,1.3900899999999998,1.3893099999999998,1.3893899999999997,4081
2026-08-19T02:00:00+00:00,1.3893899999999997,1.3894499999999999,1.3866999999999998,1.3876699999999997,5682
2026-08-19T02:30:00+00:00,1.3876699999999997,1.3878199999999998,1.3869599999999997,1.3873299999999997,4305
2026-08-19T03:00:00+00:00,1.3873299999999997,1.3874199999999997,1.3870899999999997,1.3873299999999997,3072
2026-08-19T03:30:00+00:00,1.3873299999999997,1.3878499999999998,1.3872999999999998,1.3878399999999997,2201
2026-08-19T04:00:00+00:00,1.3878399999999997,1.3878399999999997,1.3873399999999998,1.3876399999999998,2558
2026-08-19T04:30:00+00:00,1.3876399999999998,1.3878099999999998,1.3873499999999996,1.3875899999999997,2574
2026-08-19T05:00:00+00:00,1.3875899999999997,1.3877699999999997,1.3873799999999998,1.3875299999999997,2823
2026-08-19T05:30:00+00:00,1.3875299999999997,1.3877299999999997,1.3873499999999996,1.3875399999999998,3269
2026-08-19T06:00:00+00:00,1.3875399999999998,1.3876299999999997,1.3870199999999997,1.3871499999999997,3836
2026-08-19T06:30:00+00:00,1.3871499999999997,1.3876199999999996,1.3870499999999997,1.3874099999999998,3540
2026-08-19T07:00:00+00:00,1.3874099999999998,1.3874399999999998,1.3867199999999997,1.3872799999999998,4390
2026-08-19T07:30:00+00:00,1.3872799999999998,1.3873199999999997,1.3868399999999999,1.3870399999999998,4560
2026-08-19T08:00:00+00:00,1.3870399999999998,1.3876099999999998,1.3865099999999997,1.3875299999999997,5023
2026-08-19T08:30:00+00:00,1.3875299999999997,1.3879199999999998,1.3872899999999997,1.3873099999999998,3500
2026-08-19T09:00:00+00:00,1.3873099999999998,1.3873999999999997,1.3866399999999997,1.3868299999999998,3592
2026-08-19T09:30:00+00:00,1.3868299999999998,1.3869799999999997,1.3864799999999997,1.3866599999999998,3021
2026-08-19T10:00:00+00:00,1.3866599999999998,1.3867399999999996,1.3860699999999997,1.3862499999999998,3080
2026-08-19T10:30:00+00:00,1.3862499999999998,1.3865699999999996,1.3858499999999998,1.3865599999999998,2765
2026-08-19T11:00:00+00:00,1.3865599999999998,1.3871499999999997,1.3863399999999997,1.3870499999999997,3271
2026-08-19T11:30:00+00:00,1.3870499999999997,1.3872199999999997,1.3868399999999999,1.3868799999999997,3290
2026-08-19T12:00:00+00:00,1.3868799999999997,1.3870499999999997,1.3862499999999998,1.3866199999999997,4160
2026-08-19T12:30:00+00:00,1.3866199999999997,1.3868199999999997,1.3852099999999998,1.3855799999999998,11244
2026-08-19T13:00:00+00:00,1.3855799999999998,1.3855899999999997,1.3830099999999999,1.3830099999999999,10763
2026-08-19T13:30:00+00:00,1.3830099999999999,1.3834099999999998,1.3815999999999997,1.3816899999999996,10265
2026-08-19T14:00:00+00:00,1.3816899999999996,1.3821699999999997,1.3801999999999996,1.3802999999999996,10112
2026-08-19T14:30:00+00:00,1.3802999999999996,1.3816899999999996,1.3798599999999996,1.3808899999999997,10668
2026-08-19T15:00:00+00:00,1.3808899999999997,1.3821999999999997,1.3807899999999997,1.3814399999999998,10184
2026-08-19T15:30:00+00:00,1.3814399999999998,1.3824599999999998,1.3810299999999998,1.3816699999999997,6304
2026-08-19T16:00:00+00:00,1.3816699999999997,1.3817299999999997,1.3807399999999996,1.3810099999999998,6185
2026-08-19T16:30:00+00:00,1.3810099999999998,1.3810899999999997,1.3804299999999998,1.3807699999999998,4747
2026-08-19T17:00:00+00:00,1.3807699999999998,1.3814999999999997,1.3803599999999998,1.3813299999999997,4828
2026-08-19T17:30:00+00:00,1.3813299999999997,1.3821599999999998,1.3813099999999998,1.3818799999999998,4322
2026-08-19T18:00:00+00:00,1.3818799999999998,1.3818999999999997,1.3805999999999998,1.3813299999999997,5976
2026-08-19T18:30:00+00:00,1.3813299999999997,1.3813999999999997,1.3803499999999997,1.3805499999999997,4852
2026-08-19T19:00:00+00:00,1.3805499999999997,1.3808799999999997,1.3802399999999997,1.3807599999999998,4578
2026-08-19T19:30:00+00:00,1.3807599999999998,1.3811299999999997,1.3804299999999998,1.3806199999999997,4990
2026-08-19T20:00:00+00:00,1.3806199999999997,1.3808699999999998,1.3804899999999998,1.3806699999999998,1737
2026-08-19T20:30:00+00:00,1.3806699999999998,1.3806699999999998,1.3801899999999998,1.3803299999999998,1435
2026-08-19T21:00:00+00:00,1.3803299999999998,1.3803299999999998,1.3793799999999998,1.3798999999999997,244.26095051085514
2026-08-19T21:30:00+00:00,1.3798999999999997,1.3800199999999998,1.3796999999999997,1.3797599999999997,570.8477832974037
2026-08-19T22:00:00+00:00,1.3797599999999997,1.3804199999999998,1.3797599999999997,1.3803199999999998,584
2026-08-19T22:30:00+00:00,1.3803199999999998,1.3803699999999997,1.3801599999999998,1.3803299999999998,448
2026-08-19T23:00:00+00:00,1.3803299999999998,1.3804499999999997,1.3800499999999998,1.3804399999999997,962
2026-08-19T23:30:00+00:00,1.3804399999999997,1.3805799999999997,1.3803699999999997,1.3805399999999997,948
2026-08-20T00:00:00+00:00,1.3805399999999997,1.3805599999999998,1.3798099999999998,1.3802299999999998,4730
2026-08-20T00:30:00+00:00,1.3802299999999998,1.3805599999999998,1.3799399999999997,1.3804699999999996,3429
2026-08-20T01:00:00+00:00,1.3804699999999996,1.3807599999999998,1.3795899999999996,1.3797199999999998,5975
2026-08-20T01:30:00+00:00,1.3797199999999998,1.3802799999999997,1.3796299999999997,1.3796999999999997,5055
2026-08-20T02:00:00+00:00,1.3796999999999997,1.3803199999999998,1.3794599999999997,1.3801499999999998,4520
2026-08-20T02:30:00+00:00,1.3801499999999998,1.3803799999999997,1.3800599999999998,1.3802999999999996,2911
2026-08-20T03:00:00+00:00,1.3802999999999996,1.3803899999999998,1.3797199999999998,1.3798899999999998,3257
2026-08-20T03:30:00+00:00,1.3798899999999998,1.3799099999999997,1.3793999999999997,1.3794099999999998,2623
2026-08-20T04:00:00+00:00,1.3794099999999998,1.3795499999999998,1.3788399999999998,1.3792599999999997,2225
2026-08-20T04:30:00+00:00,1.3792599999999997,1.3798899999999998,1.3791999999999998,1.3797999999999997,2176
2026-08-20T05:00:00+00:00,1.3797999999999997,1.3798499999999998,1.3795099999999998,1.3798399999999997,3027
2026-08-20T05:30:00+00:00,1.3798399999999997,1.3798399999999997,1.3790899999999997,1.3792299999999997,3887
2026-08-20T06:00:00+00:00,1.3792299999999997,1.3795599999999997,1.3788199999999997,1.3790199999999997,4482
2026-08-20T06:30:00+00:00,1.3790199999999997,1.3792499999999996,1.3783899999999998,1.3785499999999997,5141
2026-08-20T07:00:00+00:00,1.3785499999999997,1.3791299999999997,1.3782099999999997,1.3782699999999997,4436
2026-08-20T07:30:00+00:00,1.3782699999999997,1.3783899999999998,1.3773299999999997,1.3775899999999996,4528
2026-08-20T08:00:00+00:00,1.3775899999999996,1.3776999999999997,1.3767599999999998,1.3768299999999998,4387
2026-08-20T08:30:00+00:00,1.3768299999999998,1.3772199999999997,1.3765099999999997,1.3765499999999997,5315
2026-08-20T09:00:00+00:00,1.3765499999999997,1.3772699999999998,1.3756299999999997,1.3761199999999998,5838
2026-08-20T09:30:00+00:00,1.3761199999999998,1.3769399999999998,1.3758999999999997,1.3759299999999997,5490
2026-08-20T10:00:00+00:00,1.3759299999999997,1.3761399999999997,1.3750799999999996,1.3750999999999998,4164
2026-08-20T10:30:00+00:00,1.3750999999999998,1.3764499999999997,1.3750999999999998,1.3763399999999997,4080
2026-08-20T11:00:00+00:00,1.3763399999999997,1.3764399999999997,1.3758199999999998,1.3761799999999997,3953
2026-08-20T11:30:00+00:00,1.3761799999999997,1.3767899999999997,1.3757599999999996,1.3764099999999997,5271
2026-08-20T12:00:00+00:00,1.3764099999999997,1.3773199999999997,1.3762399999999997,1.3771599999999997,7446
2026-08-20T12:30:00+00:00,1.3771599999999997,1.3781399999999997,1.3770599999999997,1.3773699999999998,6284
2026-08-20T13:00:00+00:00,1.3773699999999998,1.3773699999999998,1.3761099999999997,1.3766399999999996,7120
2026-08-20T13:30:00+00:00,1.3766399999999996,1.3780599999999998,1.3764899999999998,1.3777799999999998,7436
2026-08-20T14:00:00+00:00,1.3777799999999998,1.3782399999999997,1.3771499999999997,1.3781399999999997,6988
2026-08-20T14:30:00+00:00,1.3781399999999997,1.3782699999999997,1.3772699999999998,1.3777199999999998,6362
2026-08-20T15:00:00+00:00,1.3777199999999998,1.3781399999999997,1.3768699999999998,1.3768799999999997,9781
2026-08-20T15:30:00+00:00,1.3768799999999997,1.3785199999999997,1.3768699999999998,1.3777099999999998,6091
2026-08-20T16:00:00+00:00,1.3777099999999998,1.3785299999999998,1.3777099999999998,1.3784399999999997,4113
2026-08-20T16:30:00+00:00,1.3784399999999997,1.3790799999999996,1.3783799999999997,1.3786399999999996,3550
2026-08-20T17:00:00+00:00,1.3786399999999996,1.3789599999999997,1.3783599999999998,1.3783699999999997,3363
2026-08-20T17:30:00+00:00,1.3783699999999997,1.3785599999999998,1.3781699999999997,1.3783099999999997,2777
2026-08-20T18:00:00+00:00,1.3783099999999997,1.3789599999999997,1.3782099999999997,1.3785099999999997,3335
2026-08-20T18:30:00+00:00,1.3785099999999997,1.3786099999999997,1.3783699999999997,1.3784999999999998,2489
2026-08-20T19:00:00+00:00,1.3784999999999998,1.3789999999999998,1.3784699999999996,1.3786099999999997,3012
2026-08-20T19:30:00+00:00,1.3786099999999997,1.3789999999999998,1.3785099999999997,1.3789899999999997,3483
2026-08-20T20:00:00+00:00,1.3789899999999997,1.3789899999999997,1.3785199999999997,1.3785799999999997,1515
2026-08-20T20:30:00+00:00,1.3785799999999997,1.3786399999999996,1.3781599999999998,1.3784599999999998,1529
2026-08-20T21:00:00+00:00,1.3784599999999998,1.3784599999999998,1.3774899999999999,1.3774899999999999,249.45785614370993
2026-08-20T21:30:00+00:00,1.3774899999999999,1.3777599999999999,1.3773299999999997,1.3776099999999998,571.716843311372
2026-08-20T22:00:00+00:00,1.3776099999999998,1.3781599999999998,1.3776099999999998,1.3777199999999998,433
2026-08-20T22:30:00+00:00,1.3777199999999998,1.3777899999999998,1.3776099999999998,1.3776499999999998,357.2871153294976
2026-08-20T23:00:00+00:00,1.3776499999999998,1.3776499999999998,1.3772799999999998,1.3774499999999998,811
2026-08-20T23:30:00+00:00,1.3774499999999998,1.3776499999999998,1.37739,1.3774599999999997,1290
2026-08-21T00:00:00+00:00,1.3774599999999997,1.3774899999999999,1.3769299999999998,1.3771299999999997,3251
2026-08-21T00:30:00+00:00,1.3771299999999997,1.3772299999999997,1.3769099999999999,1.3770499999999999,3242
2026-08-21T01:00:00+00:00,1.3770499999999999,1.3773199999999999,1.3766399999999999,1.3766699999999998,3391
2026-08-21T01:30:00+00:00,1.3766699999999998,1.3767399999999999,1.3763599999999998,1.3764699999999999,2790
2026-08-21T02:00:00+00:00,1.3764699999999999,1.3766999999999998,1.3760599999999998,1.3760799999999997,2588
2026-08-21T02:30:00+00:00,1.3760799999999997,1.3760999999999999,1.3753499999999999,1.3756999999999997,2681
2026-08-21T03:00:00+00:00,1.3756999999999997,1.3757799999999998,1.3753999999999997,1.3757399999999997,2043
2026-08-21T03:30:00+00:00,1.3757399999999997,1.3758999999999997,1.3756799999999998,1.3757899999999998,2306
2026-08-21T04:00:00+00:00,1.3757899999999998,1.3758599999999999,1.3755999999999997,1.3757699999999997,2257
2026-08-21T04:30:00+00:00,1.3757699999999997,1.3758999999999997,1.3757099999999998,1.3758799999999998,1729
2026-08-21T05:00:00+00:00,1.3758799999999998,1.3760999999999999,1.3757799999999998,1.3758399999999997,1371
2026-08-21T05:30:00+00:00,1.3758399999999997,1.3758999999999997,1.3751499999999999,1.3752699999999998,2521
2026-08-21T06:00:00+00:00,1.3752699999999998,1.3759899999999998,1.3752299999999997,1.3757999999999997,2580
2026-08-21T06:30:00+00:00,1.3757999999999997,1.3758299999999999,1.3752899999999997,1.3753299999999997,3142
2026-08-21T07:00:00+00:00,1.3753299999999997,1.3759299999999999,1.3750399999999998,1.3756199999999998,3859
2026-08-21T07:30:00+00:00,1.3756199999999998,1.37573,1.3750599999999997,1.3751899999999997,4905
2026-08-21T08:00:00+00:00,1.3751899999999997,1.3752799999999998,1.3744699999999999,1.3746299999999998,4084
2026-08-21T08:30:00+00:00,1.3746299999999998,1.3747999999999998,1.3739299999999999,1.3739699999999997,4681
2026-08-21T09:00:00+00:00,1.3739699999999997,1.3744199999999998,1.3736699999999997,1.3742999999999999,4778
2026-08-21T09:30:00+00:00,1.3742999999999999,1.3744299999999998,1.3738099999999998,1.3742499999999997,2988
2026-08-21T10:00:00+00:00,1.3742499999999997,1.3742999999999999,1.3731899999999997,1.3732099999999998,4136
2026-08-21T10:30:00+00:00,1.3732099999999998,1.37356,1.3727999999999998,1.3734399999999998,4352
2026-08-21T11:00:00+00:00,1.3734399999999998,1.3736599999999999,1.3730799999999999,1.3731799999999998,5329
2026-08-21T11:30:00+00:00,1.3731799999999998,1.3735999999999997,1.3729599999999997,1.3730999999999998,3653
2026-08-21T12:00:00+00:00,1.3730999999999998,1.3734699999999997,1.3724799999999997,1.3732599999999997,5677
2026-08-21T12:30:00+00:00,1.3732599999999997,1.3743199999999998,1.3730299999999998,1.3738599999999999,5025
2026-08-21T13:00:00+00:00,1.3738599999999999,1.3743599999999998,1.3736499999999998,1.3740699999999997,5272
2026-08-21T13:30:00+00:00,1.3740699999999997,1.3745399999999999,1.3737699999999997,1.3742499999999997,5775
2026-08-21T14:00:00+00:00,1.3742499999999997,1.3755099999999998,1.3742499999999997,1.3754799999999998,5569
2026-08-21T14:30:00+00:00,1.3754799999999998,1.3770399999999998,1.3754699999999997,1.3765899999999998,9247
2026-08-21T15:00:00+00:00,1.3765899999999998,1.3768199999999997,1.3759899999999998,1.3762299999999998,7207
2026-08-21T15:30:00+00:00,1.3762299999999998,1.3764699999999999,1.3758599999999999,1.3758899999999998,4657
2026-08-21T16:00:00+00:00,1.3758899999999998,1.3762999999999999,1.3755299999999997,1.3761499999999998,5288
2026-08-21T16:30:00+00:00,1.3761499999999998,1.3761599999999998,1.3756799999999998,1.3758199999999998,3368
2026-08-21T17:00:00+00:00,1.3758199999999998,1.3760499999999998,1.3752199999999999,1.3752699999999998,3377
2026-08-21T17:30:00+00:00,1.3752699999999998,1.3755799999999998,1.3748099999999999,1.3754999999999997,2784
2026-08-21T18:00:00+00:00,1.3754999999999997,1.3756499999999998,1.3751699999999998,1.3754199999999999,1992
2026-08-21T18:30:00+00:00,1.3754199999999999,1.3757599999999999,1.3752199999999999,1.3754399999999998,2179
2026-08-21T19:00:00+00:00,1.3754399999999998,1.3761199999999998,1.3753499999999999,1.3760199999999998,2005
2026-08-21T19:30:00+00:00,1.3760199999999998,1.3762399999999997,1.3756399999999998,1.3761999999999999,1998
2026-08-21T20:00:00+00:00,1.3761999999999999,1.3762199999999998,1.3756499999999998,1.3758399999999997,1011
2026-08-21T20:30:00+00:00,1.3758399999999997,1.3761299999999999,1.3752099999999998,1.3755999999999997,2345
2026-08-23T21:00:00+00:00,1.38074,1.38145,1.38074,1.38092,132
2026-08-23T21:30:00+00:00,1.38092,1.38096,1.3793199999999999,1.37957,916
2026-08-23T22:00:00+00:00,1.37957,1.38032,1.37861,1.37946,1765
2026-08-23T22:30:00+00:00,1.37946,1.37946,1.37896,1.37941,842
2026-08-23T23:00:00+00:00,1.37941,1.37945,1.37923,1.3794,1191
2026-08-23T23:30:00+00:00,1.3794,1.37992,1.37922,1.37924,1477
2026-08-24T00:00:00+00:00,1.37924,1.37954,1.37826,1.37857,4816
2026-08-24T00:30:00+00:00,1.37857,1.37886,1.37835,1.37872,3621
2026-08-24T01:00:00+00:00,1.37872,1.3799,1.37871,1.3796,5622
2026-08-24T01:30:00+00:00,1.3796,1.37982,1.37928,1.37933,3969
2026-08-24T02:00:00+00:00,1.37933,1.3796,1.3789,1.37906,3719
2026-08-24T02:30:00+00:00,1.37906,1.37942,1.37902,1.37924,2610
2026-08-24T03:00:00+00:00,1.37924,1.37943,1.37901,1.37919,2349
2026-08-24T03:30:00+00:00,1.37919,1.3793,1.37901,1.37914,2699
2026-08-24T04:00:00+00:00,1.37914,1.37977,1.37905,1.37936,3101
2026-08-24T04:30:00+00:00,1.37936,1.37954,1.37929,1.37947,2739
2026-08-24T05:00:00+00:00,1.37947,1.37981,1.37939,1.3798,2841
2026-08-24T05:30:00+00:00,1.3798,1.38002,1.37956,1.37977,3869
2026-08-24T06:00:00+00:00,1.37977,1.38192,1.37975,1.3817,6230
2026-08-24T06:30:00+00:00,1.3817,1.38226,1.38148,1.38201,5497
2026-08-24T07:00:00+00:00,1.38201,1.38319,1.38169,1.38266,5199
2026-08-24T07:30:00+00:00,1.38266,1.38378,1.38245,1.38368,5378
2026-08-24T08:00:00+00:00,1.38368,1.38421,1.38355,1.38418,4717
2026-08-24T08:30:00+00:00,1.38418,1.38439,1.38398,1.38427,3538
2026-08-24T09:00:00+00:00,1.38427,1.38427,1.38351,1.38369,3731
2026-08-24T09:30:00+00:00,1.38369,1.38385,1.38306,1.38331,3509
2026-08-24T10:00:00+00:00,1.38331,1.38343,1.38293,1.38311,3187
2026-08-24T10:30:00+00:00,1.38311,1.38407,1.38304,1.38401,4225
2026-08-24T11:00:00+00:00,1.38401,1.38466,1.38386,1.38414,4215
2026-08-24T11:30:00+00:00,1.38414,1.38472,1.38378,1.38458,6410
2026-08-24T12:00:00+00:00,1.38458,1.38507,1.38379,1.38381,5897
2026-08-24T12:30:00+00:00,1.38381,1.38443,1.38307,1.38354,6738
2026-08-24T13:00:00+00:00,1.38354,1.38357,1.38243,1.38293,5599
2026-08-24T13:30:00+00:00,1.38293,1.38354,1.38214,1.38272,9522
2026-08-24T14:00:00+00:00,1.38272,1.38372,1.38244,1.38262,7453
2026-08-24T14:30:00+00:00,1.38262,1.3844,1.38222,1.38398,7043
2026-08-24T15:00:00+00:00,1.38398,1.38403,1.38311,1.3832,6547
2026-08-24T15:30:00+00:00,1.3832,1.38425,1.38309,1.38412,6024
2026-08-24T16:00:00+00:00,1.38412,1.38442,1.38379,1.38434,5800
2026-08-24T16:30:00+00:00,1.38434,1.38483,1.38407,1.38481,3143
2026-08-24T17:00:00+00:00,1.38481,1.386,1.38467,1.38589,5955
2026-08-24T17:30:00+00:00,1.38589,1.38601,1.38547,1.38569,3887
2026-08-24T18:00:00+00:00,1.38569,1.38582,1.38503,1.38504,3123
2026-08-24T18:30:00+00:00,1.38504,1.38559,1.38493,1.38499,3447
2026-08-24T19:00:00+00:00,1.38499,1.38512,1.38463,1.38498,2175
2026-08-24T19:30:00+00:00,1.38498,1.38502,1.38435,1.38455,2409
2026-08-24T20:00:00+00:00,1.38455,1.38487,1.38439,1.3846,1545
2026-08-24T20:30:00+00:00,1.3846,1.38488,1.38431,1.38437,1342
2026-08-24T21:00:00+00:00,1.38437,1.38437,1.38353,1.38385,187
2026-08-24T21:30:00+00:00,1.38385,1.38407,1.38363,1.38405,756
2026-08-24T22:00:00+00:00,1.38405,1.38486,1.38404,1.3843,655
2026-08-24T22:30:00+00:00,1.3843,1.38439,1.38422,1.38428,339
2026-08-24T23:00:00+00:00,1.38428,1.38444,1.38412,1.38444,775
2026-08-24T23:30:00+00:00,1.38444,1.38446,1.38404,1.38407,1063
2026-08-25T00:00:00+00:00,1.38407,1.3846,1.38398,1.38438,2881
2026-08-25T00:30:00+00:00,1.38438,1.38457,1.38423,1.38454,5765
2026-08-25T01:00:00+00:00,1.38454,1.38496,1.38445,1.38483,2884
2026-08-25T01:30:00+00:00,1.38483,1.38536,1.38483,1.38527,3067
2026-08-25T02:00:00+00:00,1.38527,1.38537,1.385,1.38505,3141
2026-08-25T02:30:00+00:00,1.38505,1.3853,1.38486,1.38513,3695
2026-08-25T03:00:00+00:00,1.38513,1.38534,1.38496,1.38531,4159
2026-08-25T03:30:00+00:00,1.38531,1.38543,1.38512,1.38533,2196
2026-08-25T04:00:00+00:00,1.38533,1.38596,1.38533,1.38592,2521
2026-08-25T04:30:00+00:00,1.38592,1.386,1.38578,1.38593,1742
2026-08-25T05:00:00+00:00,1.38593,1.38605,1.3858,1.38593,1923
2026-08-25T05:30:00+00:00,1.38593,1.38621,1.38571,1.386,2591
2026-08-25T06:00:00+00:00,1.386,1.38639,1.38572,1.38576,4200
2026-08-25T06:30:00+00:00,1.38576,1.38669,1.38555,1.38652,4405
2026-08-25T07:00:00+00:00,1.38652,1.38652,1.38565,1.38617,3847
2026-08-25T07:30:00+00:00,1.38617,1.38664,1.38604,1.38604,3489
2026-08-25T08:00:00+00:00,1.38604,1.38634,1.38576,1.38598,4912
2026-08-25T08:30:00+00:00,1.38598,1.38627,1.38573,1.38604,6716
2026-08-25T09:00:00+00:00,1.38604,1.38611,1.38544,1.38583,6764
2026-08-25T09:30:00+00:00,1.38583,1.3859,1.38526,1.38545,4928
2026-08-25T10:00:00+00:00,1.38545,1.38638,1.38543,1.38629,2999
2026-08-25T10:30:00+00:00,1.38629,1.38644,1.38554,1.38589,3544
2026-08-25T11:00:00+00:00,1.38589,1.38589,1.38542,1.38565,4415
2026-08-25T11:30:00+00:00,1.38565,1.38608,1.38534,1.38606,3776
2026-08-25T12:00:00+00:00,1.38606,1.38625,1.3854799999999998,1.38618,5871
2026-08-25T12:30:00+00:00,1.38618,1.3862599999999998,1.38513,1.3851499999999999,3974
2026-08-25T13:00:00+00:00,1.3851499999999999,1.3856,1.38434,1.3846699999999998,6511
2026-08-25T13:30:00+00:00,1.3846699999999998,1.38485,1.38337,1.38337,7389
2026-08-25T14:00:00+00:00,1.38337,1.38374,1.383,1.38356,6859
2026-08-25T14:30:00+00:00,1.38356,1.38391,1.3825999999999998,1.38351,7334
2026-08-25T15:00:00+00:00,1.38351,1.3844599999999998,1.38346,1.3841899999999998,4574
2026-08-25T15:30:00+00:00,1.3841899999999998,1.3841899999999998,1.38343,1.3834799999999998,6909
2026-08-25T16:00:00+00:00,1.3834799999999998,1.38404,1.38326,1.3839899999999998,4448
2026-08-25T16:30:00+00:00,1.3839899999999998,1.38408,1.3837,1.38388,3695
2026-08-25T17:00:00+00:00,1.38388,1.3841299999999999,1.38351,1.3835799999999998,2829
2026-08-25T17:30:00+00:00,1.3835799999999998,1.3837,1.3833099999999998,1.3834,2734
2026-08-25T18:00:00+00:00,1.3834,1.3834099999999998,1.3829699999999998,1.38312,3177
2026-08-25T18:30:00+00:00,1.38312,1.3833,1.3828699999999998,1.3829599999999997,2676
2026-08-25T19:00:00+00:00,1.3829599999999997,1.3830099999999999,1.3825299999999998,1.3828499999999997,3863
2026-08-25T19:30:00+00:00,1.3828499999999997,1.3831299999999997,1.3827799999999997,1.3830399999999998,3486
2026-08-25T20:00:00+00:00,1.3830399999999998,1.3835199999999999,1.3829399999999998,1.3834099999999998,2369
2026-08-25T20:30:00+00:00,1.3834099999999998,1.3846599999999998,1.3833299999999997,1.3836499999999998,2264
2026-08-25T21:00:00+00:00,1.3836499999999998,1.38375,1.38307,1.38372,204
2026-08-25T21:30:00+00:00,1.38372,1.38382,1.3831499999999999,1.3834499999999998,1003
2026-08-25T22:00:00+00:00,1.3834499999999998,1.38401,1.3834499999999998,1.3838599999999999,1132
2026-08-25T22:30:00+00:00,1.3838599999999999,1.3838899999999998,1.38339,1.3834899999999999,809
2026-08-25T23:00:00+00:00,1.3834899999999999,1.38383,1.38339,1.38383,943
2026-08-25T23:30:00+00:00,1.38383,1.38394,1.38368,1.38378,1492
2026-08-26T00:00:00+00:00,1.38378,1.38408,1.38367,1.38401,2824
2026-08-26T00:30:00+00:00,1.38401,1.38438,1.38388,1.38427,2872
2026-08-26T01:00:00+00:00,1.38427,1.3850099999999999,1.38424,1.3848,3940
2026-08-26T01:30:00+00:00,1.3848,1.3848099999999999,1.3842999999999999,1.38455,5114
2026-08-26T02:00:00+00:00,1.38455,1.38558,1.38434,1.38537,3207
2026-08-26T02:30:00+00:00,1.38537,1.38571,1.38509,1.38556,3102
2026-08-26T03:00:00+00:00,1.38556,1.38607,1.38551,1.38594,2480
2026-08-26T03:30:00+00:00,1.38594,1.38602,1.38567,1.3859599999999999,2255
2026-08-26T04:00:00+00:00,1.3859599999999999,1.38624,1.3858599999999999,1.38622,1326
2026-08-26T04:30:00+00:00,1.38622,1.38663,1.3861299999999999,1.3865399999999999,1392
2026-08-26T05:00:00+00:00,1.3865399999999999,1.38673,1.38622,1.38632,2132
2026-08-26T05:30:00+00:00,1.38632,1.38634,1.38601,1.3861999999999999,2782
2026-08-26T06:00:00+00:00,1.3861999999999999,1.38642,1.38564,1.38605,3799
2026-08-26T06:30:00+00:00,1.38605,1.3866,1.38602,1.3863299999999998,3896
2026-08-26T07:00:00+00:00,1.3863299999999998,1.38653,1.38607,1.3861999999999999,4430
2026-08-26T07:30:00+00:00,1.3861999999999999,1.3864999999999998,1.38588,1.38635,3579
2026-08-26T08:00:00+00:00,1.38635,1.38639,1.38584,1.3862299999999999,4124
2026-08-26T08:30:00+00:00,1.3862299999999999,1.3868,1.38604,1.3866399999999999,3530
2026-08-26T09:00:00+00:00,1.3866399999999999,1.38706,1.3865699999999999,1.38687,2776
2026-08-26T09:30:00+00:00,1.38687,1.38702,1.3865699999999999,1.38675,2374
2026-08-26T10:00:00+00:00,1.38675,1.38709,1.38661,1.38688,2465
2026-08-26T10:30:00+00:00,1.38688,1.3870099999999999,1.3867099999999999,1.38696,2308
2026-08-26T11:00:00+00:00,1.38696,1.38748,1.38685,1.38721,3534
2026-08-26T11:30:00+00:00,1.38721,1.38723,1.38626,1.38627,3260
2026-08-26T12:00:00+00:00,1.38627,1.38644,1.3858599999999999,1.3858599999999999,3941
2026-08-26T12:30:00+00:00,1.3858599999999999,1.3873499999999999,1.3854499999999998,1.3872499999999999,5250
2026-08-26T13:00:00+00:00,1.3872499999999999,1.3879,1.38717,1.38724,6778
2026-08-26T13:30:00+00:00,1.38724,1.3878899999999998,1.38666,1.38702,7634
2026-08-26T14:00:00+00:00,1.38702,1.38885,1.38693,1.38873,6790
2026-08-26T14:30:00+00:00,1.38873,1.38934,1.38815,1.3892,6147
2026-08-26T15:00:00+00:00,1.3892,1.3893499999999999,1.38831,1.38863,5532
2026-08-26T15:30:00+00:00,1.38863,1.38866,1.38773,1.38775,5041
2026-08-26T16:00:00+00:00,1.38775,1.38791,1.38705,1.3872099999999998,3728
2026-08-26T16:30:00+00:00,1.3872099999999998,1.3879599999999999,1.3870599999999997,1.3878,3761
2026-08-26T17:00:00+00:00,1.3878,1.3881099999999997,1.3872399999999998,1.3872599999999997,3678
2026-08-26T17:30:00+00:00,1.3872599999999997,1.3876999999999997,1.38719,1.3874999999999997,3192
2026-08-26T18:00:00+00:00,1.3874999999999997,1.3876799999999998,1.3871599999999997,1.38766,2759
2026-08-26T18:30:00+00:00,1.38766,1.3879499999999998,1.3875499999999998,1.3879,2367
2026-08-26T19:00:00+00:00,1.3879,1.38798,1.38763,1.3876799999999998,2294
2026-08-26T19:30:00+00:00,1.3876799999999998,1.38801,1.3875899999999999,1.3877799999999998,2432
2026-08-26T20:00:00+00:00,1.3877799999999998,1.3880899999999998,1.38774,1.3878599999999999,1410
2026-08-26T20:30:00+00:00,1.3878599999999999,1.3878599999999999,1.3875099999999998,1.3876899999999999,1724
2026-08-26T21:00:00+00:00,1.3876899999999999,1.3876899999999999,1.38682,1.38735,134
2026-08-26T21:30:00+00:00,1.38735,1.38735,1.38699,1.38731,1459
2026-08-26T22:00:00+00:00,1.38731,1.3877,1.38731,1.38763,665
2026-08-26T22:30:00+00:00,1.38763,1.3877,1.38748,1.38759,476
2026-08-26T23:00:00+00:00,1.38759,1.38782,1.3873,1.38776,689
2026-08-26T23:30:00+00:00,1.38776,1.38779,1.38745,1.38748,1437
2026-08-27T00:00:00+00:00,1.38748,1.38812,1.38748,1.38751,6863
2026-08-27T00:30:00+00:00,1.38751,1.38775,1.38727,1.38733,3780
2026-08-27T01:00:00+00:00,1.38733,1.3878300000000001,1.38731,1.3878000000000001,3784
2026-08-27T01:30:00+00:00,1.3878000000000001,1.38795,1.3875,1.38788,3087
2026-08-27T02:00:00+00:00,1.38788,1.3880400000000002,1.38769,1.3880400000000002,2384
2026-08-27T02:30:00+00:00,1.3880400000000002,1.3883100000000002,1.38793,1.38822,3459
2026-08-27T03:00:00+00:00,1.38822,1.38825,1.3880000000000001,1.38822,3244
2026-08-27T03:30:00+00:00,1.38822,1.38847,1.3881700000000001,1.3884,2062
2026-08-27T04:00:00+00:00,1.3884,1.38854,1.3881400000000002,1.38823,2534
2026-08-27T04:30:00+00:00,1.38823,1.38836,1.3881400000000002,1.38819,2559
2026-08-27T05:00:00+00:00,1.38819,1.3884800000000002,1.38803,1.38808,3813
2026-08-27T05:30:00+00:00,1.38808,1.38853,1.38802,1.38847,3537
2026-08-27T06:00:00+00:00,1.38847,1.38862,1.3883400000000001,1.3884,4250
2026-08-27T06:30:00+00:00,1.3884,1.38883,1.3883800000000002,1.38879,5786
2026-08-27T07:00:00+00:00,1.38879,1.3891,1.38859,1.3891,5014
2026-08-27T07:30:00+00:00,1.3891,1.3891200000000001,1.3882100000000002,1.38835,3692
2026-08-27T08:00:00+00:00,1.38835,1.38842,1.38775,1.38835,4564
2026-08-27T08:30:00+00:00,1.38835,1.3885500000000002,1.38792,1.38816,4903
2026-08-27T09:00:00+00:00,1.38816,1.38832,1.3877300000000001,1.38803,5553
2026-08-27T09:30:00+00:00,1.38803,1.38867,1.38802,1.38846,5535
2026-08-27T10:00:00+00:00,1.38846,1.3885,1.38784,1.38793,4402
2026-08-27T10:30:00+00:00,1.38793,1.38879,1.3879000000000001,1.3886100000000001,2951
2026-08-27T11:00:00+00:00,1.3886100000000001,1.38863,1.3875600000000001,1.38757,2690
2026-08-27T11:30:00+00:00,1.38757,1.38786,1.38684,1.3872,5003
2026-08-27T12:00:00+00:00,1.3872,1.3877700000000002,1.38676,1.38703,5578
2026-08-27T12:30:00+00:00,1.38703,1.3873600000000001,1.38669,1.38727,4606
2026-08-27T13:00:00+00:00,1.38727,1.3873900000000001,1.38531,1.38548,6348
2026-08-27T13:30:00+00:00,1.38548,1.3868200000000002,1.38535,1.3861400000000001,7063
2026-08-27T14:00:00+00:00,1.3861400000000001,1.38663,1.38565,1.3861400000000001,8334
2026-08-27T14:30:00+00:00,1.3861400000000001,1.3863100000000002,1.3852900000000001,1.38612,6891
2026-08-27T15:00:00+00:00,1.38612,1.38664,1.38592,1.3862700000000001,6477
2026-08-27T15:30:00+00:00,1.3862700000000001,1.3862800000000002,1.38542,1.38554,5347
2026-08-27T16:00:00+00:00,1.38554,1.38614,1.38544,1.38575,3870
2026-08-27T16:30:00+00:00,1.38575,1.3859299999999999,1.38545,1.38571,4646
2026-08-27T17:00:00+00:00,1.38571,1.38605,1.3856,1.3859,3746
2026-08-27T17:30:00+00:00,1.3859,1.38622,1.38554,1.38563,3699
2026-08-27T18:00:00+00:00,1.38563,1.38607,1.38553,1.38604,3290
2026-08-27T18:30:00+00:00,1.38604,1.38625,1.3857,1.38582,2372
2026-08-27T19:00:00+00:00,1.38582,1.38588,1.38554,1.3856899999999999,2755
2026-08-27T19:30:00+00:00,1.3856899999999999,1.38602,1.38523,1.38547,3681
2026-08-27T20:00:00+00:00,1.38547,1.3855899999999999,1.3853,1.38555,1062
2026-08-27T20:30:00+00:00,1.38555,1.3858599999999999,1.3855,1.3855,1060
2026-08-27T21:00:00+00:00,1.3855,1.38558,1.38498,1.38519,146
2026-08-27T21:30:00+00:00,1.38519,1.38527,1.38485,1.38513,414
2026-08-27T22:00:00+00:00,1.38513,1.38547,1.38513,1.38535,553
2026-08-27T22:30:00+00:00,1.38535,1.38536,1.38504,1.38513,591
2026-08-27T23:00:00+00:00,1.38513,1.38536,1.38504,1.38529,684
2026-08-27T23:30:00+00:00,1.38529,1.38533,1.38504,1.38513,1010
2026-08-28T00:00:00+00:00,1.38513,1.38523,1.38482,1.38513,2738
2026-08-28T00:30:00+00:00,1.38513,1.38519,1.38478,1.38489,2219
2026-08-28T01:00:00+00:00,1.38489,1.38536,1.38483,1.38525,3143
2026-08-28T01:30:00+00:00,1.38525,1.38557,1.38506,1.38545,3452
2026-08-28T02:00:00+00:00,1.38545,1.38555,1.38504,1.38522,2690
2026-08-28T02:30:00+00:00,1.38522,1.38524,1.38476,1.38486,2813
2026-08-28T03:00:00+00:00,1.38486,1.38496,1.38479,1.38487,1983
2026-08-28T03:30:00+00:00,1.38487,1.38518,1.38479,1.38509,1771
2026-08-28T04:00:00+00:00,1.38509,1.38527,1.38505,1.38522,1975
2026-08-28T04:30:00+00:00,1.38522,1.38534,1.38516,1.38525,2048
2026-08-28T05:00:00+00:00,1.38525,1.38546,1.38519,1.38524,2175
2026-08-28T05:30:00+00:00,1.38524,1.38545,1.38502,1.38519,2295
2026-08-28T06:00:00+00:00,1.38519,1.38528,1.38468,1.3847,4527
2026-08-28T06:30:00+00:00,1.3847,1.3853,1.3847,1.3849,4621
2026-08-28T07:00:00+00:00,1.3849,1.38573,1.3849,1.38554,3513
2026-08-28T07:30:00+00:00,1.38554,1.38565,1.38518,1.38535,2895
2026-08-28T08:00:00+00:00,1.38535,1.38569,1.38517,1.38562,3942
2026-08-28T08:30:00+00:00,1.38562,1.38584,1.38544,1.38554,3797
2026-08-28T09:00:00+00:00,1.38554,1.38583,1.38538,1.38573,3652
2026-08-28T09:30:00+00:00,1.38573,1.38589,1.38553,1.38583,2799
2026-08-28T10:00:00+00:00,1.38583,1.3859,1.38488,1.38516,3059
2026-08-28T10:30:00+00:00,1.38516,1.38518,1.38451,1.38452,2737
2026-08-28T11:00:00+00:00,1.38452,1.3853,1.38447,1.38524,3080
2026-08-28T11:30:00+00:00,1.38524,1.38524,1.38474,1.38514,3851
2026-08-28T12:00:00+00:00,1.38514,1.38543,1.38476,1.38536,3688
2026-08-28T12:30:00+00:00,1.38536,1.38605,1.38514,1.38535,5624
2026-08-28T13:00:00+00:00,1.38535,1.38541,1.38484,1.38536,5534
2026-08-28T13:30:00+00:00,1.38536,1.38615,1.3849,1.38606,5442
2026-08-28T14:00:00+00:00,1.38606,1.38968,1.38426,1.38886,16691
2026-08-28T14:30:00+00:00,1.38886,1.38911,1.3877,1.38816,12033
2026-08-28T15:00:00+00:00,1.38816,1.38961,1.38814,1.38941,8349
2026-08-28T15:30:00+00:00,1.38941,1.38991,1.38928,1.3897,7971
2026-08-28T16:00:00+00:00,1.3897,1.39085,1.38969,1.39048,6860
2026-08-28T16:30:00+00:00,1.39048,1.39048,1.38982,1.39019,5542
2026-08-28T17:00:00+00:00,1.39019,1.39057,1.38997,1.39015,4475
2026-08-28T17:30:00+00:00,1.39015,1.39082,1.39014,1.39057,2908
2026-08-28T18:00:00+00:00,1.39057,1.39088,1.39043,1.39061,3564
2026-08-28T18:30:00+00:00,1.39061,1.39099,1.39052,1.3907,3811
2026-08-28T19:00:00+00:00,1.3907,1.39078,1.39005,1.39013,2944
2026-08-28T19:30:00+00:00,1.39013,1.39032,1.38992,1.39028,2427
2026-08-28T20:00:00+00:00,1.39028,1.39075,1.39015,1.39016,1574
2026-08-28T20:30:00+00:00,1.39016,1.39095,1.39001,1.39013,1258
2026-08-30T21:00:00+00:00,1.39084,1.39097,1.39047,1.39097,32
2026-08-30T21:30:00+00:00,1.39097,1.39098,1.39078,1.39098,30
2026-08-30T22:00:00+00:00,1.39098,1.39099,1.39023,1.39062,704
2026-08-30T22:30:00+00:00,1.39062,1.39064,1.39026,1.39041,471
2026-08-30T23:00:00+00:00,1.39041,1.39042,1.39001,1.39016,1142
2026-08-30T23:30:00+00:00,1.39016,1.39018,1.38978,1.38998,1628
2026-08-31T00:00:00+00:00,1.38998,1.39075,1.38964,1.39064,4462
2026-08-31T00:30:00+00:00,1.39064,1.39065,1.38965,1.38988,3651
2026-08-31T01:00:00+00:00,1.38988,1.39034,1.3897,1.38986,6377
2026-08-31T01:30:00+00:00,1.38986,1.38986,1.38895,1.3891499999999999,5609
2026-08-31T02:00:00+00:00,1.3891499999999999,1.38931,1.38885,1.38892,5220
2026-08-31T02:30:00+00:00,1.38892,1.38953,1.38887,1.38906,4618
2026-08-31T03:00:00+00:00,1.38906,1.38914,1.38888,1.38908,3055
2026-08-31T03:30:00+00:00,1.38908,1.38925,1.38901,1.38902,3280
2026-08-31T04:00:00+00:00,1.38902,1.3892,1.38886,1.38916,4531
2026-08-31T04:30:00+00:00,1.38916,1.38918,1.38894,1.38901,3590
2026-08-31T05:00:00+00:00,1.38901,1.38954,1.389,1.38931,2939
2026-08-31T05:30:00+00:00,1.38931,1.38962,1.38921,1.38936,4248
2026-08-31T06:00:00+00:00,1.38936,1.3898,1.38931,1.38967,4091
2026-08-31T06:30:00+00:00,1.38967,1.38986,1.38937,1.38973,2933
2026-08-31T07:00:00+00:00,1.38973,1.39003,1.38918,1.38933,4679
2026-08-31T07:30:00+00:00,1.38933,1.39009,1.38922,1.38929,5221
2026-08-31T08:00:00+00:00,1.38929,1.39012,1.38883,1.39003,5697
2026-08-31T08:30:00+00:00,1.39003,1.39017,1.3898,1.38985,6178
2026-08-31T09:00:00+00:00,1.38985,1.38994,1.38933,1.38951,5197
2026-08-31T09:30:00+00:00,1.38951,1.38973,1.38909,1.38916,5160
2026-08-31T10:00:00+00:00,1.38916,1.38923,1.38862,1.38865,3794
2026-08-31T10:30:00+00:00,1.38865,1.38952,1.38865,1.3895,2903
2026-08-31T11:00:00+00:00,1.3895,1.38959,1.38843,1.3886,3871
2026-08-31T11:30:00+00:00,1.3886,1.38895,1.38835,1.38873,3661
2026-08-31T12:00:00+00:00,1.38873,1.38885,1.38809,1.38828,5562
2026-08-31T12:30:00+00:00,1.38828,1.38873,1.388,1.38805,5766
2026-08-31T13:00:00+00:00,1.38805,1.38836,1.38757,1.3876,4734
2026-08-31T13:30:00+00:00,1.3876,1.38818,1.38716,1.38764,7650
2026-08-31T14:00:00+00:00,1.38764,1.38791,1.38639,1.3871,6770
2026-08-31T14:30:00+00:00,1.3871,1.38713,1.38559,1.38636,9279
2026-08-31T15:00:00+00:00,1.38636,1.38684,1.38617,1.38637,5772
2026-08-31T15:30:00+00:00,1.3863699999999999,1.38647,1.38586,1.3862,4479
2026-08-31T16:00:00+00:00,1.3862,1.38625,1.38588,1.38606,3711
2026-08-31T16:30:00+00:00,1.38606,1.38629,1.38587,1.386,4282
2026-08-31T17:00:00+00:00,1.386,1.38624,1.38554,1.38587,2847
2026-08-31T17:30:00+00:00,1.38587,1.38587,1.38543,1.3857,2953
2026-08-31T18:00:00+00:00,1.3857,1.38596,1.3855,1.38577,3295
2026-08-31T18:30:00+00:00,1.38577,1.38581,1.38544,1.38556,3316
2026-08-31T19:00:00+00:00,1.38556,1.38574,1.38539,1.38571,2710
2026-08-31T19:30:00+00:00,1.38571,1.38601,1.38557,1.38592,2577
2026-08-31T20:00:00+00:00,1.38592,1.38599,1.38568,1.38595,1243
2026-08-31T20:30:00+00:00,1.38595,1.38597,1.38527,1.38536,1548
2026-08-31T21:00:00+00:00,1.38536,1.38561,1.3849,1.38523,391
2026-08-31T21:30:00+00:00,1.38523,1.38541,1.3851,1.38512,648
2026-08-31T22:00:00+00:00,1.38512,1.38572,1.38512,1.38547,387
2026-08-31T22:30:00+00:00,1.38547,1.38555,1.38543,1.38547,532
2026-08-31T23:00:00+00:00,1.38547,1.3857,1.38531,1.38534,889
2026-08-31T23:30:00+00:00,1.38534,1.38551,1.38521,1.38522,1087
2026-09-01T00:00:00+00:00,1.38522,1.38531,1.38449,1.38458,4110
2026-09-01T00:30:00+00:00,1.38458,1.38545,1.38458,1.38543,4376
2026-09-01T01:00:00+00:00,1.38543,1.38634,1.38538,1.3863,4568
2026-09-01T01:30:00+00:00,1.3863,1.3864,1.38592,1.38613,4622
2026-09-01T02:00:00+00:00,1.38613,1.38661,1.38613,1.38623,4131
2026-09-01T02:30:00+00:00,1.38623,1.38648,1.38617,1.38622,3095
2026-09-01T03:00:00+00:00,1.38622,1.38667,1.3862,1.38658,3991
2026-09-01T03:30:00+00:00,1.38658,1.38681,1.38636,1.3868,3418
2026-09-01T04:00:00+00:00,1.3868,1.38702,1.38664,1.38698,1527
2026-09-01T04:30:00+00:00,1.38698,1.38704,1.38661,1.38665,2280
2026-09-01T05:00:00+00:00,1.38665,1.38668,1.38633,1.38648,2231
2026-09-01T05:30:00+00:00,1.38648,1.38669,1.38632,1.38663,4112
2026-09-01T06:00:00+00:00,1.38663,1.38677,1.38596,1.38671,3863
2026-09-01T06:30:00+00:00,1.38671,1.38702,1.38651,1.38669,3846
2026-09-01T07:00:00+00:00,1.38669,1.38698,1.38629,1.38692,5979
2026-09-01T07:30:00+00:00,1.38692,1.38749,1.38686,1.38724,4736
2026-09-01T08:00:00+00:00,1.38724,1.38756,1.38706,1.38731,4513
2026-09-01T08:30:00+00:00,1.38731,1.38767,1.38694,1.3871,4234
2026-09-01T09:00:00+00:00,1.3871,1.38725,1.38684,1.38686,4548
2026-09-01T09:30:00+00:00,1.38686,1.38717,1.3866,1.38693,4570
2026-09-01T10:00:00+00:00,1.38693,1.38758,1.38673,1.38711,5268
2026-09-01T10:30:00+00:00,1.38711,1.38748,1.38703,1.38735,3490
2026-09-01T11:00:00+00:00,1.38735,1.38778,1.38732,1.38761,4390
2026-09-01T11:30:00+00:00,1.38761,1.38825,1.38749,1.38807,4674
2026-09-01T12:00:00+00:00,1.38807,1.38879,1.38774,1.388,5655
2026-09-01T12:30:00+00:00,1.388,1.38846,1.3877,1.38833,4742
2026-09-01T13:00:00+00:00,1.38833,1.38926,1.38814,1.38925,4399
2026-09-01T13:30:00+00:00,1.38925,1.3895,1.38832,1.38867,6862
2026-09-01T14:00:00+00:00,1.38867,1.38947,1.38803,1.38946,7032
2026-09-01T14:30:00+00:00,1.38946,1.39042,1.38889,1.39036,6951
2026-09-01T15:00:00+00:00,1.39036,1.39066,1.38986,1.39007,7149
2026-09-01T15:30:00+00:00,1.39007,1.39057,1.38969,1.39035,5198
2026-09-01T16:00:00+00:00,1.39035,1.39059,1.38978,1.39014,5494
2026-09-01T16:30:00+00:00,1.39014,1.39052,1.38985,1.39049,4072
2026-09-01T17:00:00+00:00,1.39049,1.39066,1.39025,1.39033,4565
2026-09-01T17:30:00+00:00,1.39033,1.39064,1.39005,1.3905,3677
2026-09-01T18:00:00+00:00,1.3905,1.39057,1.38982,1.38988,2953
2026-09-01T18:30:00+00:00,1.38988,1.3901,1.38936,1.38937,3610
2026-09-01T19:00:00+00:00,1.38937,1.38952,1.3892,1.38936,2910
2026-09-01T19:30:00+00:00,1.38936,1.38983,1.38932,1.38968,2818
2026-09-01T20:00:00+00:00,1.38968,1.38979,1.38953,1.38978,1359
2026-09-01T20:30:00+00:00,1.38978,1.38979,1.38949,1.38949,1328
2026-09-01T21:00:00+00:00,1.38949,1.3898,1.3889,1.3898,255
2026-09-01T21:30:00+00:00,1.3898,1.39001,1.38974,1.38998,678
2026-09-01T22:00:00+00:00,1.38998,1.39003,1.38935,1.38958,872
2026-09-01T22:30:00+00:00,1.38958,1.38976,1.38946,1.38948,777
2026-09-01T23:00:00+00:00,1.38948,1.3896,1.38944,1.38959,485
2026-09-01T23:30:00+00:00,1.38959,1.38967,1.38938,1.38959,689
2026-09-02T00:00:00+00:00,1.38959,1.3899,1.38954,1.38977,4675
2026-09-02T00:30:00+00:00,1.38977,1.38994,1.38944,1.3899,4686
2026-09-02T01:00:00+00:00,1.3899,1.39021,1.38962,1.38981,7090
2026-09-02T01:30:00+00:00,1.38981,1.39026,1.38964,1.39015,6437
2026-09-02T02:00:00+00:00,1.39015,1.39117,1.39014,1.39084,7799
2026-09-02T02:30:00+00:00,1.39084,1.391,1.39068,1.39096,4794
2026-09-02T03:00:00+00:00,1.39096,1.39131,1.39076,1.3913,3973
2026-09-02T03:30:00+00:00,1.3913,1.39168,1.39121,1.39153,3388
2026-09-02T04:00:00+00:00,1.39153,1.3922,1.3915,1.39203,4196
2026-09-02T04:30:00+00:00,1.39203,1.39217,1.39184,1.39215,3880
2026-09-02T05:00:00+00:00,1.39215,1.3923,1.39162,1.39162,4299
2026-09-02T05:30:00+00:00,1.39162,1.39165,1.39128,1.39142,5631
2026-09-02T06:00:00+00:00,1.39142,1.39174,1.39104,1.39142,8534
2026-09-02T06:30:00+00:00,1.39142,1.39236,1.39133,1.39231,7379
2026-09-02T07:00:00+00:00,1.39231,1.39272,1.39217,1.3926,7805
2026-09-02T07:30:00+00:00,1.3926,1.39268,1.39223,1.39263,4795
2026-09-02T08:00:00+00:00,1.39263,1.39341,1.39245,1.3934,4875
2026-09-02T08:30:00+00:00,1.3934,1.39367,1.39316,1.3936,5004
2026-09-02T09:00:00+00:00,1.3936,1.39378,1.39329,1.39363,5529
2026-09-02T09:30:00+00:00,1.39363,1.39379,1.39345,1.39368,4251
2026-09-02T10:00:00+00:00,1.39368,1.39398,1.39336,1.39387,3954
2026-09-02T10:30:00+00:00,1.39387,1.39396,1.39305,1.39306,4418
2026-09-02T11:00:00+00:00,1.39306,1.39309,1.39255,1.39303,5630
2026-09-02T11:30:00+00:00,1.39303,1.39307,1.39253,1.39267,4750
2026-09-02T12:00:00+00:00,1.39267,1.39278,1.39107,1.39138,8114
2026-09-02T12:30:00+00:00,1.39138,1.39212,1.39132,1.39168,5719
2026-09-02T13:00:00+00:00,1.39168,1.39196,1.39003,1.39065,8684
2026-09-02T13:30:00+00:00,1.39065,1.39088,1.38682,1.38683,12726
2026-09-02T14:00:00+00:00,1.38683,1.38844,1.38632,1.3879,11382
2026-09-02T14:30:00+00:00,1.3879,1.38798,1.38487,1.38488,14176
2026-09-02T15:00:00+00:00,1.38488,1.38517,1.38397,1.38403,10118
2026-09-02T15:30:00+00:00,1.38403,1.38531,1.38376,1.38515,6736
2026-09-02T16:00:00+00:00,1.38515,1.38574,1.38451,1.3851,5423
2026-09-02T16:30:00+00:00,1.3851,1.38511,1.38432,1.38462,4055
2026-09-02T17:00:00+00:00,1.38462,1.38485,1.38423,1.38463,4162
2026-09-02T17:30:00+00:00,1.38463,1.38492,1.38411,1.38434,4628
2026-09-02T18:00:00+00:00,1.38434,1.38439,1.38376,1.38381,5315
2026-09-02T18:30:00+00:00,1.38381,1.3842,1.38349,1.38412,3236
2026-09-02T19:00:00+00:00,1.38412,1.38432,1.38371,1.38392,2579
2026-09-02T19:30:00+00:00,1.38392,1.38402,1.38366,1.38388,3649
2026-09-02T20:00:00+00:00,1.38388,1.38463,1.38362,1.38459,1763
2026-09-02T20:30:00+00:00,1.38459,1.38462,1.38375,1.38375,1746
2026-09-02T21:00:00+00:00,1.38375,1.38399,1.38341,1.38372,278
2026-09-02T21:30:00+00:00,1.38372,1.38433,1.38371,1.3842,710
2026-09-02T22:00:00+00:00,1.3842,1.38477,1.3842,1.3845,444
2026-09-02T22:30:00+00:00,1.3845,1.38452,1.38432,1.3844,695
2026-09-02T23:00:00+00:00,1.3844,1.38458,1.38433,1.38452,748
2026-09-02T23:30:00+00:00,1.38452,1.38465,1.3844,1.38453,1196
2026-09-03T00:00:00+00:00,1.38453,1.38464,1.38356,1.38366,3551
2026-09-03T00:30:00+00:00,1.38366,1.38397,1.3836,1.38387,3045
2026-09-03T01:00:00+00:00,1.38387,1.38405,1.38356,1.38357,4343
2026-09-03T01:30:00+00:00,1.38357,1.38385,1.38317,1.38366,5492
2026-09-03T02:00:00+00:00,1.38366,1.38389,1.38339,1.3834,5110
2026-09-03T02:30:00+00:00,1.3834,1.38344,1.38265,1.38324,5235
2026-09-03T03:00:00+00:00,1.38324,1.38335,1.38284,1.38321,4445
2026-09-03T03:30:00+00:00,1.38321,1.38338,1.38288,1.38296,4230
2026-09-03T04:00:00+00:00,1.38296,1.38311,1.38287,1.38298,3146
2026-09-03T04:30:00+00:00,1.38298,1.38338,1.3827,1.38319,3255
2026-09-03T05:00:00+00:00,1.38319,1.3834,1.38298,1.38319,3592
2026-09-03T05:30:00+00:00,1.38319,1.38353,1.38316,1.38344,4219
2026-09-03T06:00:00+00:00,1.38344,1.38367,1.38311,1.38339,5729
2026-09-03T06:30:00+00:00,1.38339,1.38339,1.38241,1.38299,7241
2026-09-03T07:00:00+00:00,1.38299,1.38302,1.38221,1.38252,6902
2026-09-03T07:30:00+00:00,1.38252,1.38254,1.38151,1.38178,8424
2026-09-03T08:00:00+00:00,1.38178,1.38187,1.3811,1.38117,7283
2026-09-03T08:30:00+00:00,1.38117,1.38132,1.38036,1.38069,4657
2026-09-03T09:00:00+00:00,1.38069,1.3813,1.38046,1.38118,6028
2026-09-03T09:30:00+00:00,1.38118,1.38139,1.38072,1.38083,4599
2026-09-03T10:00:00+00:00,1.38083,1.38122,1.38071,1.38088,5542
2026-09-03T10:30:00+00:00,1.38088,1.38132,1.38034,1.38044,4870
2026-09-03T11:00:00+00:00,1.38044,1.38079,1.37976,1.3803,5749
2026-09-03T11:30:00+00:00,1.3803,1.38056,1.37926,1.37926,4228
2026-09-03T12:00:00+00:00,1.37926,1.38042,1.37901,1.38019,6016
2026-09-03T12:30:00+00:00,1.38019,1.38019,1.37851,1.37919,9519
2026-09-03T13:00:00+00:00,1.37919,1.38025,1.37891,1.37994,8669
2026-09-03T13:30:00+00:00,1.37994,1.38071,1.3797,1.37984,8584
2026-09-03T14:00:00+00:00,1.37984,1.38027,1.37942,1.37954,7067
2026-09-03T14:30:00+00:00,1.37954,1.38032,1.37883,1.379,9136
2026-09-03T15:00:00+00:00,1.379,1.37902,1.37829,1.37875,8546
2026-09-03T15:30:00+00:00,1.37875,1.37895,1.37826,1.37828,6342
2026-09-03T16:00:00+00:00,1.37828,1.37843,1.37664,1.37664,5159
2026-09-03T16:30:00+00:00,1.37664,1.37741,1.37651,1.3771,4714
2026-09-03T17:00:00+00:00,1.3771,1.37796,1.37706,1.37788,3868
2026-09-03T17:30:00+00:00,1.37788,1.37861,1.3778,1.37854,2740
2026-09-03T18:00:00+00:00,1.37854,1.37872,1.37842,1.37866,3586
2026-09-03T18:30:00+00:00,1.37866,1.37894,1.37862,1.37884,3141
2026-09-03T19:00:00+00:00,1.37884,1.37959,1.37878,1.37946,3590
2026-09-03T19:30:00+00:00,1.37946,1.37955,1.37864,1.37877,3176
2026-09-03T20:00:00+00:00,1.37877,1.37909,1.37829,1.37906,1771
2026-09-03T20:30:00+00:00,1.37906,1.37941,1.37897,1.3794,1625
2026-09-03T21:00:00+00:00,1.3794,1.3794,1.37889,1.37889,4
2026-09-03T21:30:00+00:00,1.37889,1.37905,1.37844,1.37905,77
2026-09-03T22:00:00+00:00,1.37905,1.37948,1.37905,1.37937,587
2026-09-03T22:30:00+00:00,1.37937,1.37939,1.37912,1.37921,499
2026-09-03T23:00:00+00:00,1.37921,1.37924,1.379,1.37914,1012
2026-09-03T23:30:00+00:00,1.37914,1.37918,1.37888,1.37897,2333
2026-09-04T00:00:00+00:00,1.37897,1.37936,1.37885,1.37936,3969
2026-09-04T00:30:00+00:00,1.37936,1.37937,1.37873,1.37898,3781
2026-09-04T01:00:00+00:00,1.37898,1.37936,1.37876,1.37902,5006
2026-09-04T01:30:00+00:00,1.37902,1.37907,1.37869,1.37869,3840
2026-09-04T02:00:00+00:00,1.37869,1.37915,1.37847,1.37903,3337
2026-09-04T02:30:00+00:00,1.37903,1.37915,1.37886,1.37909,3369
2026-09-04T03:00:00+00:00,1.37909,1.37916,1.37894,1.37914,3229
2026-09-04T03:30:00+00:00,1.37914,1.37955,1.37908,1.37924,2673
2026-09-04T04:00:00+00:00,1.37924,1.37926,1.37887,1.37901,3251
2026-09-04T04:30:00+00:00,1.37901,1.37925,1.3789,1.37915,2595
2026-09-04T05:00:00+00:00,1.37915,1.37938,1.3791,1.37922,2452
2026-09-04T05:30:00+00:00,1.37922,1.37924,1.37896,1.37905,2666
2026-09-04T06:00:00+00:00,1.37905,1.37945,1.37879,1.37912,4833
2026-09-04T06:30:00+00:00,1.37912,1.37929,1.37891,1.37922,4324
2026-09-04T07:00:00+00:00,1.37922,1.37984,1.37904,1.37945,4429
2026-09-04T07:30:00+00:00,1.37945,1.38042,1.3794,1.38038,5225
2026-09-04T08:00:00+00:00,1.38038,1.38059,1.37996,1.37996,3342
2026-09-04T08:30:00+00:00,1.37996,1.38051,1.37996,1.38009,4502
2026-09-04T09:00:00+00:00,1.38009,1.38031,1.37997,1.38006,2946
2026-09-04T09:30:00+00:00,1.38006,1.38058,1.38001,1.3804,2834
2026-09-04T10:00:00+00:00,1.3804,1.38047,1.38009,1.38029,2476
2026-09-04T10:30:00+00:00,1.38029,1.38074,1.38018,1.38072,2383
2026-09-04T11:00:00+00:00,1.38072,1.38089,1.38037,1.38088,2863
2026-09-04T11:30:00+00:00,1.38088,1.38091,1.3801,1.3802,3167
2026-09-04T12:00:00+00:00,1.3802,1.3802,1.37911,1.37911,5190
2026-09-04T12:30:00+00:00,1.37911,1.3872,1.37905,1.38665,20213
2026-09-04T13:00:00+00:00,1.38665,1.38718,1.38383,1.38408,12691
2026-09-04T13:30:00+00:00,1.38408,1.38594,1.38363,1.38558,13831
2026-09-04T14:00:00+00:00,1.38558,1.38611,1.38502,1.38528,9474
2026-09-04T14:30:00+00:00,1.38528,1.38567,1.38415,1.38426,9310
2026-09-04T15:00:00+00:00,1.38426,1.38469,1.38344,1.38349,7333
2026-09-04T15:30:00+00:00,1.38349,1.38382,1.38306,1.3836,5214
2026-09-04T16:00:00+00:00,1.3836,1.38397,1.38341,1.38392,4657
2026-09-04T16:30:00+00:00,1.38392,1.38402,1.38361,1.38366,3320
2026-09-04T17:00:00+00:00,1.38366,1.38406,1.38344,1.38363,3703
2026-09-04T17:30:00+00:00,1.38363,1.38407,1.38323,1.38392,3325
2026-09-04T18:00:00+00:00,1.38392,1.38416,1.38369,1.3838,3374
2026-09-04T18:30:00+00:00,1.3838,1.38404,1.38357,1.38393,2722
2026-09-04T19:00:00+00:00,1.38393,1.38393,1.38313,1.38314,1753
2026-09-04T19:30:00+00:00,1.38314,1.38325,1.38272,1.38317,2551
2026-09-04T20:00:00+00:00,1.38317,1.38363,1.38314,1.38362,1026
2026-09-04T20:30:00+00:00,1.38362,1.38395,1.38285,1.38315,1753
2026-09-06T21:00:00+00:00,1.3827099999999999,1.38287,1.38269,1.38285,44
2026-09-06T21:30:00+00:00,1.38285,1.38307,1.38268,1.38304,389
2026-09-06T22:00:00+00:00,1.38304,1.38366,1.38302,1.38355,575
2026-09-06T22:30:00+00:00,1.38355,1.38365,1.38343,1.38352,558
2026-09-06T23:00:00+00:00,1.38352,1.38353,1.38323,1.38331,448
2026-09-06T23:30:00+00:00,1.38331,1.38353,1.38319,1.3835,1498
2026-09-07T00:00:00+00:00,1.3835,1.38385,1.38336,1.38347,4594
2026-09-07T00:30:00+00:00,1.38347,1.38355,1.38295,1.38314,6193
2026-09-07T01:00:00+00:00,1.38314,1.38354,1.38303,1.38314,5277
2026-09-07T01:30:00+00:00,1.38314,1.38375,1.38308,1.38365,4459
2026-09-07T02:00:00+00:00,1.38365,1.38412,1.38355,1.38378,3324
2026-09-07T02:30:00+00:00,1.38378,1.38415,1.38369,1.384,3650
2026-09-07T03:00:00+00:00,1.384,1.38411,1.38372,1.38373,3247
2026-09-07T03:30:00+00:00,1.38373,1.38396,1.38362,1.38363,3170
2026-09-07T04:00:00+00:00,1.38363,1.3837599999999999,1.38358,1.38372,3193
2026-09-07T04:30:00+00:00,1.38372,1.38389,1.38346,1.3835,2435
2026-09-07T05:00:00+00:00,1.3835,1.38373,1.38348,1.38355,2125
2026-09-07T05:30:00+00:00,1.38355,1.38368,1.38306,1.3831,3663
2026-09-07T06:00:00+00:00,1.3831,1.38355,1.38302,1.38311,3948
2026-09-07T06:30:00+00:00,1.38311,1.38348,1.38291,1.38343,3114
2026-09-07T07:00:00+00:00,1.38343,1.38379,1.38323,1.38331,3351
2026-09-07T07:30:00+00:00,1.38331,1.38369,1.38293,1.38299,4031
2026-09-07T08:00:00+00:00,1.38299,1.3831499999999999,1.38187,1.3822699999999999,6604
2026-09-07T08:30:00+00:00,1.3822699999999999,1.38268,1.38205,1.38257,4979
2026-09-07T09:00:00+00:00,1.38257,1.38275,1.38229,1.38255,3056
2026-09-07T09:30:00+00:00,1.38255,1.38262,1.38224,1.38242,2798
2026-09-07T10:00:00+00:00,1.38242,1.38252,1.3819299999999999,1.38198,3209
2026-09-07T10:30:00+00:00,1.38198,1.38205,1.38155,1.38179,2593
2026-09-07T11:00:00+00:00,1.38179,1.38204,1.38152,1.38201,3188
2026-09-07T11:30:00+00:00,1.38201,1.38239,1.38178,1.38216,2215
2026-09-07T12:00:00+00:00,1.38216,1.38224,1.38171,1.38171,2937
2026-09-07T12:30:00+00:00,1.38171,1.3818,1.381,1.38127,3630
2026-09-07T13:00:00+00:00,1.38127,1.38187,1.38102,1.3818,3022
2026-09-07T13:30:00+00:00,1.3818,1.38192,1.38091,1.38097,3057
2026-09-07T14:00:00+00:00,1.38097,1.3810499999999999,1.38049,1.38095,3441
2026-09-07T14:30:00+00:00,1.38095,1.38116,1.38053,1.38074,3536
2026-09-07T15:00:00+00:00,1.38074,1.38116,1.38061,1.38091,3335
2026-09-07T15:30:00+00:00,1.38091,1.3813,1.38088,1.38116,1436
2026-09-07T16:00:00+00:00,1.38116,1.38141,1.3811,1.3812,1274
2026-09-07T16:30:00+00:00,1.3812,1.38124,1.38092,1.38101,899
2026-09-07T17:00:00+00:00,1.38101,1.38126,1.38101,1.38124,587
2026-09-07T17:30:00+00:00,1.38124,1.38135,1.38122,1.38126,365
2026-09-07T18:00:00+00:00,1.38126,1.38153,1.38123,1.38152,365
2026-09-07T18:30:00+00:00,1.38152,1.38162,1.3815,1.38152,273
2026-09-07T19:00:00+00:00,1.38152,1.38176,1.38152,1.38171,223
2026-09-07T19:30:00+00:00,1.38171,1.38178,1.38159,1.38162,307
2026-09-07T20:00:00+00:00,1.38162,1.38169,1.38125,1.38136,601
2026-09-07T20:30:00+00:00,1.38136,1.38143,1.38116,1.3814,650
2026-09-07T21:00:00+00:00,1.3814,1.3814,1.38109,1.38109,1
2026-09-07T22:00:00+00:00,1.38109,1.38141,1.38109,1.38119,471
2026-09-07T22:30:00+00:00,1.38119,1.38135,1.38112,1.38114,724
2026-09-07T23:00:00+00:00,1.38114,1.38118,1.38066,1.38088,1875
2026-09-07T23:30:00+00:00,1.38088,1.38092,1.38042,1.38042,1764
2026-09-08T00:00:00+00:00,1.38042,1.38084,1.3802,1.38059,5347
2026-09-08T00:30:00+00:00,1.38059,1.38092,1.3805,1.38076,3669
2026-09-08T01:00:00+00:00,1.38076,1.38084,1.38003,1.38022,4882
2026-09-08T01:30:00+00:00,1.38022,1.38043,1.38009,1.38009,4871
2026-09-08T02:00:00+00:00,1.38009,1.38069,1.37995,1.38059,5757
2026-09-08T02:30:00+00:00,1.38059,1.38114,1.38059,1.38084,4354
2026-09-08T03:00:00+00:00,1.38084,1.38096,1.38033,1.38047,2865
2026-09-08T03:30:00+00:00,1.38047,1.38059,1.38019,1.38044,3303
2026-09-08T04:00:00+00:00,1.38044,1.38073,1.38031,1.3805,2858
2026-09-08T04:30:00+00:00,1.3805,1.38052,1.38025,1.38028,2251
2026-09-08T05:00:00+00:00,1.38028,1.38032,1.38005,1.38015,3393
2026-09-08T05:30:00+00:00,1.38015,1.38017,1.37918,1.3792,3569
2026-09-08T06:00:00+00:00,1.3792,1.37921,1.37753,1.37876,7187
2026-09-08T06:30:00+00:00,1.37876,1.37976,1.37868,1.37967,5319
2026-09-08T07:00:00+00:00,1.37967,1.37978,1.37883,1.37942,5651
2026-09-08T07:30:00+00:00,1.37942,1.37973,1.37917,1.37955,4725
2026-09-08T08:00:00+00:00,1.37955,1.37987,1.37908,1.37962,5019
2026-09-08T08:30:00+00:00,1.37962,1.38035,1.37941,1.38021,4717
2026-09-08T09:00:00+00:00,1.38021,1.38046,1.37996,1.38037,5342
2026-09-08T09:30:00+00:00,1.38037,1.38063,1.37998,1.38004,5503
2026-09-08T10:00:00+00:00,1.38004,1.3808,1.38004,1.38059,4557
2026-09-08T10:30:00+00:00,1.38059,1.38147,1.38059,1.38115,3450
2026-09-08T11:00:00+00:00,1.38115,1.3812,1.38055,1.38059,4511
2026-09-08T11:30:00+00:00,1.38059,1.38063,1.37982,1.38032,3746
2026-09-08T12:00:00+00:00,1.38032,1.38123,1.38019,1.3804,6106
2026-09-08T12:30:00+00:00,1.3804,1.38087,1.37892,1.37892,6226
2026-09-08T13:00:00+00:00,1.37892,1.3791,1.37751,1.37808,6669
2026-09-08T13:30:00+00:00,1.37808,1.37881,1.37805,1.37857,7559
2026-09-08T14:00:00+00:00,1.37857,1.3786,1.37664,1.37678,7674
2026-09-08T14:30:00+00:00,1.37678,1.37805,1.37596,1.37786,7753
2026-09-08T15:00:00+00:00,1.37786,1.37808,1.37684,1.37757,6756
2026-09-08T15:30:00+00:00,1.37757,1.37815,1.37744,1.37804,5550
2026-09-08T16:00:00+00:00,1.37804,1.37916,1.37802,1.37901,4438
2026-09-08T16:30:00+00:00,1.37901,1.37935,1.37878,1.37883,3901
2026-09-08T17:00:00+00:00,1.37883,1.3789,1.37842,1.37862,3363
2026-09-08T17:30:00+00:00,1.37862,1.37904,1.37829,1.37833,2810
2026-09-08T18:00:00+00:00,1.37833,1.37837,1.37799,1.378,3787
2026-09-08T18:30:00+00:00,1.378,1.37847,1.37764,1.37812,5011
2026-09-08T19:00:00+00:00,1.37812,1.3787,1.3778,1.37859,3916
2026-09-08T19:30:00+00:00,1.37859,1.37864,1.37809,1.37832,4482
2026-09-08T20:00:00+00:00,1.37832,1.37875,1.37799,1.37853,1711
2026-09-08T20:30:00+00:00,1.37853,1.37917,1.37811,1.37827,2687
2026-09-08T21:00:00+00:00,1.37827,1.37832,1.3776,1.37832,190
2026-09-08T21:30:00+00:00,1.37832,1.3786,1.37808,1.37819,879
2026-09-08T22:00:00+00:00,1.37819,1.37858,1.37819,1.37821,556
2026-09-08T22:30:00+00:00,1.37821,1.37846,1.37821,1.37837,581
2026-09-08T23:00:00+00:00,1.37837,1.37838,1.37802,1.37804,857
2026-09-08T23:30:00+00:00,1.37804,1.37809,1.37761,1.37762,1932
2026-09-09T00:00:00+00:00,1.37762,1.3778,1.3774,1.37771,3760
2026-09-09T00:30:00+00:00,1.37771,1.37782,1.37742,1.37742,2698
2026-09-09T01:00:00+00:00,1.37742,1.37824,1.37741,1.37814,3905
2026-09-09T01:30:00+00:00,1.37814,1.37823,1.37768,1.37774,3821
2026-09-09T02:00:00+00:00,1.37774,1.37815,1.37774,1.37812,3906
2026-09-09T02:30:00+00:00,1.37812,1.37812,1.37759,1.37759,3258
2026-09-09T03:00:00+00:00,1.37759,1.37763,1.37738,1.37761,2476
2026-09-09T03:30:00+00:00,1.37761,1.37776,1.37731,1.37758,2629
2026-09-09T04:00:00+00:00,1.37758,1.37761,1.37725,1.3773,2600
2026-09-09T04:30:00+00:00,1.3773,1.3775,1.37727,1.37727,2411
2026-09-09T05:00:00+00:00,1.37727,1.37732,1.37692,1.37705,3499
2026-09-09T05:30:00+00:00,1.37705,1.3775,1.37703,1.37743,3918
2026-09-09T06:00:00+00:00,1.37743,1.37743,1.37693,1.37713,4043
2026-09-09T06:30:00+00:00,1.37713,1.37755,1.37698,1.37702,3848
2026-09-09T07:00:00+00:00,1.37702,1.37744,1.37667,1.37733,3584
2026-09-09T07:30:00+00:00,1.37733,1.37754,1.37703,1.37735,3266
2026-09-09T08:00:00+00:00,1.37735,1.37796,1.37733,1.37771,3771
2026-09-09T08:30:00+00:00,1.37771,1.37793,1.37739,1.37791,3799
2026-09-09T09:00:00+00:00,1.37791,1.3782,1.37772,1.37779,3253
2026-09-09T09:30:00+00:00,1.37779,1.37837,1.37766,1.37824,3049
2026-09-09T10:00:00+00:00,1.37824,1.37869,1.37814,1.37835,3765
2026-09-09T10:30:00+00:00,1.37835,1.37836,1.37788,1.37826,2902
2026-09-09T11:00:00+00:00,1.37826,1.3783,1.37722,1.37724,2739
2026-09-09T11:30:00+00:00,1.37724,1.37744,1.37686,1.37709,4963
2026-09-09T12:00:00+00:00,1.37709,1.37745,1.37659,1.37745,5276
2026-09-09T12:30:00+00:00,1.37745,1.3781,1.3772,1.37783,4571
2026-09-09T13:00:00+00:00,1.37783,1.37848,1.3778,1.37818,4837
2026-09-09T13:30:00+00:00,1.37818,1.37902,1.37818,1.37893,5675
2026-09-09T14:00:00+00:00,1.37893,1.3795,1.37843,1.37925,6266
2026-09-09T14:30:00+00:00,1.37925,1.3801,1.37891,1.37952,6693
2026-09-09T15:00:00+00:00,1.37952,1.38204,1.37924,1.38132,11284
2026-09-09T15:30:00+00:00,1.38132,1.38159,1.38032,1.38066,7287
2026-09-09T16:00:00+00:00,1.38066,1.38096,1.37993,1.38065,5547
2026-09-09T16:30:00+00:00,1.38065,1.38076,1.38002,1.38064,4138
2026-09-09T17:00:00+00:00,1.38064,1.38072,1.38014,1.38018,4859
2026-09-09T17:30:00+00:00,1.38018,1.38055,1.38015,1.38026,2993
2026-09-09T18:00:00+00:00,1.38026,1.38053,1.38014,1.38026,2099
2026-09-09T18:30:00+00:00,1.38026,1.38069,1.38022,1.38057,2869
2026-09-09T19:00:00+00:00,1.38057,1.38103,1.38051,1.38102,2583
2026-09-09T19:30:00+00:00,1.38102,1.38104,1.38049,1.38094,2439
2026-09-09T20:00:00+00:00,1.38094,1.38125,1.38084,1.38099,1117
2026-09-09T20:30:00+00:00,1.38099,1.38099,1.38041,1.38044,1530
2026-09-09T21:00:00+00:00,1.38044,1.38072,1.38,1.38017,105
2026-09-09T21:30:00+00:00,1.38017,1.38017,1.37959,1.3799,942
2026-09-09T22:00:00+00:00,1.3799,1.38042,1.3799,1.38017,769
2026-09-09T22:30:00+00:00,1.38017,1.38024,1.38003,1.38004,726
2026-09-09T23:00:00+00:00,1.38004,1.38019,1.37997,1.38004,696
2026-09-09T23:30:00+00:00,1.38004,1.38058,1.38004,1.38047,994
2026-09-10T00:00:00+00:00,1.38047,1.38079,1.38042,1.38077,3017
2026-09-10T00:30:00+00:00,1.38077,1.38088,1.38049,1.38082,2874
2026-09-10T01:00:00+00:00,1.38082,1.38095,1.38053,1.38095,3796
2026-09-10T01:30:00+00:00,1.38095,1.38119,1.38043,1.38047,3008
2026-09-10T02:00:00+00:00,1.38047,1.38088,1.38038,1.38087,3080
2026-09-10T02:30:00+00:00,1.38087,1.38109,1.38052,1.38052,2846
2026-09-10T03:00:00+00:00,1.38052,1.38089,1.38049,1.38082,2575
2026-09-10T03:30:00+00:00,1.38082,1.38089,1.38066,1.38068,1929
2026-09-10T04:00:00+00:00,1.38068,1.3808,1.38046,1.3806,1930
2026-09-10T04:30:00+00:00,1.3806,1.3809,1.38048,1.38088,1462
2026-09-10T05:00:00+00:00,1.38088,1.38098,1.38066,1.38066,1978
2026-09-10T05:30:00+00:00,1.38066,1.38088,1.38027,1.38029,2836
2026-09-10T06:00:00+00:00,1.38029,1.38104,1.38029,1.38085,2510
2026-09-10T06:30:00+00:00,1.38085,1.38104,1.38068,1.38069,2991
2026-09-10T07:00:00+00:00,1.38069,1.38111,1.3806,1.381,2884
2026-09-10T07:30:00+00:00,1.381,1.38105,1.38067,1.38085,3008
2026-09-10T08:00:00+00:00,1.38085,1.38116,1.38048,1.38066,3129
2026-09-10T08:30:00+00:00,1.38066,1.38083,1.38044,1.3805,2820
2026-09-10T09:00:00+00:00,1.3805,1.38074,1.38011,1.38069,2587
2026-09-10T09:30:00+00:00,1.38069,1.38147,1.38067,1.38098,3341
2026-09-10T10:00:00+00:00,1.38098,1.38132,1.38067,1.38126,3281
2026-09-10T10:30:00+00:00,1.38126,1.38187,1.38123,1.38168,4295
2026-09-10T11:00:00+00:00,1.38168,1.38238,1.38163,1.38196,3682
2026-09-10T11:30:00+00:00,1.38196,1.38213,1.38145,1.38172,3892
2026-09-10T12:00:00+00:00,1.38172,1.38213,1.38122,1.38122,6174
2026-09-10T12:30:00+00:00,1.38122,1.38348,1.38071,1.38259,12371
2026-09-10T13:00:00+00:00,1.38259,1.38319,1.3819,1.38237,10032
2026-09-10T13:30:00+00:00,1.38237,1.38317,1.38145,1.38197,9828
2026-09-10T14:00:00+00:00,1.38197,1.38326,1.38158,1.38288,9215
2026-09-10T14:30:00+00:00,1.38288,1.38319,1.38124,1.38178,7269
2026-09-10T15:00:00+00:00,1.38178,1.38215,1.38096,1.38186,6661
2026-09-10T15:30:00+00:00,1.38186,1.38191,1.38068,1.38071,4175
2026-09-10T16:00:00+00:00,1.38071,1.38141,1.38045,1.38056,4431
2026-09-10T16:30:00+00:00,1.38056,1.38178,1.38056,1.38177,4117
2026-09-10T17:00:00+00:00,1.38177,1.38205,1.38132,1.38167,3360
2026-09-10T17:30:00+00:00,1.38167,1.3826,1.38163,1.38231,2863
2026-09-10T18:00:00+00:00,1.38231,1.38301,1.38226,1.38263,3637
2026-09-10T18:30:00+00:00,1.38263,1.38326,1.38262,1.38292,3474
2026-09-10T19:00:00+00:00,1.38292,1.38337,1.38292,1.3832,3121
2026-09-10T19:30:00+00:00,1.3832,1.38342,1.38304,1.38335,2596
2026-09-10T20:00:00+00:00,1.38335,1.38394,1.38335,1.38391,1271
2026-09-10T20:30:00+00:00,1.38391,1.38391,1.38321,1.38326,1284
2026-09-10T21:00:00+00:00,1.38326,1.38326,1.38218,1.38253,616
2026-09-10T21:30:00+00:00,1.38253,1.38268,1.38235,1.38241,554
2026-09-10T22:00:00+00:00,1.38241,1.38353,1.38241,1.38347,961
2026-09-10T22:30:00+00:00,1.38347,1.38357,1.38337,1.3835,525
2026-09-10T23:00:00+00:00,1.3835,1.38372,1.38343,1.38363,1270
2026-09-10T23:30:00+00:00,1.38363,1.38373,1.38349,1.38351,2363
2026-09-11T00:00:00+00:00,1.38351,1.38369,1.38343,1.38359,4570
2026-09-11T00:30:00+00:00,1.38359,1.38364,1.38343,1.38349,4187
2026-09-11T01:00:00+00:00,1.38349,1.38366,1.38342,1.38355,7904
2026-09-11T01:30:00+00:00,1.38355,1.38385,1.38347,1.38366,8639
2026-09-11T02:00:00+00:00,1.38366,1.38427,1.38363,1.38426,7008
2026-09-11T02:30:00+00:00,1.38426,1.38439,1.38403,1.38412,3962
2026-09-11T03:00:00+00:00,1.38412,1.38455,1.38408,1.38455,5758
2026-09-11T03:30:00+00:00,1.38455,1.38462,1.38423,1.38432,3910
2026-09-11T04:00:00+00:00,1.38432,1.38442,1.38377,1.38385,6050
2026-09-11T04:30:00+00:00,1.38385,1.38408,1.38379,1.38403,5707
2026-09-11T05:00:00+00:00,1.38403,1.38405,1.38374,1.38393,7699
2026-09-11T05:30:00+00:00,1.38393,1.38396,1.38362,1.38368,6577
2026-09-11T06:00:00+00:00,1.38368,1.38422,1.38354,1.38381,6412
2026-09-11T06:30:00+00:00,1.38381,1.38414,1.38365,1.38372,5702
2026-09-11T07:00:00+00:00,1.38372,1.38395,1.38353,1.38364,5690
2026-09-11T07:30:00+00:00,1.38364,1.38396,1.38343,1.38374,4307
2026-09-11T08:00:00+00:00,1.38374,1.38461,1.38351,1.38439,6319
2026-09-11T08:30:00+00:00,1.38439,1.38472,1.38415,1.38467,5668
2026-09-11T09:00:00+00:00,1.38467,1.38484,1.3843,1.38458,5506
2026-09-11T09:30:00+00:00,1.38458,1.38501,1.38457,1.38484,5349
2026-09-11T10:00:00+00:00,1.38484,1.3852,1.3847,1.38508,5366
2026-09-11T10:30:00+00:00,1.38508,1.38605,1.38497,1.38601,5236
2026-09-11T11:00:00+00:00,1.38601,1.38621,1.38593,1.38598,3057
2026-09-11T11:30:00+00:00,1.38598,1.38612,1.38575,1.38595,3964
2026-09-11T12:00:00+00:00,1.38595,1.38638,1.38554,1.38599,5503
2026-09-11T12:30:00+00:00,1.38599,1.38822,1.3857,1.38623,15003
2026-09-11T13:00:00+00:00,1.38623,1.38686,1.38597,1.38631,11911
2026-09-11T13:30:00+00:00,1.38631,1.38726,1.38599,1.38646,11493
2026-09-11T14:00:00+00:00,1.38646,1.38696,1.38595,1.38689,9907
2026-09-11T14:30:00+00:00,1.38689,1.38799,1.38671,1.38734,11487
2026-09-11T15:00:00+00:00,1.38734,1.38838,1.38714,1.38721,7667
2026-09-11T15:30:00+00:00,1.38721,1.3875,1.38654,1.38656,6534
2026-09-11T16:00:00+00:00,1.38656,1.38671,1.38627,1.38636,5792
2026-09-11T16:30:00+00:00,1.38636,1.3867,1.38603,1.38635,4970
2026-09-11T17:00:00+00:00,1.38635,1.38654,1.38608,1.38629,4823
2026-09-11T17:30:00+00:00,1.38629,1.38651,1.38609,1.38647,3438
2026-09-11T18:00:00+00:00,1.38647,1.3865,1.38617,1.38631,4407
2026-09-11T18:30:00+00:00,1.38631,1.38696,1.38628,1.38647,3992
2026-09-11T19:00:00+00:00,1.38647,1.38671,1.38641,1.38666,3001
2026-09-11T19:30:00+00:00,1.38666,1.38708,1.38643,1.38648,2583
2026-09-11T20:00:00+00:00,1.38648,1.38667,1.38631,1.3865,1464
2026-09-11T20:30:00+00:00,1.3865,1.38729,1.38649,1.38688,3064
